JvmtiExport can_access_local_variables 0
JvmtiExport can_hotswap_or_post_breakpoint 0
JvmtiExport can_post_on_exceptions 0
# 510 ciObject found
instanceKlass javafx/scene/CssStyleHelper
ciMethodData java/lang/Object <init> ()V 2 1103743 orig 80 1 0 0 0 0 0 0 0 0 0 0 0 0 0 0 0 0 0 0 0 0 0 0 0 0 0 0 0 0 0 0 0 0 0 0 0 0 0 0 0 0 0 0 0 0 0 0 0 0 0 0 0 0 0 0 0 0 0 0 0 0 0 0 0 0 0 0 0 0 0 0 0 0 0 0 0 0 0 0 0 data 4 0x0 0x9 0x1 0x0 oops 0 methods 0
ciMethodData java/util/AbstractCollection <init> ()V 2 180842 orig 80 0 0 0 0 0 0 0 0 0 0 0 0 49 2 0 0 0 0 0 0 0 0 0 0 0 0 0 0 0 0 0 0 0 0 0 0 0 0 0 0 0 0 0 0 0 0 0 0 0 0 0 0 0 0 0 0 0 0 0 0 0 0 0 0 0 0 0 0 0 0 0 0 0 0 0 0 0 0 0 0 data 7 0x10002 0x2c0c5 0x0 0x0 0x9 0x1 0x0 oops 0 methods 0
ciMethodData java/util/HashMap hash (Ljava/lang/Object;)I 2 53599 orig 80 0 0 0 0 0 0 0 0 0 0 0 0 49 2 0 0 0 0 0 0 0 0 0 0 0 0 0 0 0 0 0 0 0 0 0 0 0 0 0 3 0 0 0 0 0 0 0 0 0 0 0 0 0 0 0 0 0 0 0 0 0 0 0 0 0 0 0 0 0 0 0 0 0 0 0 0 0 0 0 0 data 23 0x8000000600010007 0xd021 0x38 0x30 0x50003 0x30 0x50 0x90005 0x7977 0x0 0x2313b40f440 0x54bb 0x2310a9a6460 0x1ef 0x0 0x0 0x0 0x0 0x0 0x0 0x9 0x1 0xffffffffffffffff oops 2 10 java/lang/String 12 java/lang/module/ModuleDescriptor methods 0
ciMethodData java/util/HashMap putVal (ILjava/lang/Object;Ljava/lang/Object;ZZ)Ljava/lang/Object; 2 23057 orig 80 3 0 0 0 0 0 0 0 0 0 0 0 49 2 0 0 0 0 0 0 4 0 0 6 0 0 0 0 0 0 0 0 0 0 0 0 0 0 0 1 0 0 0 0 0 0 0 0 0 0 0 0 0 0 0 0 0 0 0 0 0 0 0 0 0 0 0 0 0 0 0 0 0 0 0 0 0 0 0 0 data 198 0x70007 0x160c 0x40 0x42e3 0x100007 0x42e3 0x58 0x0 0x140005 0x160c 0x0 0x0 0x0 0x0 0x0 0x2c0007 0x133e 0xa8 0x45b1 0x8000000700380005 0x1e 0x0 0x2317e29ba30 0x3f5b 0x23110827f10 0x63d 0x3b0004 0x0 0x0 0x2310afb82b0 0x3f79 0x2310afbd360 0x63d 0x3c0003 0x45b6 0x410 0x450007 0x129a 0xd0 0xa4 0x510007 0x79 0x98 0x2b 0x550007 0x0 0x90 0x2b 0xffffffff005b0005 0x24 0x0 0x2313b40f440 0x9 0x23110827fc0 0x1 0x5e0007 0x1 0x38 0x2d 0x650003 0xa6 0x2a8 0x6a0004 0xffffffffffffed65 0x0 0x2310afb82b0 0x1f2 0x2310afbd360 0x152 0x6d0007 0x129b 0xa8 0x0 0x720004 0x0 0x0 0x0 0x0 0x0 0x0 0x7b0005 0x0 0x0 0x0 0x0 0x0 0x0 0x800003 0x0 0x1c8 0x8e0007 0x514 0xc8 0x126b 0x980005 0x15 0x0 0x2317e29ba30 0x1076 0x23110827f10 0x1e0 0xa20007 0x126b 0x158 0x0 0xa90005 0x0 0x0 0x0 0x0 0x0 0x0 0xac0003 0x0 0x100 0x8000000600b50007 0x4e4 0xd0 0x31 0xc10007 0x1a 0xc8 0x17 0xc50007 0x0 0x90 0x17 0x8000000400cb0005 0x14 0x0 0x2313b40f440 0x5 0x2313b413120 0x1 0xce0007 0x0 0x38 0x1a 0xd10003 0x1a 0x30 0xdb0003 0x4e4 0xfffffffffffffe68 0xe00007 0x126b 0x98 0xda 0xec0007 0xd7 0x40 0x3 0xf10007 0x3 0x20 0x0 0xfd0005 0x0 0x0 0x2317e29ba30 0xc4 0x23110827f10 0x16 0x11c0007 0x56cb 0x58 0x156 0x1200005 0x156 0x0 0x0 0x0 0x0 0x0 0x1270005 0x33 0x0 0x2317e29ba30 0x4fd1 0x23110827f10 0x81d 0x0 0x0 0x0 0x0 0x0 0x0 0x0 0x0 0x0 0x9 0x6 0x0 0x0 0x0 0x0 0x0 0x0 oops 16 22 java/util/HashMap 24 java/util/LinkedHashMap 29 java/util/HashMap$Node 31 java/util/LinkedHashMap$Entry 51 java/lang/String 53 sun/rmi/transport/tcp/TCPEndpoint 65 java/util/HashMap$Node 67 java/util/LinkedHashMap$Entry 97 java/util/HashMap 99 java/util/LinkedHashMap 130 java/lang/String 132 java/lang/Integer 159 java/util/HashMap 161 java/util/LinkedHashMap 177 java/util/HashMap 179 java/util/LinkedHashMap methods 0
ciMethodData java/util/HashMap put (Ljava/lang/Object;Ljava/lang/Object;)Ljava/lang/Object; 2 13893 orig 80 2 0 0 0 0 0 0 0 0 0 0 0 0 0 0 0 0 0 0 0 0 0 0 0 0 0 0 0 0 0 0 0 0 0 0 0 0 0 0 0 0 0 0 0 0 0 0 0 0 0 0 0 0 0 0 0 0 0 0 0 0 0 0 0 0 0 0 0 0 0 0 0 0 0 0 0 0 0 0 0 data 20 0x20002 0x3447 0x90005 0x3447 0x0 0x0 0x0 0x0 0x0 0x0 0x0 0x0 0x0 0x0 0x0 0x9 0x3 0xffffffffffffffff 0xffffffffffffffff 0xffffffffffffffff oops 0 methods 0
ciMethodData java/util/HashMap getNode (Ljava/lang/Object;)Ljava/util/HashMap$Node; 2 15877 orig 80 2 0 0 0 1 0 0 0 0 0 0 0 0 0 0 0 0 0 0 0 0 0 0 0 0 0 0 0 0 0 0 0 0 0 0 0 0 0 0 2 0 0 0 0 0 0 0 0 0 0 0 0 0 0 0 0 0 0 0 0 0 0 0 0 0 0 0 0 0 0 0 0 0 0 0 0 0 0 0 0 data 103 0x60007 0x519 0x2e8 0x36ed 0xe0007 0x0 0x2c8 0x36ed 0x170002 0x36ed 0x210007 0xef8 0x298 0x27f7 0x2a0007 0xc55 0xb8 0x1ba2 0x350007 0x119c 0x98 0xa06 0x390007 0x0 0x78 0xa06 0x3f0005 0x501 0x0 0x2313b40f440 0x4e8 0x2310afbd2b0 0x1d 0x420007 0x5 0x20 0xa01 0x4e0007 0x53e 0x1c0 0x71c 0x520004 0xfffffffffffff8e4 0x0 0x2310afb82b0 0x56 0x2310afbd360 0x12 0x550007 0x71c 0x90 0x0 0x590004 0x0 0x0 0x0 0x0 0x0 0x0 0x5f0005 0x0 0x0 0x0 0x0 0x0 0x0 0x6a0007 0x341 0xb8 0x580 0x760007 0x4fd 0x98 0x83 0x7a0007 0x0 0x78 0x83 0x800005 0x55 0x0 0x2313b40f440 0x2a 0x2310afbd2b0 0x4 0x8000000600830007 0x3 0x20 0x82 0x910007 0x1a5 0xffffffffffffff48 0x19f 0x0 0x0 0x0 0x0 0x0 0x0 0x9 0x2 0x0 0xffffffffffffffff oops 6 29 java/lang/String 31 java/lang/PublicMethods$Key 44 java/util/HashMap$Node 46 java/util/LinkedHashMap$Entry 81 java/lang/String 83 java/lang/PublicMethods$Key methods 0
ciMethodData java/util/HashMap get (Ljava/lang/Object;)Ljava/lang/Object; 2 81764 orig 80 1 0 0 0 0 0 0 0 0 0 0 0 0 0 0 0 0 0 0 0 0 0 0 0 0 0 0 0 0 0 0 0 0 0 0 0 0 0 0 0 0 0 0 0 0 0 0 0 0 0 0 0 0 0 0 0 0 0 0 0 0 0 0 0 0 0 0 0 0 0 0 0 0 0 0 0 0 0 0 0 data 24 0x20005 0x13d65 0x0 0x0 0x0 0x0 0x0 0x70007 0xe87c 0x38 0x54ea 0xb0003 0x54ea 0x18 0x0 0x0 0x0 0x0 0x0 0x0 0x9 0x2 0x0 0xffffffffffffffff oops 0 methods 0
ciMethodData java/util/AbstractSet <init> ()V 2 77695 orig 80 0 0 0 0 0 0 0 0 0 0 0 0 49 2 0 0 0 0 0 0 0 0 0 0 0 0 0 0 0 0 0 0 0 0 0 0 0 0 0 0 0 0 0 0 0 0 0 0 0 0 0 0 0 0 0 0 0 0 0 0 0 0 0 0 0 0 0 0 0 0 0 0 0 0 0 0 0 0 0 0 data 7 0x10002 0x12e31 0x0 0x0 0x9 0x1 0x0 oops 0 methods 0
ciMethodData java/lang/Object equals (Ljava/lang/Object;)Z 2 39667 orig 80 0 0 0 0 0 0 0 0 0 0 0 0 49 2 0 0 0 0 0 0 0 0 0 0 0 0 0 0 0 0 0 0 0 0 0 0 0 0 0 0 0 0 0 0 0 0 0 0 0 0 0 0 0 0 0 0 0 0 0 0 0 0 0 0 0 0 0 0 0 0 0 0 0 0 0 0 0 0 0 0 data 17 0x20007 0x288c 0x38 0x7089 0x60003 0x7089 0x18 0x0 0x0 0x0 0x0 0x0 0x0 0x9 0x2 0x0 0x0 oops 0 methods 0
ciMethodData java/util/HashMap containsKey (Ljava/lang/Object;)Z 2 30135 orig 80 0 0 0 0 0 0 0 0 0 0 0 0 49 2 0 0 0 0 0 0 0 0 0 0 0 0 0 0 0 0 0 0 0 0 0 0 0 0 0 0 0 0 0 0 0 0 0 0 0 0 0 0 0 0 0 0 0 0 0 0 0 0 0 0 0 0 0 0 0 0 0 0 0 0 0 0 0 0 0 0 data 24 0x20005 0x73eb 0x0 0x0 0x0 0x0 0x0 0x50007 0x2443 0x38 0x4fa8 0x90003 0x4fa8 0x18 0x0 0x0 0x0 0x0 0x0 0x0 0x9 0x2 0x0 0xffffffffffffffff oops 0 methods 0
ciMethodData java/util/AbstractMap <init> ()V 2 35774 orig 80 0 0 0 0 0 0 0 0 0 0 0 0 49 2 0 0 0 0 0 0 0 0 0 0 0 0 0 0 0 0 0 0 0 0 0 0 0 0 0 0 0 0 0 0 0 0 0 0 0 0 0 0 0 0 0 0 0 0 0 0 0 0 0 0 0 0 0 0 0 0 0 0 0 0 0 0 0 0 0 0 data 7 0x10002 0x8ab8 0x0 0x0 0x9 0x1 0x0 oops 0 methods 0
ciMethodData java/util/HashMap <init> ()V 2 22042 orig 80 0 0 0 0 0 0 0 0 0 0 0 0 49 2 0 0 0 0 0 0 0 0 0 0 0 0 0 0 0 0 0 0 0 0 0 0 0 0 0 0 0 0 0 0 0 0 0 0 0 0 0 0 0 0 0 0 0 0 0 0 0 0 0 0 0 0 0 0 0 0 0 0 0 0 0 0 0 0 0 0 data 9 0x10002 0x551a 0x0 0x0 0x0 0x0 0x9 0x1 0x10 oops 0 methods 0
ciMethodData java/util/ArrayList get (I)Ljava/lang/Object; 2 27924 orig 80 0 0 0 0 0 0 0 0 0 0 0 0 49 2 0 0 0 0 0 0 0 0 0 0 0 0 0 0 0 0 0 0 0 0 0 0 0 0 0 0 0 0 0 0 0 0 0 0 0 0 0 0 0 0 0 0 0 0 0 0 0 0 0 0 0 0 0 0 0 0 0 0 0 0 0 0 0 0 0 0 data 19 0x50002 0x6c14 0xb0005 0x0 0x0 0x2313b412750 0x6c14 0x0 0x0 0x0 0x0 0x0 0x0 0x0 0x0 0x9 0x2 0x0 0x0 oops 1 5 java/util/ArrayList methods 0
ciMethodData java/util/Objects checkIndex (II)I 2 43076 orig 80 0 0 0 0 0 0 0 0 0 0 0 0 49 2 0 0 0 0 0 0 0 0 0 0 0 0 0 0 0 0 0 0 0 0 0 0 0 0 0 0 0 0 0 0 0 0 0 0 0 0 0 0 0 0 0 0 0 0 0 0 0 0 0 0 0 0 0 0 0 0 0 0 0 0 0 0 0 0 0 0 data 12 0x30002 0xa744 0x0 0x0 0x0 0x0 0x0 0x0 0x9 0x2 0x0 0x0 oops 0 methods 0
ciMethodData java/util/ArrayList elementData (I)Ljava/lang/Object; 2 33253 orig 80 0 0 0 0 0 0 0 0 0 0 0 0 49 2 0 0 0 0 0 0 0 0 0 0 0 0 0 0 0 0 0 0 0 0 0 0 0 0 0 0 0 0 0 0 0 0 0 0 0 0 0 0 0 0 0 0 0 0 0 0 0 0 0 0 0 0 0 0 0 0 0 0 0 0 0 0 0 0 0 0 data 8 0x0 0x0 0x0 0x0 0x9 0x2 0x0 0x0 oops 0 methods 0
ciMethodData java/util/WeakHashMap hash (Ljava/lang/Object;)I 2 5422 orig 80 0 0 0 0 0 0 0 0 0 0 0 0 49 2 0 0 0 0 0 0 0 0 0 0 0 0 0 0 0 0 0 0 0 0 0 0 0 0 0 0 0 0 0 0 0 0 0 0 0 0 0 0 0 0 0 0 0 0 0 0 0 0 0 0 0 0 0 0 0 0 0 0 0 0 0 0 0 0 0 0 data 17 0x10005 0x3d6 0x0 0x2310a859ac0 0xaf6 0x2310a859b70 0x562 0x0 0x0 0x0 0x0 0x0 0x0 0x9 0x2 0x0 0xffffffffffffffff oops 2 3 java/util/zip/ZipFile$ZipFileInflaterInputStream 5 java/util/zip/ZipFile$ZipFileInputStream methods 0
ciMethodData java/util/WeakHashMap maskNull (Ljava/lang/Object;)Ljava/lang/Object; 2 20492 orig 80 0 0 0 0 0 0 0 0 0 0 0 0 49 2 0 0 0 0 0 0 0 0 0 0 0 0 0 0 0 0 0 0 0 0 0 0 0 0 0 0 0 0 0 0 0 0 0 0 0 0 0 0 0 0 0 0 0 0 0 0 0 0 0 0 0 0 0 0 0 0 0 0 0 0 0 0 0 0 0 0 data 16 0x10007 0x4f0c 0x38 0x0 0x70003 0x0 0x18 0x0 0x0 0x0 0x0 0x0 0x0 0x9 0x1 0x0 oops 0 methods 0
ciMethodData java/util/WeakHashMap getTable ()[Ljava/util/WeakHashMap$Entry; 2 20529 orig 80 0 0 0 0 0 0 0 0 0 0 0 0 49 2 0 0 0 0 0 0 0 0 0 0 0 0 0 0 0 0 0 0 0 0 0 0 0 0 0 0 0 0 0 0 0 0 0 0 0 0 0 0 0 0 0 0 0 0 0 0 0 0 0 0 0 0 0 0 0 0 0 0 0 0 0 0 0 0 0 0 data 16 0x10005 0x4f31 0x0 0x0 0x0 0x0 0x0 0x0 0x0 0x0 0x0 0x0 0x0 0x9 0x1 0xc oops 0 methods 0
ciMethodData java/util/WeakHashMap expungeStaleEntries ()V 2 15927 orig 80 1 0 0 0 0 0 0 0 0 0 0 0 49 2 0 0 0 0 0 0 0 0 0 0 0 0 0 0 0 0 0 0 0 0 0 0 0 0 0 1 0 0 0 0 0 0 0 0 0 0 0 0 0 0 0 0 0 0 0 0 0 0 0 0 0 0 0 0 0 0 0 0 0 0 0 0 0 0 0 0 data 64 0x40005 0x0 0x0 0x23181cfcdf0 0x3d9c 0x0 0x0 0x90007 0x3d38 0x178 0x64 0x140004 0x0 0x0 0x2310a855a10 0x64 0x0 0x0 0x210002 0x64 0x350007 0x0 0xe0 0x66 0x8000000600420007 0x2 0xa8 0x65 0x480007 0x2 0x70 0x63 0x530104 0x0 0x0 0x2310a855a10 0x1c 0x0 0x0 0x540003 0x63 0x18 0x6d0003 0x65 0x30 0x780003 0x2 0xffffffffffffff38 0x7d0003 0x65 0x18 0x870003 0x65 0xfffffffffffffe68 0x0 0x0 0x0 0x0 0x0 0x0 0x0 0x9 0x1 0xc oops 3 3 java/lang/ref/ReferenceQueue 14 java/util/WeakHashMap$Entry 35 java/util/WeakHashMap$Entry methods 0
ciMethodData java/util/WeakHashMap indexFor (II)I 2 21126 orig 80 0 0 0 0 0 0 0 0 0 0 0 0 49 2 0 0 0 0 0 0 0 0 0 0 0 0 0 0 0 0 0 0 0 0 0 0 0 0 0 0 0 0 0 0 0 0 0 0 0 0 0 0 0 0 0 0 0 0 0 0 0 0 0 0 0 0 0 0 0 0 0 0 0 0 0 0 0 0 0 0 data 5 0x0 0x9 0x2 0x0 0x0 oops 0 methods 0
ciMethodData java/lang/ref/Reference refersToImpl (Ljava/lang/Object;)Z 2 14464 orig 80 0 0 0 0 0 0 0 0 0 0 0 0 49 2 0 0 0 0 0 0 0 0 0 0 0 0 0 0 0 0 0 0 0 0 0 0 0 0 0 0 0 0 0 0 0 0 0 0 0 0 0 0 0 0 0 0 0 0 0 0 0 0 0 0 0 0 0 0 0 0 0 0 0 0 0 0 0 0 0 0 data 17 0x20005 0x377c 0x0 0x0 0x0 0x0 0x0 0x0 0x0 0x0 0x0 0x0 0x0 0x9 0x2 0x0 0x0 oops 0 methods 0
ciMethodData java/lang/ref/Reference refersTo (Ljava/lang/Object;)Z 2 21879 orig 80 0 0 0 0 0 0 0 0 0 0 0 0 49 2 0 0 0 0 0 0 0 0 0 0 0 0 0 0 0 0 0 0 0 0 0 0 0 0 0 0 0 0 0 0 0 0 0 0 0 0 0 0 0 0 0 0 0 0 0 0 0 0 0 0 0 0 0 0 0 0 0 0 0 0 0 0 0 0 0 0 data 17 0x20005 0x2bd5 0x0 0x2310a855a10 0x2800 0x2310a82e210 0x9e 0x0 0x0 0x0 0x0 0x0 0x0 0x9 0x2 0x0 0x0 oops 2 3 java/util/WeakHashMap$Entry 5 java/util/logging/LogManager$LoggerWeakRef methods 0
ciMethodData java/util/AbstractList <init> ()V 2 97785 orig 80 0 0 0 0 0 0 0 0 0 0 0 0 49 2 0 0 0 0 0 0 0 0 0 0 0 0 0 0 0 0 0 0 0 0 0 0 0 0 0 0 0 0 0 0 0 0 0 0 0 0 0 0 0 0 0 0 0 0 0 0 0 0 0 0 0 0 0 0 0 0 0 0 0 0 0 0 0 0 0 0 data 9 0x10002 0x17cf8 0x0 0x0 0x0 0x0 0x9 0x1 0x6 oops 0 methods 0
ciMethodData java/util/WeakHashMap matchesKey (Ljava/util/WeakHashMap$Entry;Ljava/lang/Object;)Z 2 9860 orig 80 0 0 0 0 0 0 0 0 0 0 0 0 49 2 0 0 0 0 0 0 0 0 0 0 0 0 0 0 0 0 0 0 0 0 0 0 0 0 0 0 0 0 0 0 0 0 0 0 0 0 0 0 0 0 0 0 0 0 0 0 0 0 0 0 0 0 0 0 0 0 0 0 0 0 0 0 0 0 0 0 data 47 0x20005 0x2582 0x0 0x0 0x0 0x0 0x0 0x50007 0x12 0x20 0x2570 0xb0005 0x0 0x0 0x2310a855a10 0x12 0x0 0x0 0x100007 0x0 0x90 0x12 0x150005 0x3 0x0 0x23181d02160 0xe 0x23181d02210 0x1 0x180007 0x0 0x38 0x12 0x1c0003 0x12 0x18 0x0 0x0 0x0 0x0 0x0 0x0 0x9 0x3 0x0 0x0 0x0 oops 3 14 java/util/WeakHashMap$Entry 25 sun/reflect/generics/reflectiveObjects/ParameterizedTypeImpl 27 javafx/scene/paint/LinearGradient methods 0
ciMethodData java/util/WeakHashMap get (Ljava/lang/Object;)Ljava/lang/Object; 2 7829 orig 80 0 0 0 0 0 0 0 0 0 0 0 0 49 2 0 0 0 0 0 0 0 0 0 0 0 0 0 0 0 0 0 0 0 0 0 0 0 0 0 0 0 0 0 0 0 0 0 0 0 0 0 0 0 0 0 0 0 0 0 0 0 0 0 0 0 0 0 0 0 0 0 0 0 0 0 0 0 0 0 0 data 50 0x10002 0x1d87 0x70005 0x1d87 0x0 0x0 0x0 0x0 0x0 0xc0005 0x1d87 0x0 0x0 0x0 0x0 0x0 0x150002 0x1d87 0x230007 0x9a9 0xb0 0x1424 0x2c0007 0x46 0x78 0x13de 0x330005 0x13de 0x0 0x0 0x0 0x0 0x0 0x360007 0x0 0x20 0x13de 0x460003 0x46 0xffffffffffffff68 0x0 0x0 0x0 0x0 0x0 0x0 0x9 0x2 0xc 0x0 oops 0 methods 0
ciMethodData java/util/WeakHashMap put (Ljava/lang/Object;Ljava/lang/Object;)Ljava/lang/Object; 2 5371 orig 80 0 0 0 0 0 0 0 0 0 0 0 0 49 2 0 0 0 0 0 0 0 0 0 0 0 0 0 0 0 0 0 0 0 0 0 0 0 0 0 0 0 0 0 0 0 0 0 0 0 0 0 0 0 0 0 0 0 0 0 0 0 0 0 0 0 0 0 0 0 0 0 0 0 0 0 0 0 0 0 0 data 76 0x10002 0x142a 0x70005 0x142a 0x0 0x0 0x0 0x0 0x0 0xd0005 0x142a 0x0 0x0 0x0 0x0 0x0 0x170002 0x142a 0x250007 0x140a 0xd0 0x75 0x2f0007 0x55 0x98 0x20 0x360005 0x20 0x0 0x0 0x0 0x0 0x0 0x390007 0x0 0x40 0x20 0x460007 0x0 0x20 0x20 0x590003 0x55 0xffffffffffffff48 0x7f0002 0x140a 0x820004 0x0 0x0 0x2310a855a10 0x140a 0x0 0x0 0x920007 0x1404 0x58 0x6 0x9b0005 0x1 0x0 0x2310ae5c5b0 0x4 0x2311166a6e0 0x1 0x0 0x0 0x0 0x0 0x0 0x0 0x0 0x9 0x3 0x0 0x0 0x0 oops 3 49 java/util/WeakHashMap$Entry 60 java/util/WeakHashMap 62 com/sun/jmx/mbeanserver/MBeanIntrospector$PerInterfaceMap methods 0
ciMethodData java/util/ArrayList <init> ()V 2 29380 orig 80 0 0 0 0 0 0 0 0 0 0 0 0 49 2 0 0 0 0 0 0 0 0 0 0 0 0 0 0 0 0 0 0 0 0 0 0 0 0 0 0 0 0 0 0 0 0 0 0 0 0 0 0 0 0 0 0 0 0 0 0 0 0 0 0 0 0 0 0 0 0 0 0 0 0 0 0 0 0 0 0 data 9 0x10002 0x71c4 0x0 0x0 0x0 0x0 0x9 0x1 0xe oops 0 methods 0
ciMethod javafx/beans/value/ObservableValue getValue ()Ljava/lang/Object; 0 0 1 0 -1
ciMethod javafx/beans/value/WritableValue getValue ()Ljava/lang/Object; 0 0 1 0 -1
ciMethod javafx/beans/property/ObjectPropertyBase get ()Ljava/lang/Object; 512 0 212174 0 128
ciMethod javafx/beans/property/ObjectProperty get ()Ljava/lang/Object; 0 0 1 0 -1
ciMethod com/sun/javafx/util/Logging getCSSLogger ()Lcom/sun/javafx/logging/PlatformLogger; 0 0 2 0 0
ciMethod com/sun/javafx/logging/PlatformLogger getSystemLoggerLevel (Lcom/sun/javafx/logging/PlatformLogger$Level;)Ljava/lang/System$Logger$Level; 0 0 6214 0 -1
ciMethod com/sun/javafx/logging/PlatformLogger getLogger (Ljava/lang/String;)Lcom/sun/javafx/logging/PlatformLogger; 2 0 6 0 -1
ciMethod com/sun/javafx/logging/PlatformLogger isLoggable (Lcom/sun/javafx/logging/PlatformLogger$Level;)Z 0 0 9550 0 0
ciMethod com/sun/javafx/logging/PlatformLogger severe (Ljava/lang/String;)V 0 0 1 0 0
ciMethod com/sun/javafx/logging/PlatformLogger warning (Ljava/lang/String;)V 2 0 1 0 0
ciMethod com/sun/javafx/logging/PlatformLogger fine (Ljava/lang/String;Ljava/lang/Throwable;)V 0 0 1 0 -1
ciMethodData java/util/ArrayList isEmpty ()Z 2 6106 orig 80 0 0 0 0 0 0 0 0 0 0 0 0 49 2 0 0 0 0 0 0 0 0 0 0 0 0 0 0 0 0 0 0 0 0 0 0 0 0 0 0 0 0 0 0 0 0 0 0 0 0 0 0 0 0 0 0 0 0 0 0 0 0 0 0 0 0 0 0 0 0 0 0 0 0 0 0 0 0 0 0 data 13 0x40007 0x1576 0x38 0x164 0x80003 0x164 0x18 0x0 0x0 0x0 0x9 0x1 0x0 oops 0 methods 0
ciMethodData java/util/Collections$UnmodifiableCollection size ()I 2 6409 orig 80 0 0 0 0 0 0 0 0 0 0 0 0 49 2 0 0 0 0 0 0 0 0 0 0 0 0 0 0 0 0 0 0 0 0 0 0 0 0 0 0 0 0 0 0 0 0 0 0 0 0 0 0 0 0 0 0 0 0 0 0 0 0 0 0 0 0 0 0 0 0 0 0 0 0 0 0 0 0 0 0 data 16 0x40005 0x8f 0x0 0x23111669ff0 0xc15 0x2313b412750 0xb64 0x0 0x0 0x0 0x0 0x0 0x0 0x9 0x1 0x0 oops 2 3 com/sun/javafx/css/StyleClassSet 5 java/util/ArrayList methods 0
ciMethodData java/util/AbstractSet hashCode ()I 2 7903 orig 80 0 0 0 0 0 0 0 0 0 0 0 0 49 2 0 0 0 0 0 0 0 0 0 0 0 0 0 0 0 0 0 0 0 0 0 0 0 0 0 0 0 0 0 0 0 0 0 0 0 0 0 0 0 0 0 0 0 0 0 0 0 0 0 0 0 0 0 0 0 0 0 0 0 0 0 0 0 0 0 0 data 48 0x30005 0xd 0x0 0x23111669ff0 0x8f8 0x231106ae890 0x14d6 0x80005 0x0 0x0 0x2311166ae30 0x296c 0x2311166aee0 0x27 0xd0007 0x1ddb 0xc8 0xbb8 0x110005 0x0 0x0 0x2311166ae30 0xb9e 0x2311166aee0 0x1a 0x180007 0x0 0x58 0xbb8 0x1d0005 0x1a 0x0 0x2311166af90 0xa69 0x2311166b040 0x135 0x220003 0xbb8 0xffffffffffffff18 0x0 0x0 0x0 0x0 0x0 0x0 0x9 0x1 0xffffffffffffffff oops 8 3 com/sun/javafx/css/StyleClassSet 5 com/sun/javafx/css/PseudoClassState 10 com/sun/javafx/css/BitSet$1 12 java/util/HashMap$KeyIterator 21 com/sun/javafx/css/BitSet$1 23 java/util/HashMap$KeyIterator 32 javafx/css/StyleClass 34 com/sun/javafx/css/PseudoClassImpl methods 0
ciMethodData java/util/Collections$UnmodifiableList get (I)Ljava/lang/Object; 2 5718 orig 80 0 0 0 0 0 0 0 0 0 0 0 0 49 2 0 0 0 0 0 0 0 0 0 0 0 0 0 0 0 0 0 0 0 0 0 0 0 0 0 0 0 0 0 0 0 0 0 0 0 0 0 0 0 0 0 0 0 0 0 0 0 0 0 0 0 0 0 0 0 0 0 0 0 0 0 0 0 0 0 0 data 17 0x50005 0x0 0x0 0x2313b412750 0x1488 0x231108261a0 0xbc 0x0 0x0 0x0 0x0 0x0 0x0 0x9 0x2 0x0 0x0 oops 2 3 java/util/ArrayList 5 java/util/Arrays$ArrayList methods 0
ciMethodData java/lang/String format (Ljava/lang/String;[Ljava/lang/Object;)Ljava/lang/String; 1 53 orig 80 0 0 0 0 0 0 0 0 0 0 0 0 49 2 0 0 0 0 0 0 0 0 0 0 0 0 0 0 0 0 0 0 0 0 0 0 0 0 0 0 0 0 0 0 0 0 0 0 0 0 0 0 0 0 0 0 0 0 0 0 0 0 0 0 0 0 0 0 0 0 0 0 0 0 0 0 0 0 0 0 data 26 0x40002 0x34 0x90005 0x34 0x0 0x0 0x0 0x0 0x0 0xc0005 0x34 0x0 0x0 0x0 0x0 0x0 0x0 0x0 0x0 0x0 0x0 0x0 0x9 0x2 0xffffffffffffffff 0xffffffffffffffff oops 0 methods 0
ciMethodData java/util/HashMap isEmpty ()Z 2 6028 orig 80 0 0 0 0 0 0 0 0 0 0 0 0 49 2 0 0 0 0 0 0 0 0 0 0 0 0 0 0 0 0 0 0 0 0 0 0 0 0 0 0 0 0 0 0 0 0 0 0 0 0 0 0 0 0 0 0 0 0 0 0 0 0 0 0 0 0 0 0 0 0 0 0 0 0 0 0 0 0 0 0 data 13 0x40007 0x14c8 0x38 0x1bd 0x80003 0x1bd 0x18 0x0 0x0 0x0 0x9 0x1 0x0 oops 0 methods 0
ciMethod javafx/stage/Window getScene ()Ljavafx/scene/Scene; 46 0 136 0 -1
ciMethod javafx/css/Styleable getStyleableParent ()Ljavafx/css/Styleable; 0 0 1 0 -1
ciMethod javafx/css/Styleable getPseudoClassStates ()Ljavafx/collections/ObservableSet; 0 0 1 0 -1
ciMethod javafx/scene/Node getParent ()Ljavafx/scene/Parent; 514 0 149170 0 192
ciMethod javafx/scene/Node getSubScene ()Ljavafx/scene/SubScene; 262 0 131 0 0
ciMethod javafx/scene/Node getScene ()Ljavafx/scene/Scene; 514 0 114136 0 224
ciMethod javafx/scene/Node getStyleableParent ()Ljavafx/css/Styleable; 548 0 9089 0 -1
ciMethod javafx/scene/Node getCssMetaData ()Ljava/util/List; 102 0 51 0 -1
ciMethod javafx/scene/Node reapplyCSS ()V 530 0 4767 0 -1
ciMethod javafx/css/StyleableProperty applyStyle (Ljavafx/css/StyleOrigin;Ljava/lang/Object;)V 0 0 1 0 -1
ciMethod javafx/css/StyleableProperty getStyleOrigin ()Ljavafx/css/StyleOrigin; 0 0 1 0 -1
ciMethod javafx/scene/SubScene getRoot ()Ljavafx/scene/Parent; 0 0 1 0 -1
ciMethod com/sun/javafx/css/PseudoClassState <init> ()V 514 0 37612 0 0
ciMethod com/sun/javafx/css/PseudoClassState hashCode ()I 512 0 16868 0 96
ciMethod com/sun/javafx/css/PseudoClassState retainAll (Ljava/util/Collection;)Z 524 0 10374 0 0
ciMethod com/sun/javafx/css/PseudoClassState addAll (Ljava/util/Collection;)Z 518 0 17597 0 96
ciMethod com/sun/javafx/css/BitSet <init> ()V 600 0 57010 0 0
ciMethod com/sun/javafx/css/BitSet iterator ()Ljava/util/Iterator; 578 0 13715 0 -1
ciMethod com/sun/javafx/css/BitSet add (Ljava/lang/Object;)Z 524 0 15025 0 -1
ciMethod com/sun/javafx/css/BitSet addAll (Ljava/util/Collection;)Z 518 116 9230 0 -1
ciMethod com/sun/javafx/css/BitSet retainAll (Ljava/util/Collection;)Z 524 16 11687 0 -1
ciMethod com/sun/javafx/css/BitSet hashCode ()I 550 0 21801 0 0
ciMethod com/sun/javafx/css/BitSet getT (I)Ljava/lang/Object; 0 0 1 0 -1
ciMethod com/sun/javafx/css/BitSet notifyObservers (Ljava/lang/Object;Z)V 0 0 956 0 -1
ciMethod javafx/scene/text/Font getDefaultSystemFontSize ()F 2 0 1 0 -1
ciMethod javafx/scene/text/Font getDefault ()Ljavafx/scene/text/Font; 362 0 7262 0 448
ciMethod javafx/scene/text/Font getSize ()D 256 0 128 0 0
ciMethod javafx/scene/text/Font <init> (Ljava/lang/String;D)V 2 0 1 0 -1
ciMethod javafx/scene/Scene getRoot ()Ljavafx/scene/Parent; 516 0 12223 0 0
ciMethod com/sun/javafx/css/StyleManager getInstance ()Lcom/sun/javafx/css/StyleManager; 524 0 10474 0 64
ciMethod com/sun/javafx/css/StyleManager getCacheContainer (Ljavafx/css/Styleable;Ljavafx/scene/SubScene;)Lcom/sun/javafx/css/StyleManager$CacheContainer; 522 0 7448 0 1696
ciMethod com/sun/javafx/css/StyleManager getSharedCache (Ljavafx/css/Styleable;Ljavafx/scene/SubScene;Lcom/sun/javafx/css/StyleCache$Key;)Lcom/sun/javafx/css/StyleCache; 218 0 2761 0 0
ciMethod com/sun/javafx/css/StyleManager getStyleMap (Ljavafx/css/Styleable;Ljavafx/scene/SubScene;I)Lcom/sun/javafx/css/StyleMap; 558 0 6452 0 0
ciMethod com/sun/javafx/css/StyleManager getErrors ()Ljavafx/collections/ObservableList; 0 0 1 0 0
ciMethod com/sun/javafx/collections/SetListenerHelper hasListeners (Lcom/sun/javafx/collections/SetListenerHelper;)Z 542 0 21731 0 -1
ciMethodData com/sun/javafx/css/BitSet <init> ()V 2 57010 orig 80 0 0 0 0 0 0 0 0 0 0 0 0 49 2 0 0 0 0 0 0 0 0 0 0 0 0 0 0 0 0 0 0 0 0 0 0 0 0 0 0 0 0 0 0 0 0 0 0 0 0 0 0 0 0 0 0 0 0 0 0 0 0 0 0 0 0 0 0 0 0 0 0 0 0 0 0 0 0 0 0 data 9 0x10002 0xdd86 0x0 0x0 0x0 0x0 0x9 0x1 0x6 oops 0 methods 0
ciMethodData com/sun/javafx/css/PseudoClassState <init> ()V 2 37612 orig 80 0 0 0 0 0 0 0 0 0 0 0 0 49 2 0 0 0 0 0 0 0 0 0 0 0 0 0 0 0 0 0 0 0 0 0 0 0 0 0 0 0 0 0 0 0 0 0 0 0 0 0 0 0 0 0 0 0 0 0 0 0 0 0 0 0 0 0 0 0 0 0 0 0 0 0 0 0 0 0 0 data 7 0x10002 0x91eb 0x0 0x0 0x9 0x1 0x0 oops 0 methods 0
ciMethod javafx/css/ParsedValue getValue ()Ljava/lang/Object; 264 0 132 0 -1
ciMethod javafx/css/StyleConverter convert (Ljava/util/Map;)Ljava/lang/Object; 0 0 1 0 -1
ciMethodData com/sun/javafx/css/BitSet hashCode ()I 2 21801 orig 80 0 0 0 0 0 0 0 0 0 0 0 0 49 2 0 0 0 0 0 0 0 0 0 0 0 0 0 0 0 0 0 0 0 0 0 0 0 0 0 0 0 0 0 0 0 0 0 0 0 0 0 0 0 0 0 0 0 0 0 0 0 0 0 0 0 0 0 0 0 0 0 0 0 0 0 0 0 0 0 0 data 7 0x10002 0x5416 0x0 0x0 0x9 0x1 0x0 oops 0 methods 0
ciMethodData com/sun/javafx/util/Logging getCSSLogger ()Lcom/sun/javafx/logging/PlatformLogger; 1 2 orig 80 0 0 0 0 0 0 0 0 0 0 0 0 49 2 0 0 0 0 0 0 0 0 0 0 0 0 0 0 0 0 0 0 0 0 0 0 0 0 0 0 0 0 0 0 0 0 0 0 0 0 0 0 0 0 0 0 0 0 0 0 0 0 0 0 0 0 0 0 0 0 0 0 0 0 0 0 0 0 0 0 data 14 0x30007 0x1 0x30 0x1 0x80002 0x1 0x0 0x0 0x0 0x0 0x0 0x0 0x9 0x0 oops 0 methods 0
ciMethodData com/sun/javafx/logging/PlatformLogger isLoggable (Lcom/sun/javafx/logging/PlatformLogger$Level;)Z 2 9630 orig 80 0 0 0 0 0 0 0 0 0 0 0 0 49 2 0 0 0 0 0 0 0 0 0 0 0 0 0 0 0 0 0 0 0 0 0 0 0 0 0 0 0 0 0 0 0 0 0 0 0 0 0 0 0 0 0 0 0 0 0 0 0 0 0 0 0 0 0 0 0 0 0 0 0 0 0 0 0 0 0 0 data 30 0x10007 0x259e 0x30 0x0 0x80002 0x0 0x120005 0x259e 0x0 0x0 0x0 0x0 0x0 0x150005 0x0 0x0 0x23110827390 0x259e 0x0 0x0 0x0 0x0 0x0 0x0 0x0 0x0 0x9 0x2 0x0 0x0 oops 1 16 sun/util/logging/internal/LoggingProviderImpl$JULWrapper methods 0
ciMethodData com/sun/javafx/logging/PlatformLogger severe (Ljava/lang/String;)V 1 0 orig 80 0 0 0 0 0 0 0 0 0 0 0 0 49 2 0 0 0 0 0 0 0 0 0 0 0 0 0 0 0 0 0 0 0 0 0 0 0 0 0 0 0 0 0 0 0 0 0 0 0 0 0 0 0 0 0 0 0 0 0 0 0 0 0 0 0 0 0 0 0 0 0 0 0 0 0 0 0 0 0 0 data 28 0x40007 0x0 0x20 0x0 0x110004 0x0 0x0 0x0 0x0 0x0 0x0 0x140005 0x0 0x0 0x0 0x0 0x0 0x0 0x0 0x0 0x0 0x0 0x0 0x0 0x9 0x2 0x0 0xffffffffffffffff oops 0 methods 0
ciMethod javafx/css/converter/FontConverter getInstance ()Ljavafx/css/StyleConverter; 544 0 34965 0 -1
ciMethod javafx/css/CssMetaData isSettable (Ljavafx/css/Styleable;)Z 0 0 1 0 -1
ciMethod javafx/css/CssMetaData getStyleableProperty (Ljavafx/css/Styleable;)Ljavafx/css/StyleableProperty; 0 0 1 0 -1
ciMethod javafx/css/CssMetaData getProperty ()Ljava/lang/String; 378 0 189 0 0
ciMethod javafx/css/CssMetaData getConverter ()Ljavafx/css/StyleConverter; 256 0 128 0 -1
ciMethod javafx/css/CssMetaData getInitialValue (Ljavafx/css/Styleable;)Ljava/lang/Object; 0 0 1 0 -1
ciMethod javafx/css/CssMetaData getSubProperties ()Ljava/util/List; 276 0 138 0 -1
ciMethod javafx/css/CssMetaData isInherits ()Z 256 0 128 0 -1
ciMethodData javafx/beans/property/ObjectPropertyBase get ()Ljava/lang/Object; 2 212196 orig 80 0 0 0 0 0 0 0 0 0 0 0 0 49 2 0 0 0 0 0 0 0 0 0 0 0 0 0 0 0 0 0 0 0 0 0 0 0 0 0 0 0 0 0 0 0 0 0 0 0 0 0 0 0 0 0 0 0 0 0 0 0 0 0 0 0 0 0 0 0 0 0 0 0 0 0 0 0 0 0 0 data 23 0x90007 0x153f 0x38 0x326a5 0x100003 0x326a5 0x50 0x170005 0x22c 0x0 0x2313bbc5330 0x51b 0x2313bbc53e0 0xdf8 0x0 0x0 0x0 0x0 0x0 0x0 0x9 0x1 0x0 oops 2 10 javafx/scene/control/Labeled$14 12 javafx/scene/control/Labeled$6 methods 0
ciMethod javafx/scene/CssStyleHelper getStyleMap (Ljavafx/css/Styleable;)Lcom/sun/javafx/css/StyleMap; 530 0 18730 0 0
ciMethod javafx/scene/CssStyleHelper getTransitionStates (Ljavafx/scene/Node;)[Ljava/util/Set; 516 3464 2185 0 1760
ciMethod javafx/scene/CssStyleHelper transitionToState (Ljavafx/scene/Node;)V 216 8250 2753 0 -1
ciMethod javafx/scene/CssStyleHelper getStyle (Ljavafx/css/Styleable;Ljava/lang/String;Lcom/sun/javafx/css/StyleMap;Ljava/util/Set;)Lcom/sun/javafx/css/CascadingStyle; 514 4 42986 0 -1
ciMethod javafx/scene/CssStyleHelper lookup (Ljavafx/css/Styleable;Ljavafx/css/CssMetaData;Lcom/sun/javafx/css/StyleMap;Ljava/util/Set;Ljavafx/css/Styleable;Lcom/sun/javafx/css/CalculatedValue;)Lcom/sun/javafx/css/CalculatedValue; 544 156 34960 0 -1
ciMethod javafx/scene/CssStyleHelper handleNoStyleFound (Ljavafx/css/Styleable;Ljavafx/css/CssMetaData;Lcom/sun/javafx/css/StyleMap;Ljava/util/Set;Ljavafx/css/Styleable;Lcom/sun/javafx/css/CalculatedValue;)Lcom/sun/javafx/css/CalculatedValue; 532 0 8142 0 -1
ciMethod javafx/scene/CssStyleHelper getInheritedStyle (Ljavafx/css/Styleable;Ljava/lang/String;)Lcom/sun/javafx/css/CascadingStyle; 6 0 9 0 -1
ciMethod javafx/scene/CssStyleHelper formatExceptionMessage (Ljavafx/css/Styleable;Ljavafx/css/CssMetaData;Ljavafx/css/Style;Ljava/lang/Exception;)Ljava/lang/String; 0 0 1 0 -1
ciMethod javafx/scene/CssStyleHelper calculateValue (Lcom/sun/javafx/css/CascadingStyle;Ljavafx/css/Styleable;Ljavafx/css/CssMetaData;Lcom/sun/javafx/css/StyleMap;Ljava/util/Set;Ljavafx/css/Styleable;Lcom/sun/javafx/css/CalculatedValue;)Lcom/sun/javafx/css/CalculatedValue; 20 0 2434 0 -1
ciMethod javafx/scene/CssStyleHelper getCachedFont (Ljavafx/css/Styleable;)Lcom/sun/javafx/css/CalculatedValue; 466 0 4326 0 0
ciMethod javafx/scene/CssStyleHelper getFontPosture (Ljavafx/scene/text/Font;)Ljavafx/scene/text/FontPosture; 514 0 2541 0 -1
ciMethod javafx/scene/CssStyleHelper getFontWeight (Ljavafx/scene/text/Font;)Ljavafx/scene/text/FontWeight; 516 0 2463 0 -1
ciMethod javafx/scene/CssStyleHelper getFontFamily (Ljavafx/scene/text/Font;)Ljava/lang/String; 514 0 2541 0 -1
ciMethod javafx/scene/CssStyleHelper deriveFont (Ljavafx/scene/text/Font;Ljava/lang/String;Ljavafx/scene/text/FontWeight;Ljavafx/scene/text/FontPosture;D)Ljavafx/scene/text/Font; 196 0 891 0 -1
ciMethod javafx/scene/CssStyleHelper lookupFont (Ljavafx/css/Styleable;Ljava/lang/String;Lcom/sun/javafx/css/StyleMap;Lcom/sun/javafx/css/CalculatedValue;)Lcom/sun/javafx/css/CalculatedValue; 20 2 2610 0 0
ciMethod javafx/scene/CssStyleHelper lookupInheritedFontProperty (Ljavafx/css/Styleable;Ljava/lang/String;Lcom/sun/javafx/css/StyleMap;ILcom/sun/javafx/css/CascadingStyle;)Lcom/sun/javafx/css/CascadingStyle; 286 894 1363 0 -1
ciMethodData javafx/scene/Node getParent ()Ljavafx/scene/Parent; 2 149170 orig 80 0 0 0 0 0 0 0 0 0 0 0 0 49 2 0 0 0 0 0 0 0 0 0 0 0 0 0 0 0 0 0 0 0 0 0 0 0 0 0 0 0 0 0 0 0 0 0 0 0 0 0 0 0 0 0 0 0 0 0 0 0 0 0 0 0 0 0 0 0 0 0 0 0 0 0 0 0 0 0 0 data 30 0x40007 0x204f8 0x38 0x40b9 0x80003 0x40b9 0x88 0xf0005 0x0 0x0 0x2310c0cd200 0x204f8 0x0 0x0 0x120104 0x0 0x0 0x2310c0cd2b0 0x2706 0x2317e29bc40 0xa421 0x0 0x0 0x0 0x0 0x0 0x0 0x9 0x1 0x0 oops 3 10 javafx/scene/Node$2 17 javafx/scene/layout/HBox 19 javafx/scene/layout/VBox methods 0
ciMethod com/sun/javafx/css/StyleManager$CacheContainer <init> ()V 6 0 9 0 0
ciMethod com/sun/javafx/css/StyleManager$CacheContainer getStyleCache ()Ljava/util/Map; 476 0 2921 0 0
ciMethod com/sun/javafx/css/StyleManager$CacheContainer getStyleMapList ()Ljava/util/List; 512 0 14326 0 0
ciMethod com/sun/javafx/css/StyleManager$CacheContainer getStyleMap (I)Lcom/sun/javafx/css/StyleMap; 512 0 6984 0 768
ciMethod com/sun/javafx/css/StyleMap isEmpty ()Z 530 0 10455 0 224
ciMethod com/sun/javafx/css/CascadingStyle getOrigin ()Ljavafx/css/StyleOrigin; 256 0 4241 0 -1
ciMethod com/sun/javafx/css/CascadingStyle getParsedValue ()Ljavafx/css/ParsedValue; 102 0 7343 0 -1
ciMethod com/sun/javafx/css/CascadingStyle compareTo (Lcom/sun/javafx/css/CascadingStyle;)I 4 0 917 0 -1
ciMethod javafx/scene/CssStyleHelper$CacheContainer getStyleMap (Ljavafx/css/Styleable;)Lcom/sun/javafx/css/StyleMap; 544 0 6452 0 2464
ciMethod com/sun/javafx/css/StyleCache$Key <init> ([II)V 314 0 1139 0 0
ciMethod com/sun/javafx/css/StyleCache$Key <init> (Lcom/sun/javafx/css/StyleCache$Key;)V 146 0 264 0 0
ciMethod com/sun/javafx/css/StyleCache$Key hashCode ()I 512 1478 3195 0 0
ciMethod com/sun/javafx/css/StyleCache$Key equals (Ljava/lang/Object;)Z 510 2106 2667 0 0
ciMethodData javafx/scene/Node getScene ()Ljavafx/scene/Scene; 2 114146 orig 80 0 0 0 0 0 0 0 0 0 0 0 0 49 2 0 0 0 0 0 0 0 0 0 0 0 0 0 0 0 0 0 0 0 0 0 0 0 0 0 0 0 0 0 0 0 0 0 0 0 0 0 0 0 0 0 0 0 0 0 0 0 0 0 0 0 0 0 0 0 0 0 0 0 0 0 0 0 0 0 0 data 23 0x40005 0x0 0x0 0x2310ae5f320 0x1bce1 0x0 0x0 0x70104 0x0 0x0 0x2310ae5ae20 0x1a22e 0x2310ae5f800 0xe0 0x0 0x0 0x0 0x0 0x0 0x0 0x9 0x1 0x0 oops 3 3 javafx/scene/Node$ReadOnlyObjectWrapperManualFire 10 javafx/scene/Scene 12 javafx/scene/Scene$2$1 methods 0
ciMethodData com/sun/javafx/css/PseudoClassState addAll (Ljava/util/Collection;)Z 2 17597 orig 80 0 0 0 0 0 0 0 0 0 0 0 0 49 2 0 0 0 0 0 0 0 0 0 0 0 0 0 0 0 0 0 0 0 0 0 0 0 0 0 0 0 0 0 0 0 0 0 0 0 0 0 0 0 0 0 0 0 0 0 0 0 0 0 0 0 0 0 0 0 0 0 0 0 0 0 0 0 0 0 0 data 8 0x20002 0x43ba 0x0 0x0 0x9 0x2 0x0 0x0 oops 0 methods 0
ciMethodData com/sun/javafx/css/BitSet addAll (Ljava/util/Collection;)Z 2 9230 orig 80 1 0 0 0 0 0 0 0 0 0 0 0 49 2 0 0 0 0 0 0 0 0 0 0 4 0 0 0 0 0 0 0 0 0 0 0 0 0 0 0 0 0 0 0 0 0 0 0 0 0 0 0 0 0 0 0 0 0 0 0 0 0 0 0 0 0 0 0 0 0 0 0 0 0 0 0 0 0 0 0 data 180 0x10005 0x230b 0x0 0x0 0x0 0x0 0x0 0x50005 0x709 0x0 0x23110829190 0xd15 0x231106ae890 0xeed 0xa0007 0x1316 0x138 0xff5 0x100005 0x0 0x0 0x23110829190 0xff5 0x0 0x0 0x170005 0x0 0x0 0x23110829240 0x1318 0x0 0x0 0x1c0007 0xff5 0xa8 0x323 0x200005 0x0 0x0 0x23110829240 0x323 0x0 0x0 0x2b0005 0x0 0x0 0x231106ae890 0x323 0x0 0x0 0x300003 0x323 0xffffffffffffff38 0x380004 0x0 0x0 0x231106ae890 0x1316 0x0 0x0 0x560007 0xf1a 0x38 0x3fc 0x5b0003 0x3fc 0x18 0x640007 0xe77 0x38 0x49f 0x6b0003 0x49f 0x18 0x80000008007a0007 0x131a 0x100 0x4a3 0x820007 0x3fc 0x90 0xa7 0x8a0007 0x29 0x70 0x7e 0xa90007 0x60 0x38 0x1e 0xad0003 0x1e 0x18 0xb30003 0x7e 0x50 0xbb0007 0x3fc 0x38 0x29 0xcc0003 0x29 0x18 0xde0003 0x4a3 0xffffffffffffff18 0xe20007 0xf00 0x1e0 0x41a 0xe90002 0x41a 0xec0007 0x41a 0x1b0 0x0 0xf60007 0x0 0x190 0x0 0x1010007 0x0 0x58 0x0 0x1090007 0x0 0x38 0x0 0x11d0003 0x0 0x50 0x1250007 0x0 0x38 0x0 0x1280003 0x0 0xe0 0x1390007 0x0 0xc8 0x0 0x14a0007 0x0 0x90 0x0 0x1560005 0x0 0x0 0x0 0x0 0x0 0x0 0x15f0005 0x0 0x0 0x0 0x0 0x0 0x0 0x1650003 0x0 0xffffffffffffff50 0x16b0003 0x0 0xfffffffffffffe88 0x0 0x0 0x0 0x0 0x0 0x0 0x0 0x0 0x0 0x0 0x9 0x2 0x0 0x0 oops 7 10 java/util/Collections$UnmodifiableSet 12 com/sun/javafx/css/PseudoClassState 21 java/util/Collections$UnmodifiableSet 28 java/util/Collections$UnmodifiableCollection$1 39 java/util/Collections$UnmodifiableCollection$1 46 com/sun/javafx/css/PseudoClassState 56 com/sun/javafx/css/PseudoClassState methods 0
ciMethod com/sun/javafx/css/StyleCache <init> ()V 146 0 264 0 0
ciMethod com/sun/javafx/css/StyleCache getStyleCacheEntry (Lcom/sun/javafx/css/StyleCacheEntry$Key;)Lcom/sun/javafx/css/StyleCacheEntry; 222 0 2767 0 0
ciMethod com/sun/javafx/css/StyleCache addStyleCacheEntry (Lcom/sun/javafx/css/StyleCacheEntry$Key;Lcom/sun/javafx/css/StyleCacheEntry;)V 100 0 530 0 0
ciMethod com/sun/javafx/css/StyleCacheEntry$Key <init> ([Ljava/util/Set;Ljavafx/scene/text/Font;)V 528 1528 3508 0 1312
ciMethod com/sun/javafx/css/StyleCacheEntry$Key hashCode (D)I 478 0 3433 0 0
ciMethod com/sun/javafx/css/StyleCacheEntry$Key hashCode ()I 516 1388 3735 0 384
ciMethod com/sun/javafx/css/StyleCacheEntry$Key equals (Ljava/lang/Object;)Z 512 1372 4002 0 3040
ciMethod com/sun/javafx/css/CalculatedValue <init> (Ljava/lang/Object;Ljavafx/css/StyleOrigin;Z)V 58 0 7501 0 0
ciMethod com/sun/javafx/css/CalculatedValue getValue ()Ljava/lang/Object; 256 0 128 0 0
ciMethod com/sun/javafx/css/CalculatedValue getOrigin ()Ljavafx/css/StyleOrigin; 258 0 129 0 0
ciMethod com/sun/javafx/css/CalculatedValue isRelative ()Z 264 0 132 0 -1
ciMethod com/sun/javafx/css/StyleCacheEntry <init> ()V 100 0 521 0 0
ciMethod com/sun/javafx/css/StyleCacheEntry get (Ljava/lang/String;)Lcom/sun/javafx/css/CalculatedValue; 536 0 10132 0 1696
ciMethod com/sun/javafx/css/StyleCacheEntry put (Ljava/lang/String;Lcom/sun/javafx/css/CalculatedValue;)V 334 0 1443 0 0
ciMethodData com/sun/javafx/css/StyleMap isEmpty ()Z 2 10455 orig 80 0 0 0 0 0 0 0 0 0 0 0 0 49 2 0 0 0 0 0 0 0 0 0 0 0 0 0 0 0 0 0 0 0 0 0 0 0 0 0 0 0 0 0 0 0 0 0 0 0 0 0 0 0 0 0 0 0 0 0 0 0 0 0 0 0 0 0 0 0 0 0 0 0 0 0 0 0 0 0 0 data 31 0x40007 0x26d1 0x58 0xfd 0xb0005 0x0 0x0 0x2313b412750 0xb1 0x2310a476370 0x4c 0x150007 0x0 0x58 0x26d1 0x1c0005 0x0 0x0 0x2317e29ba30 0x26d1 0x0 0x0 0x0 0x0 0x0 0x0 0x0 0x0 0x9 0x1 0x0 oops 3 7 java/util/ArrayList 9 java/util/Collections$EmptyList 18 java/util/HashMap methods 0
ciMethodData javafx/scene/CssStyleHelper lookup (Ljavafx/css/Styleable;Ljavafx/css/CssMetaData;Lcom/sun/javafx/css/StyleMap;Ljava/util/Set;Ljavafx/css/Styleable;Lcom/sun/javafx/css/CalculatedValue;)Lcom/sun/javafx/css/CalculatedValue; 2 34960 orig 80 2 0 0 0 0 0 0 0 0 0 0 0 49 2 0 0 0 0 0 0 0 0 0 0 0 0 0 0 0 0 0 0 0 0 0 0 0 0 0 2 0 0 0 0 0 0 0 0 0 0 0 0 0 0 0 0 0 0 0 0 0 0 0 0 0 0 0 0 0 0 0 0 0 0 0 0 0 0 0 0 data 385 0x10005 0x8780 0x0 0x0 0x0 0x0 0x0 0x40002 0x8780 0x70007 0x8583 0x90 0x1fd 0xd0005 0x1fd 0x0 0x0 0x0 0x0 0x0 0x130005 0x1fd 0x0 0x0 0x0 0x0 0x0 0x180005 0x8583 0x0 0x0 0x0 0x0 0x0 0x240005 0x8583 0x0 0x0 0x0 0x0 0x0 0x2a0005 0x8583 0x0 0x0 0x0 0x0 0x0 0x310007 0x824b 0x70 0x338 0x360005 0x0 0x0 0x2317e29bf00 0x338 0x0 0x0 0x3b0003 0x338 0x18 0x430007 0x2df 0x818 0x82a4 0x480007 0x338 0x58 0x7f6c 0x550005 0x7f6c 0x0 0x0 0x0 0x0 0x0 0x690007 0x33a 0x3e0 0x1c21 0x700005 0x0 0x0 0x2317e29bf00 0x1c21 0x0 0x0 0x750004 0x0 0x0 0x231108223f0 0x1c21 0x0 0x0 0x850005 0x1c21 0x0 0x0 0x0 0x0 0x0 0x8f0007 0x1aed 0x300 0x134 0x940007 0x96 0x30 0x9e 0x9b0002 0x9e 0xa60005 0x134 0x0 0x0 0x0 0x0 0x0 0xa90005 0x0 0x0 0x2317e29ba30 0x134 0x0 0x0 0xb10007 0x9e 0x120 0x96 0xb60005 0x96 0x0 0x0 0x0 0x0 0x0 0xb90007 0x0 0xc8 0x96 0xc00005 0x96 0x0 0x0 0x0 0x0 0x0 0xc30005 0x96 0x0 0x0 0x0 0x0 0x0 0x8000000600c60007 0x95 0xc8 0x2 0xc90003 0x2 0x70 0xce0005 0x9e 0x0 0x0 0x0 0x0 0x0 0xd10007 0x0 0x58 0x9e 0xd60005 0xa0 0x0 0x0 0x0 0x0 0x0 0xdd0007 0x0 0x78 0x135 0xe20005 0x135 0x0 0x0 0x0 0x0 0x0 0x8000000600e50007 0x134 0x38 0x2 0xe90003 0x2 0x18 0xf20003 0x1c23 0xfffffffffffffc38 0xf70007 0x29a 0x78 0xa0 0xfc0005 0x0 0x0 0x2317e29ba30 0xa0 0x0 0x0 0x1010007 0xa0 0x58 0x0 0x10e0005 0x29a 0x0 0x0 0x0 0x0 0x0 0x1130005 0xa0 0x0 0x0 0x0 0x0 0x0 0x11c0005 0x0 0x0 0x231108224a0 0x1b 0x23110822550 0x85 0x12b0002 0xa0 0x1370005 0x0 0x0 0x0 0x0 0x0 0x0 0x13f0002 0x0 0x1450007 0x0 0x68 0x0 0x1500002 0x0 0x1590005 0x0 0x0 0x0 0x0 0x0 0x0 0x1650005 0x0 0x0 0x0 0x0 0x0 0x0 0x1680007 0x0 0x1a8 0x0 0x1700005 0x0 0x0 0x0 0x0 0x0 0x0 0x17b0005 0x0 0x0 0x0 0x0 0x0 0x0 0x1820002 0x0 0x185000a 0x0 0x3 0x0 0x0 0x2313b40f440 0x18a0005 0x0 0x0 0x0 0x0 0x0 0x0 0x1910005 0x0 0x0 0x0 0x0 0x0 0x0 0x196000a 0x0 0x3 0x0 0x0 0x2313b40f440 0x19b0005 0x0 0x0 0x0 0x0 0x0 0x0 0x1a40005 0x0 0x0 0x2310a25eba0 0x2df 0x0 0x0 0x1ab0007 0x0 0x108 0x2df 0x1b30005 0x2df 0x0 0x0 0x0 0x0 0x0 0x1b60005 0x2df 0x0 0x0 0x0 0x0 0x0 0x1b90007 0x2dc 0x78 0x3 0x1c00005 0x3 0x0 0x0 0x0 0x0 0x0 0x1c70007 0x0 0x20 0x3 0x1da0005 0x2dc 0x0 0x0 0x0 0x0 0x0 0x0 0x0 0x0 0x0 0x0 0x0 0x0 0x0 0x9 0x7 0x0 0x0 0x0 0x0 0x0 0x0 0x0 oops 10 55 java/util/Collections$UnmodifiableRandomAccessList 84 java/util/Collections$UnmodifiableRandomAccessList 91 com/sun/javafx/css/SubCssMetaData 122 java/util/HashMap 208 java/util/HashMap 233 javafx/scene/layout/BorderConverter 235 javafx/scene/layout/BackgroundConverter 293 java/lang/String 313 java/lang/String 324 com/sun/javafx/css/CascadingStyle methods 0
ciMethodData javafx/scene/CssStyleHelper lookupFont (Ljavafx/css/Styleable;Ljava/lang/String;Lcom/sun/javafx/css/StyleMap;Lcom/sun/javafx/css/CalculatedValue;)Lcom/sun/javafx/css/CalculatedValue; 2 8033 orig 80 0 0 0 0 0 0 0 0 0 0 0 0 49 2 0 0 0 0 0 0 0 0 0 0 0 0 0 0 0 0 0 0 0 0 0 0 0 0 0 0 0 0 0 0 0 0 0 0 0 0 0 0 0 0 0 0 0 0 0 0 0 0 0 0 0 0 0 0 0 0 0 0 0 0 0 0 0 0 0 0 data 1025 0x1c0004 0x0 0x0 0x23110824d20 0x3e6 0x2317e29be50 0x3a0 0x1f0007 0x0 0x70 0xa28 0x230004 0x0 0x0 0x23110824d20 0x3e6 0x2317e29be50 0x3a0 0x290003 0xa28 0x50 0x2d0005 0x0 0x0 0x0 0x0 0x0 0x0 0x3b0007 0x146 0x240 0x8e2 0x460005 0x4b 0x0 0x23110824dd0 0x4f7 0x23110824e80 0x3a0 0x4d0005 0x4b 0x0 0x2313bbc53e0 0x4f7 0x2317e29c5e0 0x3a0 0x560005 0x4b 0x0 0x2313bbc53e0 0x4f7 0x2317e29c5e0 0x3a0 0x5b0004 0x0 0x0 0x2317e29bcf0 0x8e2 0x0 0x0 0x620007 0x8e2 0x30 0x0 0x650002 0x0 0x6f0007 0x278 0x110 0x66a 0x790005 0x66a 0x0 0x0 0x0 0x0 0x0 0x800005 0x66a 0x0 0x0 0x0 0x0 0x0 0x880005 0x66a 0x0 0x0 0x0 0x0 0x0 0x900005 0x66a 0x0 0x0 0x0 0x0 0x0 0x9e0002 0x66a 0xa50005 0x2a2 0x0 0x23110824d20 0x3e6 0x2317e29be50 0x3a0 0xaa0005 0xa28 0x0 0x0 0x0 0x0 0x0 0xb10007 0xa25 0x40 0x3 0xb80002 0x3 0xbd0002 0x3 0xc80005 0xa28 0x0 0x0 0x0 0x0 0x0 0xcf0007 0x0 0x390 0xa28 0xd70007 0x66a 0x370 0x3be 0xdb0007 0x0 0x70 0x3be 0xdf0005 0x3a9 0x0 0x2310ae5c500 0x11 0x23110824f30 0x4 0xe40003 0x3be 0x18 0xec0007 0x3be 0x2e0 0x1f60 0xf10004 0x0 0x0 0x2317e29bc40 0x793 0x2310a5571a0 0x131 0xf40007 0x0 0x70 0x1f60 0xf90004 0x0 0x0 0x2317e29bc40 0x793 0x2310a5571a0 0x131 0xff0003 0x1f60 0x18 0x1070007 0xc32 0x1c8 0x132e 0x1110005 0x132e 0x0 0x0 0x0 0x0 0x0 0x1180004 0x0 0x0 0x2317e29bc40 0x638 0x2310a5571a0 0x37 0x1290005 0x132e 0x0 0x0 0x0 0x0 0x0 0x1300007 0x132e 0x100 0x0 0x1350005 0x0 0x0 0x0 0x0 0x0 0x0 0x13f0005 0x0 0x0 0x0 0x0 0x0 0x0 0x1420005 0x0 0x0 0x0 0x0 0x0 0x0 0x1450007 0x0 0x38 0x0 0x14c0003 0x0 0x68 0x1510005 0x169c 0x0 0x2317e29bc40 0x793 0x2310a5571a0 0x131 0x1580003 0x1f60 0xfffffffffffffd38 0x15d0007 0xa28 0x320 0x0 0x1620007 0x0 0xb0 0x0 0x1690005 0x0 0x0 0x0 0x0 0x0 0x0 0x16c0005 0x0 0x0 0x0 0x0 0x0 0x0 0x16f0007 0x0 0x270 0x0 0x17f0005 0x0 0x0 0x0 0x0 0x0 0x0 0x1860005 0x0 0x0 0x0 0x0 0x0 0x0 0x1890004 0x0 0x0 0x0 0x0 0x0 0x0 0x18c0007 0x0 0x1a8 0x0 0x1910005 0x0 0x0 0x0 0x0 0x0 0x0 0x1980005 0x0 0x0 0x0 0x0 0x0 0x0 0x19b0004 0x0 0x0 0x0 0x0 0x0 0x0 0x1a30005 0x0 0x0 0x0 0x0 0x0 0x0 0x1aa0005 0x0 0x0 0x0 0x0 0x0 0x0 0x1b20005 0x0 0x0 0x0 0x0 0x0 0x0 0x1ba0005 0x0 0x0 0x0 0x0 0x0 0x0 0x1cc0005 0xa28 0x0 0x0 0x0 0x0 0x0 0x1d20005 0xa28 0x0 0x0 0x0 0x0 0x0 0x1d90007 0x9ca 0x178 0x5e 0x1de0007 0x5e 0x90 0x0 0x1e50005 0x0 0x0 0x0 0x0 0x0 0x0 0x1e80007 0x0 0x38 0x0 0x1ee0003 0x0 0x170 0x1f60007 0x5e 0x158 0x0 0x1fe0005 0x0 0x0 0x0 0x0 0x0 0x0 0x2010005 0x0 0x0 0x0 0x0 0x0 0x0 0x2040007 0x0 0xc8 0x0 0x20a0003 0x0 0xa8 0x2120007 0x66a 0x90 0x360 0x21b0005 0x360 0x0 0x0 0x0 0x0 0x0 0x2230005 0x360 0x0 0x0 0x0 0x0 0x0 0x22a0007 0x747 0x4c0 0x2e1 0x23a0005 0x2e1 0x0 0x0 0x0 0x0 0x0 0x2410005 0x2e1 0x0 0x0 0x0 0x0 0x0 0x2440004 0x0 0x0 0x2313b412f70 0x2e1 0x0 0x0 0x2470007 0x0 0x3f8 0x2e1 0x24c0007 0x2e1 0xb0 0x0 0x2530005 0x0 0x0 0x0 0x0 0x0 0x0 0x2560005 0x0 0x0 0x0 0x0 0x0 0x0 0x2590007 0x0 0x58 0x0 0x25e0005 0x2e1 0x0 0x0 0x0 0x0 0x0 0x2650005 0x2e1 0x0 0x0 0x0 0x0 0x0 0x2680004 0x0 0x0 0x2313b412f70 0x2e1 0x0 0x0 0x26b0005 0x2e1 0x0 0x0 0x0 0x0 0x0 0x2720007 0x24f 0x1b8 0x92 0x2770005 0x92 0x0 0x0 0x0 0x0 0x0 0x27a0007 0x2 0x78 0x90 0x27f0005 0x90 0x0 0x0 0x0 0x0 0x0 0x2820007 0x90 0x38 0x0 0x2860003 0x2 0x18 0x28f0005 0x92 0x0 0x0 0x0 0x0 0x0 0x2920004 0x0 0x0 0x2317e29bcf0 0x92 0x0 0x0 0x29d0005 0x92 0x0 0x0 0x0 0x0 0x0 0x2ac0002 0x92 0x2b10003 0x92 0xa8 0x2b60005 0x24f 0x0 0x0 0x0 0x0 0x0 0x2bc0002 0x24f 0x2c70005 0x24f 0x0 0x0 0x0 0x0 0x0 0x2d60002 0x24f 0x2e00007 0x2f2 0x58 0x736 0x2e50007 0xbe 0x38 0x678 0x2ea0003 0x678 0x18 0x2f70005 0x2f2 0x0 0x0 0x0 0x0 0x0 0x2fd0005 0x2f2 0x0 0x0 0x0 0x0 0x0 0x3040007 0x2d0 0xb0 0x22 0x3090007 0x22 0x120 0x0 0x3100005 0x0 0x0 0x0 0x0 0x0 0x0 0x3130007 0x0 0xc8 0x0 0x3190003 0x0 0xa8 0x3210007 0x241 0x90 0x8f 0x32a0005 0x8f 0x0 0x0 0x0 0x0 0x0 0x3320005 0x8f 0x0 0x0 0x0 0x0 0x0 0x3390007 0x2a4 0x240 0x4e 0x3480005 0x4e 0x0 0x0 0x0 0x0 0x0 0x34f0005 0x4e 0x0 0x0 0x0 0x0 0x0 0x3520004 0x0 0x0 0x2310a2643e0 0x4e 0x0 0x0 0x3550007 0x0 0x178 0x4e 0x35a0007 0x8 0xb0 0x46 0x3610005 0x0 0x0 0x2310a25eba0 0x46 0x0 0x0 0x3640005 0x46 0x0 0x0 0x0 0x0 0x0 0x3670007 0x6 0x58 0x40 0x36c0005 0x48 0x0 0x0 0x0 0x0 0x0 0x3730005 0x4e 0x0 0x0 0x0 0x0 0x0 0x3760004 0x0 0x0 0x2310a2643e0 0x4e 0x0 0x0 0x3840005 0x2f2 0x0 0x0 0x0 0x0 0x0 0x38a0005 0x2f2 0x0 0x0 0x0 0x0 0x0 0x3910007 0x2f2 0xb0 0x0 0x3960007 0x0 0x120 0x0 0x39d0005 0x0 0x0 0x0 0x0 0x0 0x0 0x3a00007 0x0 0xc8 0x0 0x3a60003 0x0 0xa8 0x3ae0007 0x241 0x90 0xb1 0x3b70005 0xb1 0x0 0x0 0x0 0x0 0x0 0x3bf0005 0xb1 0x0 0x0 0x0 0x0 0x0 0x3c60007 0x2f2 0x240 0x0 0x3d50005 0x0 0x0 0x0 0x0 0x0 0x0 0x3dc0005 0x0 0x0 0x0 0x0 0x0 0x0 0x3df0004 0x0 0x0 0x0 0x0 0x0 0x0 0x3e20007 0x0 0x178 0x0 0x3e70007 0x0 0xb0 0x0 0x3ee0005 0x0 0x0 0x0 0x0 0x0 0x0 0x3f10005 0x0 0x0 0x0 0x0 0x0 0x0 0x3f40007 0x0 0x58 0x0 0x3f90005 0x0 0x0 0x0 0x0 0x0 0x0 0x4000005 0x0 0x0 0x0 0x0 0x0 0x0 0x4030004 0x0 0x0 0x0 0x0 0x0 0x0 0x4110005 0x2f2 0x0 0x0 0x0 0x0 0x0 0x4170005 0x2f2 0x0 0x0 0x0 0x0 0x0 0x41e0007 0x2f2 0xb0 0x0 0x4230007 0x0 0x120 0x0 0x42a0005 0x0 0x0 0x0 0x0 0x0 0x0 0x42d0007 0x0 0xc8 0x0 0x4330003 0x0 0xa8 0x43b0007 0x241 0x90 0xb1 0x4440005 0xb1 0x0 0x0 0x0 0x0 0x0 0x44c0005 0xb1 0x0 0x0 0x0 0x0 0x0 0x4530007 0x2f2 0x240 0x0 0x4620005 0x0 0x0 0x0 0x0 0x0 0x0 0x4690005 0x0 0x0 0x0 0x0 0x0 0x0 0x46c0004 0x0 0x0 0x0 0x0 0x0 0x0 0x46f0007 0x0 0x178 0x0 0x4740007 0x0 0xb0 0x0 0x47b0005 0x0 0x0 0x0 0x0 0x0 0x0 0x47e0005 0x0 0x0 0x0 0x0 0x0 0x0 0x4810007 0x0 0x58 0x0 0x4860005 0x0 0x0 0x0 0x0 0x0 0x0 0x48d0005 0x0 0x0 0x0 0x0 0x0 0x0 0x4900004 0x0 0x0 0x0 0x0 0x0 0x0 0x49a0007 0x258 0x120 0x9a 0x49f0007 0x0 0xa8 0x9a 0x4a40005 0x9a 0x0 0x0 0x0 0x0 0x0 0x4a70004 0x0 0x0 0x2317e29bcf0 0x9a 0x0 0x0 0x4aa0003 0x9a 0x28 0x4ad0002 0x0 0x4bd0005 0x9a 0x0 0x0 0x0 0x0 0x0 0x4cb0002 0x9a 0x0 0x0 0x0 0x0 0x0 0x0 0x0 0x0 0x0 0x0 0x0 0x0 0x0 0x0 0x0 0x0 0x0 0x0 0x0 0x9 0x5 0x0 0x0 0x0 0x0 0x0 oops 30 3 javafx/scene/control/Label 5 com/sun/javafx/scene/control/LabeledText 14 javafx/scene/control/Label 16 com/sun/javafx/scene/control/LabeledText 35 javafx/scene/control/Labeled$StyleableProperties$1 37 com/sun/javafx/scene/control/LabeledText$1 42 javafx/scene/control/Labeled$6 44 com/sun/javafx/scene/control/LabeledText$StyleablePropertyMirror 49 javafx/scene/control/Labeled$6 51 com/sun/javafx/scene/control/LabeledText$StyleablePropertyMirror 56 javafx/scene/text/Font 103 javafx/scene/control/Label 105 com/sun/javafx/scene/control/LabeledText 144 javafx/scene/control/TextField 146 javafx/scene/control/PasswordField 158 javafx/scene/layout/VBox 160 javafx/scene/layout/StackPane 169 javafx/scene/layout/VBox 171 javafx/scene/layout/StackPane 190 javafx/scene/layout/VBox 192 javafx/scene/layout/StackPane 236 javafx/scene/layout/VBox 238 javafx/scene/layout/StackPane 443 java/lang/Double 490 java/lang/Double 540 javafx/scene/text/Font 660 javafx/scene/text/FontWeight 675 com/sun/javafx/css/CascadingStyle 707 javafx/scene/text/FontWeight 981 javafx/scene/text/Font methods 0
ciMethodData com/sun/javafx/css/CalculatedValue <init> (Ljava/lang/Object;Ljavafx/css/StyleOrigin;Z)V 2 7501 orig 80 0 0 0 0 0 0 0 0 0 0 0 0 49 2 0 0 0 0 0 0 0 0 0 0 0 0 0 0 0 0 0 0 0 0 0 0 0 0 0 0 0 0 0 0 0 0 0 0 0 0 0 0 0 0 0 0 0 0 0 0 0 0 0 0 0 0 0 0 0 0 0 0 0 0 0 0 0 0 0 0 data 12 0x10002 0x1d30 0x0 0x0 0x0 0x0 0x9 0x4 0xe 0x0 0x0 0x0 oops 0 methods 0
ciMethodData com/sun/javafx/css/StyleManager getErrors ()Ljavafx/collections/ObservableList; 1 0 orig 80 0 0 0 0 0 0 0 0 0 0 0 0 49 2 0 0 0 0 0 0 0 0 0 0 0 0 0 0 0 0 0 0 0 0 0 0 0 0 0 0 0 0 0 0 0 0 0 0 0 0 0 0 0 0 0 0 0 0 0 0 0 0 0 0 0 0 0 0 0 0 0 0 0 0 0 0 0 0 0 0 data 4 0x0 0x0 0x9 0x0 oops 0 methods 0
ciMethodData com/sun/javafx/logging/PlatformLogger warning (Ljava/lang/String;)V 1 1 orig 80 0 0 0 0 0 0 0 0 0 0 0 0 49 2 0 0 0 0 0 0 0 0 0 0 0 0 0 0 0 0 0 0 0 0 0 0 0 0 0 0 0 0 0 0 0 0 0 0 0 0 0 0 0 0 0 0 0 0 0 0 0 0 0 0 0 0 0 0 0 0 0 0 0 0 0 0 0 0 0 0 data 28 0x40007 0x0 0x20 0x0 0x110004 0x0 0x0 0x0 0x0 0x0 0x0 0x140005 0x0 0x0 0x0 0x0 0x0 0x0 0x0 0x0 0x0 0x0 0x0 0x0 0x9 0x2 0x0 0xffffffffffffffff oops 0 methods 0
ciMethodData com/sun/javafx/css/StyleCacheEntry get (Ljava/lang/String;)Lcom/sun/javafx/css/CalculatedValue; 2 10132 orig 80 0 0 0 0 0 0 0 0 0 0 0 0 49 2 0 0 0 0 0 0 0 0 0 0 0 0 0 0 0 0 0 0 0 0 0 0 0 0 0 0 0 0 0 0 0 0 0 0 0 0 0 0 0 0 0 0 0 0 0 0 0 0 0 0 0 0 0 0 0 0 0 0 0 0 0 0 0 0 0 0 data 39 0x60007 0x567 0xe8 0x2121 0xd0005 0x0 0x0 0x2317e29ba30 0x2121 0x0 0x0 0x120007 0x0 0x90 0x2121 0x1a0005 0x0 0x0 0x2317e29ba30 0x2121 0x0 0x0 0x1f0104 0x0 0x0 0x2317e29bae0 0x1f3 0x0 0x0 0x0 0x0 0x0 0x0 0x0 0x0 0x9 0x2 0x0 0xffffffffffffffff oops 3 7 java/util/HashMap 18 java/util/HashMap 25 com/sun/javafx/css/CalculatedValue methods 0
ciMethodData com/sun/javafx/css/StyleManager$CacheContainer getStyleMapList ()Ljava/util/List; 2 14326 orig 80 0 0 0 0 0 0 0 0 0 0 0 0 49 2 0 0 0 0 0 0 0 0 0 0 0 0 0 0 0 0 0 0 0 0 0 0 0 0 0 0 0 0 0 0 0 0 0 0 0 0 0 0 0 0 0 0 0 0 0 0 0 0 0 0 0 0 0 0 0 0 0 0 0 0 0 0 0 0 0 0 data 15 0x40007 0x36e7 0x30 0xf 0xc0002 0xf 0x0 0x0 0x0 0x0 0x0 0x0 0x9 0x1 0x18 oops 0 methods 0
ciMethodData javafx/scene/Scene getRoot ()Ljavafx/scene/Parent; 2 12223 orig 80 0 0 0 0 0 0 0 0 0 0 0 0 49 2 0 0 0 0 0 0 0 0 0 0 0 0 0 0 0 0 0 0 0 0 0 0 0 0 0 0 0 0 0 0 0 0 0 0 0 0 0 0 0 0 0 0 0 0 0 0 0 0 0 0 0 0 0 0 0 0 0 0 0 0 0 0 0 0 0 0 data 30 0x40007 0x2ebd 0x38 0x0 0x80003 0x0 0x88 0xf0005 0x0 0x0 0x2313bbc7630 0x2ebd 0x0 0x0 0x120004 0x0 0x0 0x2310a5571a0 0x804 0x2313bbc76e0 0xb4 0x0 0x0 0x0 0x0 0x0 0x0 0x9 0x1 0x0 oops 3 10 javafx/scene/Scene$8 17 javafx/scene/layout/StackPane 19 javafx/scene/layout/Pane methods 0
ciMethodData com/sun/javafx/css/StyleManager getInstance ()Lcom/sun/javafx/css/StyleManager; 2 10561 orig 80 0 0 0 0 0 0 0 0 0 0 0 0 49 2 0 0 0 0 0 0 0 0 0 0 0 0 0 0 0 0 0 0 0 0 0 0 0 0 0 0 0 0 0 0 0 0 0 0 0 0 0 0 0 0 0 0 0 0 0 0 0 0 0 0 0 0 0 0 0 0 0 0 0 0 0 0 0 0 0 0 data 4 0x0 0x0 0x9 0x0 oops 0 methods 0
ciMethodData com/sun/javafx/css/StyleManager getCacheContainer (Ljavafx/css/Styleable;Ljavafx/scene/SubScene;)Lcom/sun/javafx/css/StyleManager$CacheContainer; 2 7448 orig 80 0 0 0 0 0 0 0 0 0 0 0 0 49 2 0 0 0 0 0 0 0 0 0 0 0 0 0 0 0 0 0 0 0 0 0 0 0 0 0 0 0 0 0 0 0 0 0 0 0 0 0 0 0 0 0 0 0 0 0 0 0 0 0 0 0 0 0 0 0 0 0 0 0 0 0 0 0 0 0 0 data 139 0x10007 0x1c13 0x40 0x0 0x50007 0x0 0x20 0x0 0xd0007 0x1c13 0x70 0x0 0x110005 0x0 0x0 0x0 0x0 0x0 0x0 0x150003 0x0 0x270 0x190004 0x0 0x0 0x2310ae5c500 0x23 0x2317e29bc40 0x713 0x1c0007 0x0 0x100 0x1c13 0x200004 0x0 0x0 0x2310ae5c500 0x23 0x2317e29bc40 0x713 0x270005 0x1c13 0x0 0x0 0x0 0x0 0x0 0x2e0007 0x0 0x58 0x1c13 0x330005 0x1c13 0x0 0x0 0x0 0x0 0x0 0x370003 0x1c13 0x138 0x3b0004 0x0 0x0 0x0 0x0 0x0 0x0 0x3e0007 0x0 0xe8 0x0 0x420004 0x0 0x0 0x0 0x0 0x0 0x0 0x450005 0x0 0x0 0x0 0x0 0x0 0x0 0x4c0007 0x0 0x58 0x0 0x510005 0x0 0x0 0x0 0x0 0x0 0x0 0x560007 0x1c13 0x20 0x0 0x660005 0x0 0x0 0x2310ae5c5b0 0x1c13 0x0 0x0 0x6b0104 0x0 0x0 0x2317d3f71b0 0x1c0d 0x0 0x0 0x720007 0x1c0d 0x68 0x6 0x790002 0x6 0x840005 0x0 0x0 0x2310ae5c5b0 0x6 0x0 0x0 0x0 0x0 0x0 0x0 0x0 0x0 0x9 0x3 0x0 0x0 0x0 oops 7 25 javafx/scene/control/TextField 27 javafx/scene/layout/VBox 36 javafx/scene/control/TextField 38 javafx/scene/layout/VBox 104 java/util/WeakHashMap 111 com/sun/javafx/css/StyleManager$CacheContainer 124 java/util/WeakHashMap methods 0
ciMethodData com/sun/javafx/css/StyleManager$CacheContainer <init> ()V 1 9 orig 80 0 0 0 0 0 0 0 0 0 0 0 0 49 2 0 0 0 0 0 0 0 0 0 0 0 0 0 0 0 0 0 0 0 0 0 0 0 0 0 0 0 0 0 0 0 0 0 0 0 0 0 0 0 0 0 0 0 0 0 0 0 0 0 0 0 0 0 0 0 0 0 0 0 0 0 0 0 0 0 0 data 9 0x10002 0x6 0x0 0x0 0x0 0x0 0x9 0x1 0x6 oops 0 methods 0
ciMethodData com/sun/javafx/css/PseudoClassState hashCode ()I 2 16868 orig 80 0 0 0 0 0 0 0 0 0 0 0 0 49 2 0 0 0 0 0 0 0 0 0 0 0 0 0 0 0 0 0 0 0 0 0 0 0 0 0 0 0 0 0 0 0 0 0 0 0 0 0 0 0 0 0 0 0 0 0 0 0 0 0 0 0 0 0 0 0 0 0 0 0 0 0 0 0 0 0 0 data 7 0x10002 0x40e4 0x0 0x0 0x9 0x1 0x0 oops 0 methods 0
ciMethodData com/sun/javafx/css/StyleManager$CacheContainer getStyleMap (I)Lcom/sun/javafx/css/StyleMap; 2 6984 orig 80 0 0 0 0 0 0 0 0 0 0 0 0 49 2 0 0 0 0 0 0 0 0 0 0 0 0 0 0 0 0 0 0 0 0 0 0 0 0 0 0 0 0 0 0 0 0 0 0 0 0 0 0 0 0 0 0 0 0 0 0 0 0 0 0 0 0 0 0 0 0 0 0 0 0 0 0 0 0 0 0 data 53 0x90007 0x0 0x158 0x1a48 0xe0005 0x1a48 0x0 0x0 0x0 0x0 0x0 0x110005 0x0 0x0 0x2313b412750 0x1a48 0x0 0x0 0x160007 0x0 0xc8 0x1a48 0x1a0005 0x1a48 0x0 0x0 0x0 0x0 0x0 0x1e0005 0x0 0x0 0x2313b412750 0x1a48 0x0 0x0 0x230004 0x0 0x0 0x2310a292300 0x1a48 0x0 0x0 0x0 0x0 0x0 0x0 0x0 0x0 0x9 0x2 0x18 0x0 oops 3 14 java/util/ArrayList 32 java/util/ArrayList 39 com/sun/javafx/css/StyleMap methods 0
ciMethodData javafx/scene/CssStyleHelper getStyleMap (Ljavafx/css/Styleable;)Lcom/sun/javafx/css/StyleMap; 2 18781 orig 80 0 0 0 0 0 0 0 0 0 0 0 0 49 2 0 0 0 0 0 0 0 0 0 0 0 0 0 0 0 0 0 0 0 0 0 0 0 0 0 0 0 0 0 0 0 0 0 0 0 0 0 0 0 0 0 0 0 0 0 0 0 0 0 0 0 0 0 0 0 0 0 0 0 0 0 0 0 0 0 0 data 25 0x40007 0xe 0x40 0x4846 0x80007 0x4846 0x20 0x0 0x120005 0x4846 0x0 0x0 0x0 0x0 0x0 0x0 0x0 0x0 0x0 0x0 0x0 0x9 0x2 0x0 0x0 oops 0 methods 0
ciMethodData com/sun/javafx/css/StyleManager getStyleMap (Ljavafx/css/Styleable;Ljavafx/scene/SubScene;I)Lcom/sun/javafx/css/StyleMap; 2 6452 orig 80 0 0 0 0 0 0 0 0 0 0 0 0 49 2 0 0 0 0 0 0 0 0 0 0 0 0 0 0 0 0 0 0 0 0 0 0 0 0 0 0 0 0 0 0 0 0 0 0 0 0 0 0 0 0 0 0 0 0 0 0 0 0 0 0 0 0 0 0 0 0 0 0 0 0 0 0 0 0 0 0 data 34 0x20007 0x1816 0x20 0x7 0xc0005 0x1816 0x0 0x0 0x0 0x0 0x0 0x130007 0x1816 0x20 0x0 0x1d0005 0x0 0x0 0x2317d3f71b0 0x1816 0x0 0x0 0x0 0x0 0x0 0x0 0x0 0x0 0x9 0x4 0x0 0x0 0x0 0x0 oops 1 18 com/sun/javafx/css/StyleManager$CacheContainer methods 0
ciMethodData javafx/scene/CssStyleHelper$CacheContainer getStyleMap (Ljavafx/css/Styleable;)Lcom/sun/javafx/css/StyleMap; 2 6452 orig 80 0 0 0 0 0 0 0 0 0 0 0 0 49 2 0 0 0 0 0 0 0 0 0 0 0 0 0 0 0 0 0 0 0 0 0 0 0 0 0 0 0 0 0 0 0 0 0 0 0 0 0 0 0 0 0 0 0 0 0 0 0 0 0 0 0 0 0 0 0 0 0 0 0 0 0 0 0 0 0 0 data 51 0x10007 0x0 0x148 0x1824 0x50004 0x0 0x0 0x2317e29bc40 0x742 0x2310a5571a0 0x75 0x80007 0x0 0xa8 0x1824 0xc0004 0x0 0x0 0x2317e29bc40 0x742 0x2310a5571a0 0x75 0xf0005 0x1824 0x0 0x0 0x0 0x0 0x0 0x120003 0x1824 0x18 0x170002 0x1824 0x200005 0x1824 0x0 0x0 0x0 0x0 0x0 0x0 0x0 0x0 0x0 0x0 0x0 0x9 0x2 0x0 0x0 oops 4 7 javafx/scene/layout/VBox 9 javafx/scene/layout/StackPane 18 javafx/scene/layout/VBox 20 javafx/scene/layout/StackPane methods 0
ciMethodData com/sun/javafx/css/PseudoClassState retainAll (Ljava/util/Collection;)Z 2 10374 orig 80 0 0 0 0 0 0 0 0 0 0 0 0 49 2 0 0 0 0 0 0 0 0 0 0 0 0 0 0 0 0 0 0 0 0 0 0 0 0 0 0 0 0 0 0 0 0 0 0 0 0 0 0 0 0 0 0 0 0 0 0 0 0 0 0 0 0 0 0 0 0 0 0 0 0 0 0 0 0 0 0 data 8 0x20002 0x2780 0x0 0x0 0x9 0x2 0x0 0x0 oops 0 methods 0
ciMethodData com/sun/javafx/css/BitSet retainAll (Ljava/util/Collection;)Z 2 11687 orig 80 0 0 0 0 0 0 0 0 0 0 0 0 49 2 0 0 0 0 0 0 0 0 0 0 0 0 0 0 0 0 0 0 0 0 0 0 0 0 0 0 0 0 0 0 0 0 0 0 0 0 0 0 0 0 0 0 0 0 0 0 0 0 0 0 0 0 0 0 0 0 0 0 0 0 0 0 0 0 0 0 data 182 0x10005 0x2ca1 0x0 0x0 0x0 0x0 0x0 0x50005 0xb 0x0 0x231106ae890 0x2c96 0x0 0x0 0xa0007 0x2ca1 0x190 0x0 0x100005 0x0 0x0 0x0 0x0 0x0 0x0 0x150005 0x0 0x0 0x0 0x0 0x0 0x0 0x1a0007 0x0 0x100 0x0 0x1e0005 0x0 0x0 0x0 0x0 0x0 0x0 0x280005 0x0 0x0 0x0 0x0 0x0 0x0 0x2d0007 0x0 0x58 0x0 0x310005 0x0 0x0 0x0 0x0 0x0 0x0 0x380003 0x0 0xfffffffffffffee0 0x400004 0x0 0x0 0x231106ae890 0x2ca1 0x0 0x0 0x5e0007 0x275f 0x38 0x542 0x630003 0x542 0x18 0x6c0007 0x258b 0x38 0x716 0x730003 0x716 0x18 0x810007 0x21f7 0x38 0xaaa 0x850003 0xaaa 0x18 0x950007 0x2ca1 0xa8 0x716 0xb40007 0xab 0x38 0x66b 0xb80003 0x66b 0x18 0xc70007 0xe8 0x38 0x62e 0xcb0003 0x62e 0x18 0xd50003 0x716 0xffffffffffffff70 0xd90007 0x1b8c 0x1c0 0x1115 0xe00002 0x1115 0xe30007 0x1115 0x158 0x0 0xee0007 0x0 0x138 0x0 0xf90007 0x0 0x38 0x0 0x10d0003 0x0 0x18 0x11e0007 0x0 0xc8 0x0 0x12f0007 0x0 0x90 0x0 0x13b0005 0x0 0x0 0x0 0x0 0x0 0x0 0x1440005 0x0 0x0 0x0 0x0 0x0 0x0 0x14a0003 0x0 0xffffffffffffff50 0x1500003 0x0 0xfffffffffffffee0 0x1560007 0x10d8 0x38 0x3d 0x15b0003 0x3d 0x18 0x0 0x0 0x0 0x0 0x0 0x0 0x0 0x0 0x0 0x9 0x2 0x0 0x0 oops 2 10 com/sun/javafx/css/PseudoClassState 67 com/sun/javafx/css/PseudoClassState methods 0
ciMethodData javafx/scene/text/Font getDefault ()Ljavafx/scene/text/Font; 2 7262 orig 80 0 0 0 0 0 0 0 0 0 0 0 0 49 2 0 0 0 0 0 0 0 0 0 0 0 0 0 0 0 0 0 0 0 0 0 0 0 0 0 0 0 0 0 0 0 0 0 0 0 0 0 0 0 0 0 0 0 0 0 0 0 0 0 0 0 0 0 0 0 0 0 0 0 0 0 0 0 0 0 0 data 16 0x30007 0x1ba9 0x40 0x0 0xc0002 0x0 0x100002 0x0 0x0 0x0 0x0 0x0 0x0 0x0 0x9 0x0 oops 0 methods 0
ciMethodData com/sun/javafx/css/StyleCache$Key <init> ([II)V 1 1139 orig 80 0 0 0 0 0 0 0 0 0 0 0 0 49 2 0 0 0 0 0 0 0 0 0 0 0 0 0 0 0 0 0 0 0 0 0 0 0 0 0 0 0 0 0 0 0 0 0 0 0 0 0 0 0 0 0 0 0 0 0 0 0 0 0 0 0 0 0 0 0 0 0 0 0 0 0 0 0 0 0 0 data 15 0x10002 0x3d6 0x190002 0x3d6 0x0 0x0 0x0 0x0 0x0 0x0 0x9 0x3 0x6 0xffffffffffffffff 0x0 oops 0 methods 0
ciMethodData com/sun/javafx/css/StyleCacheEntry$Key hashCode ()I 2 17141 orig 80 0 0 0 0 0 0 0 0 0 0 0 0 49 2 0 0 0 0 0 0 0 0 0 0 0 0 0 0 0 0 0 0 0 0 0 0 0 0 0 0 0 0 0 0 0 0 0 0 0 0 0 0 0 0 0 0 0 0 0 0 0 0 0 0 0 0 0 0 0 0 0 0 0 0 0 0 0 0 0 0 data 40 0x60007 0x11b 0xf8 0xc7a 0xe0002 0xc7a 0x180007 0x0 0x38 0xc7a 0x200003 0xc7a 0x18 0x290007 0xc7a 0x90 0x403f 0x340007 0x0 0x58 0x403f 0x3f0005 0x0 0x0 0x231106ae890 0x403f 0x0 0x0 0x4c0003 0x403f 0xffffffffffffff88 0x0 0x0 0x0 0x0 0x0 0x0 0x9 0x1 0x0 oops 1 24 com/sun/javafx/css/PseudoClassState methods 0
ciMethodData com/sun/javafx/css/StyleCacheEntry$Key hashCode (D)I 2 3433 orig 80 0 0 0 0 0 0 0 0 0 0 0 0 49 2 0 0 0 0 0 0 0 0 0 0 0 0 0 0 0 0 0 0 0 0 0 0 0 0 0 0 0 0 0 0 0 0 0 0 0 0 0 0 0 0 0 0 0 0 0 0 0 0 0 0 0 0 0 0 0 0 0 0 0 0 0 0 0 0 0 0 data 12 0x10002 0xc7a 0x0 0x0 0x0 0x0 0x0 0x0 0x9 0x2 0x0 0x0 oops 0 methods 0
ciMethodData com/sun/javafx/css/StyleCacheEntry$Key <init> ([Ljava/util/Set;Ljavafx/scene/text/Font;)V 2 17584 orig 80 0 0 0 0 0 0 0 0 0 0 0 0 49 2 0 0 0 0 0 0 0 0 0 0 0 0 0 0 0 0 0 0 0 0 0 0 0 0 0 0 0 0 0 0 0 0 0 0 0 0 0 0 0 0 0 0 0 0 0 0 0 0 0 0 0 0 0 0 0 0 0 0 0 0 0 0 0 0 0 0 data 59 0x10002 0xcac 0x180007 0xcac 0xb8 0x41b4 0x240002 0x41b4 0x270004 0x0 0x0 0x231106ae890 0x41b4 0x0 0x0 0x310005 0x0 0x0 0x231106ae890 0x41b4 0x0 0x0 0x3a0003 0x41b4 0xffffffffffffff60 0x3f0007 0x0 0x70 0xcac 0x430005 0xcac 0x0 0x0 0x0 0x0 0x0 0x460003 0xcac 0x60 0x490002 0x0 0x4c0005 0x0 0x0 0x0 0x0 0x0 0x0 0x0 0x0 0x0 0x0 0x0 0x0 0x9 0x3 0xe 0x0 0x0 oops 2 11 com/sun/javafx/css/PseudoClassState 18 com/sun/javafx/css/PseudoClassState methods 0
ciMethodData javafx/scene/CssStyleHelper transitionToState (Ljavafx/scene/Node;)V 2 103993 orig 80 2 0 0 0 0 0 0 0 0 0 0 0 49 2 0 0 0 0 0 0 0 0 0 0 4 0 0 0 0 0 0 0 0 0 0 0 0 0 0 1 0 0 0 0 0 0 0 0 0 0 0 0 0 0 0 0 0 0 0 0 0 0 0 0 0 0 0 0 0 0 0 0 0 0 0 0 0 0 0 0 data 790 0x40007 0xa54 0x20 0x1 0xa0005 0xa54 0x0 0x0 0x0 0x0 0x0 0xf0007 0xa54 0x58 0x0 0x180005 0x0 0x0 0x0 0x0 0x0 0x0 0x1d0005 0xa54 0x0 0x0 0x0 0x0 0x0 0x210002 0xa54 0x260005 0xa54 0x0 0x0 0x0 0x0 0x0 0x300005 0xa54 0x0 0x0 0x0 0x0 0x0 0x370007 0xa54 0x58 0x0 0x400005 0x0 0x0 0x0 0x0 0x0 0x0 0x460005 0xa54 0x0 0x0 0x0 0x0 0x0 0x510002 0xa54 0x540002 0xa54 0x620005 0x0 0x0 0x2317e29ba30 0xa54 0x0 0x0 0x670104 0x0 0x0 0x2317e29bae0 0x383 0x0 0x0 0x6e0007 0x383 0x160 0x6d1 0x790005 0x6d1 0x0 0x0 0x0 0x0 0x0 0x830007 0x61e 0x90 0xb3 0x880005 0x63 0x0 0x2317e29bb90 0x1 0x2317e29bc40 0x4f 0x8b0005 0xb3 0x0 0x0 0x0 0x0 0x0 0x8000000600920007 0x6d0 0x40 0x2 0x990002 0x2 0x9e0002 0x2 0xae0005 0x0 0x0 0x2317e29ba30 0x6d2 0x0 0x0 0xb60005 0xa55 0x0 0x0 0x0 0x0 0x0 0xb90004 0x0 0x0 0x2317e29bcf0 0xa55 0x0 0x0 0xc60002 0xa55 0xcf0005 0xa55 0x0 0x0 0x0 0x0 0x0 0xd60007 0x1d7 0x38 0x87e 0xda0003 0x87e 0x18 0xe20007 0x87e 0x68 0x1d7 0xe90002 0x1d7 0xf40005 0x1d7 0x0 0x0 0x0 0x0 0x0 0xf80005 0x6c4 0x0 0x2317e29bda0 0x27 0x2317e29be50 0x36a 0xff0005 0x0 0x0 0x2313b412750 0x545 0x2317e29bf00 0x510 0x8000000801230007 0xa58 0x1220 0x1861d 0x12a0005 0x0 0x0 0x2313b412750 0xdfce 0x2317e29bf00 0xa64f 0x12f0004 0x0 0x0 0x2317e29bfb0 0x6d2 0x2317e29c060 0x6d2 0x1350007 0x1861d 0x90 0x0 0x13a0005 0x0 0x0 0x0 0x0 0x0 0x0 0x13d0007 0x0 0x38 0x0 0x1400003 0x0 0x1100 0x1460005 0x17879 0x0 0x2317e29bfb0 0x6d2 0x2317e29c060 0x6d2 0x1490007 0x185db 0x38 0x41 0x14c0003 0x41 0x1090 0x1510005 0x185db 0x0 0x0 0x0 0x0 0x0 0x15a0005 0x185db 0x0 0x0 0x0 0x0 0x0 0x1610007 0x4150 0x78 0x1448b 0x1660007 0x1445 0x58 0x13046 0x16b0007 0xbf16 0x38 0x7130 0x16f0003 0x7130 0x18 0x1770007 0x1448b 0x40 0x4150 0x17c0007 0x4150 0x40 0x0 0x1810007 0xd35b 0x38 0x7130 0x1850003 0xb280 0x18 0x18d0007 0x4150 0x78 0x1448b 0x1920007 0x7130 0x58 0xd35b 0x19a0007 0xd35b 0x110 0x0 0x19d0003 0x0 0xeb8 0x1a20007 0x0 0xd8 0xb280 0x1b10005 0xb280 0x0 0x0 0x0 0x0 0x0 0x1b80007 0xb280 0x80 0x0 0x1be0007 0x0 0xe28 0x0 0x1c7000a 0x0 0x3 0x0 0x0 0x0 0x1cc0002 0x0 0x1d20007 0xbf16 0x40 0xc6c5 0x1da0007 0x1935 0x200 0xad90 0x1e60005 0x0 0x0 0x2317e29ba30 0x16ca6 0x0 0x0 0x1eb0104 0x0 0x0 0x0 0x0 0x0 0x0 0x1f20007 0x16ca6 0x158 0x0 0x1f80005 0x0 0x0 0x0 0x0 0x0 0x0 0x1ff0005 0x0 0x0 0x0 0x0 0x0 0x0 0x2070007 0x0 0xc8 0x0 0x20e0005 0x0 0x0 0x0 0x0 0x0 0x0 0x2130005 0x0 0x0 0x0 0x0 0x0 0x0 0x2160005 0x0 0x0 0x0 0x0 0x0 0x0 0x21b0003 0x16ca6 0xbc0 0x2200007 0x1445 0x58 0x4f0 0x2290005 0x4f0 0x0 0x0 0x0 0x0 0x0 0x22f0005 0x15da 0x0 0x2317e29c110 0x333 0x2317e29c1c0 0x28 0x2360005 0x15da 0x0 0x2317e29c270 0x333 0x2317e29c320 0x28 0x23f0005 0x1935 0x0 0x0 0x0 0x0 0x0 0x2460007 0x1935 0xa0 0x0 0x24c0007 0x0 0x68 0x0 0x2550005 0x0 0x0 0x0 0x0 0x0 0x0 0x25a0002 0x0 0x25e0003 0x0 0xa20 0x2660007 0x16f6 0x58 0x23f 0x26e0007 0x2 0x38 0x23d 0x2710003 0x23d 0x9c8 0x2760005 0x16f8 0x0 0x0 0x0 0x0 0x0 0x27d0005 0x139d 0x0 0x2317e29c270 0x333 0x2317e29c320 0x28 0x2880007 0x80c 0xd0 0xeec 0x28d0007 0x99 0x90 0xe53 0x2940005 0xc26 0x0 0x2317e29c3d0 0x214 0x2317e29c480 0x19 0x2970007 0xdce 0x230 0x85 0x29a0003 0x85 0x38 0x29f0007 0x99 0x1f8 0x0 0x2a80005 0x0 0x0 0x2317e29c530 0x891 0x0 0x0 0x2ab0007 0x891 0xc8 0x0 0x2b50002 0x0 0x2ba0002 0x0 0x2bf0002 0x0 0x2c2000a 0x0 0x5 0x0 0x0 0x1 0x0 0x2313b40f440 0x2c70005 0x0 0x0 0x0 0x0 0x0 0x0 0x2d00005 0x6ea 0x0 0x2317e29c5e0 0x4f 0x2317e29c690 0x158 0x2de0005 0x0 0x0 0x2317e29ba30 0x891 0x0 0x0 0x2e30007 0x4d 0x68 0x844 0x2ef0002 0x844 0x2ff0005 0x0 0x0 0x2317e29ba30 0x844 0x0 0x0 0x3050003 0x16f8 0x698 0x30d0005 0x0 0x0 0x0 0x0 0x0 0x0 0x31d0005 0x0 0x0 0x0 0x0 0x0 0x0 0x3200004 0x0 0x0 0x0 0x0 0x0 0x0 0x3250004 0x0 0x0 0x0 0x0 0x0 0x0 0x32a0005 0x0 0x0 0x0 0x0 0x0 0x0 0x32d0004 0x0 0x0 0x0 0x0 0x0 0x0 0x32e0002 0x0 0x3360002 0x0 0x33c0007 0x0 0x68 0x0 0x3480002 0x0 0x3510005 0x0 0x0 0x0 0x0 0x0 0x0 0x3570002 0x0 0x3610005 0x0 0x0 0x0 0x0 0x0 0x0 0x3640007 0x0 0x58 0x0 0x36b0005 0x0 0x0 0x0 0x0 0x0 0x0 0x3750005 0x0 0x0 0x0 0x0 0x0 0x0 0x37f0007 0x0 0xb0 0x0 0x3890007 0x0 0x90 0x0 0x3950005 0x0 0x0 0x0 0x0 0x0 0x0 0x39a0004 0x0 0x0 0x0 0x0 0x0 0x0 0x3a10007 0x0 0x70 0x0 0x3a60005 0x0 0x0 0x0 0x0 0x0 0x0 0x3a90003 0x0 0x50 0x3af0005 0x0 0x0 0x0 0x0 0x0 0x0 0x3b60007 0x0 0x70 0x0 0x3bb0005 0x0 0x0 0x0 0x0 0x0 0x0 0x3be0003 0x0 0x18 0x3ca0005 0x0 0x0 0x0 0x0 0x0 0x0 0x3cf0003 0x0 0x1d0 0x3d90005 0x0 0x0 0x0 0x0 0x0 0x0 0x3dc0007 0x0 0x180 0x0 0x3ec0005 0x0 0x0 0x0 0x0 0x0 0x0 0x3ef0004 0x0 0x0 0x0 0x0 0x0 0x0 0x3f40004 0x0 0x0 0x0 0x0 0x0 0x0 0x3f90005 0x0 0x0 0x0 0x0 0x0 0x0 0x3fc0004 0x0 0x0 0x0 0x0 0x0 0x0 0x3fd0002 0x0 0x4000005 0x0 0x0 0x0 0x0 0x0 0x0 0x4060003 0x1861c 0xffffffffffffedf8 0x0 0x0 0x0 0x0 0x0 0x0 0x0 0x0 0x0 0x0 0x0 0x0 0x0 0x0 0x0 0x0 0x0 0x0 0x0 0x0 0x0 0x0 0x0 0x0 0x9 0x2 0x0 0x0 oops 31 70 java/util/HashMap 77 com/sun/javafx/css/CalculatedValue 99 javafx/scene/layout/BorderPane 101 javafx/scene/layout/VBox 121 java/util/HashMap 135 javafx/scene/text/Font 171 javafx/scene/control/Button 173 com/sun/javafx/scene/control/LabeledText 178 java/util/ArrayList 180 java/util/Collections$UnmodifiableRandomAccessList 189 java/util/ArrayList 191 java/util/Collections$UnmodifiableRandomAccessList 196 javafx/scene/layout/Region$StyleableProperties$4 198 javafx/scene/layout/Region$StyleableProperties$11 221 javafx/scene/layout/Region$StyleableProperties$4 223 javafx/scene/layout/Region$StyleableProperties$11 329 java/util/HashMap 400 javafx/scene/layout/Region$StyleableProperties$1 402 javafx/scene/control/Labeled$StyleableProperties$11 407 javafx/scene/layout/Region$3 409 javafx/scene/control/Labeled$11 459 javafx/scene/layout/Region$3 461 javafx/scene/control/Labeled$11 474 javafx/geometry/Insets 476 javafx/scene/control/ContentDisplay 492 com/sun/javafx/logging/PlatformLogger 513 java/lang/String 524 com/sun/javafx/scene/control/LabeledText$StyleablePropertyMirror 526 javafx/scene/text/Text$9 531 java/util/HashMap 544 java/util/HashMap methods 0
ciMethodData com/sun/javafx/css/StyleManager getSharedCache (Ljavafx/css/Styleable;Ljavafx/scene/SubScene;Lcom/sun/javafx/css/StyleCache$Key;)Lcom/sun/javafx/css/StyleCache; 2 2921 orig 80 0 0 0 0 0 0 0 0 0 0 0 0 49 2 0 0 0 0 0 0 0 0 0 0 0 0 0 0 0 0 0 0 0 0 0 0 0 0 0 0 0 0 0 0 0 0 0 0 0 0 0 0 0 0 0 0 0 0 0 0 0 0 0 0 0 0 0 0 0 0 0 0 0 0 0 0 0 0 0 0 data 63 0x30005 0xafc 0x0 0x0 0x0 0x0 0x0 0xa0007 0xafc 0x20 0x0 0x110005 0xafc 0x0 0x0 0x0 0x0 0x0 0x180007 0xafc 0x20 0x0 0x200005 0x0 0x0 0x2317e29ba30 0xafc 0x0 0x0 0x250104 0x0 0x0 0x2310a293280 0xa1e 0x0 0x0 0x2c0007 0xa1e 0x78 0xde 0x330002 0xde 0x3f0002 0xde 0x440005 0x0 0x0 0x2317e29ba30 0xde 0x0 0x0 0x0 0x0 0x0 0x0 0x0 0x0 0x9 0x4 0x0 0x0 0x0 0x0 oops 3 25 java/util/HashMap 32 com/sun/javafx/css/StyleCache 47 java/util/HashMap methods 0
ciMethodData javafx/scene/CssStyleHelper getTransitionStates (Ljavafx/scene/Node;)[Ljava/util/Set; 2 35822 orig 80 0 0 0 0 0 0 0 0 0 0 0 0 49 2 0 0 0 0 0 0 0 0 0 0 0 0 0 0 0 0 0 0 0 0 0 0 0 0 0 0 0 0 0 0 0 0 0 0 0 0 0 0 0 0 0 0 0 0 0 0 0 0 0 0 0 0 0 0 0 0 0 0 0 0 0 0 0 0 0 0 data 85 0x40007 0x787 0x20 0x0 0xe0007 0x787 0x70 0x4295 0x150005 0x4295 0x0 0x0 0x0 0x0 0x0 0x190003 0x4295 0xffffffffffffffa8 0x280007 0x787 0x1b8 0x4295 0x2c0004 0x0 0x0 0x2317e29bda0 0x43 0x2317e29bc40 0x15e8 0x2f0007 0x0 0x38 0x4295 0x360003 0x4295 0x18 0x3e0007 0x1cdd 0xd8 0x25b8 0x4f0002 0x25b8 0x520004 0x0 0x0 0x231106ae890 0x25b8 0x0 0x0 0x5a0005 0x0 0x0 0x231106ae890 0x25b8 0x0 0x0 0x6a0005 0x0 0x0 0x231106ae890 0x25b8 0x0 0x0 0x740005 0x4295 0x0 0x0 0x0 0x0 0x0 0x780003 0x4295 0xfffffffffffffe60 0x8a0002 0x787 0x0 0x0 0x0 0x0 0x0 0x0 0x9 0x2 0x0 0x0 oops 5 25 javafx/scene/control/Button 27 javafx/scene/layout/VBox 45 com/sun/javafx/css/PseudoClassState 52 com/sun/javafx/css/PseudoClassState 59 com/sun/javafx/css/PseudoClassState methods 0
ciMethodData javafx/scene/CssStyleHelper getCachedFont (Ljavafx/css/Styleable;)Lcom/sun/javafx/css/CalculatedValue; 2 4326 orig 80 0 0 0 0 0 0 0 0 0 0 0 0 49 2 0 0 0 0 0 0 0 0 0 0 0 0 0 0 0 0 0 0 0 0 0 0 0 0 0 0 0 0 0 0 0 0 0 0 0 0 0 0 0 0 0 0 0 0 0 0 0 0 0 0 0 0 0 0 0 0 0 0 0 0 0 0 0 0 0 0 data 122 0x10104 0x0 0x0 0x2317e29bda0 0x25 0x2317e29bc40 0x592 0x40007 0xff9 0x20 0x4 0xc0004 0x0 0x0 0x2317e29bda0 0x25 0x2317e29bc40 0x592 0x180007 0x59e 0x40 0xa5b 0x200007 0xa59 0xa8 0x2 0x250005 0x3dd 0x0 0x2310a5571a0 0x4 0x2317e29bc40 0x1bf 0x280005 0x5a0 0x0 0x0 0x0 0x0 0x0 0x2c0003 0x5a0 0x208 0x380007 0x0 0x160 0xa59 0x400007 0x0 0x140 0xa59 0x480005 0x0 0x0 0x2317e29ba30 0xa59 0x0 0x0 0x4d0007 0x0 0xe8 0xa59 0x530005 0xa59 0x0 0x0 0x0 0x0 0x0 0x5e0002 0xa59 0x610002 0xa59 0x6d0005 0x0 0x0 0x2317e29ba30 0xa59 0x0 0x0 0x720104 0x0 0x0 0x2317e29bae0 0xa54 0x0 0x0 0x770007 0xa54 0x90 0x5 0x7d0005 0x5 0x0 0x0 0x0 0x0 0x0 0x8b0005 0x5 0x0 0x0 0x0 0x0 0x0 0x930007 0x0 0x38 0xff9 0x970003 0xff9 0x18 0x0 0x0 0x0 0x0 0x0 0x0 0x9 0x2 0x0 0x0 oops 9 3 javafx/scene/control/Button 5 javafx/scene/layout/VBox 14 javafx/scene/control/Button 16 javafx/scene/layout/VBox 29 javafx/scene/layout/StackPane 31 javafx/scene/layout/VBox 54 java/util/HashMap 76 java/util/HashMap 83 com/sun/javafx/css/CalculatedValue methods 0
ciMethodData com/sun/javafx/css/StyleCache getStyleCacheEntry (Lcom/sun/javafx/css/StyleCacheEntry$Key;)Lcom/sun/javafx/css/StyleCacheEntry; 2 2926 orig 80 0 0 0 0 0 0 0 0 0 0 0 0 49 2 0 0 0 0 0 0 0 0 0 0 0 0 0 0 0 0 0 0 0 0 0 0 0 0 0 0 0 0 0 0 0 0 0 0 0 0 0 0 0 0 0 0 0 0 0 0 0 0 0 0 0 0 0 0 0 0 0 0 0 0 0 0 0 0 0 0 data 28 0x60007 0xdf 0x90 0xa20 0xe0005 0x0 0x0 0x2317e29ba30 0xa20 0x0 0x0 0x130104 0x0 0x0 0x2310a294f20 0x928 0x0 0x0 0x0 0x0 0x0 0x0 0x0 0x0 0x9 0x2 0x0 0xffffffffffffffff oops 2 7 java/util/HashMap 14 com/sun/javafx/css/StyleCacheEntry methods 0
ciMethodData com/sun/javafx/css/StyleCacheEntry <init> ()V 1 521 orig 80 0 0 0 0 0 0 0 0 0 0 0 0 49 2 0 0 0 0 0 0 0 0 0 0 0 0 0 0 0 0 0 0 0 0 0 0 0 0 0 0 0 0 0 0 0 0 0 0 0 0 0 0 0 0 0 0 0 0 0 0 0 0 0 0 0 0 0 0 0 0 0 0 0 0 0 0 0 0 0 0 data 7 0x10002 0x1d7 0x0 0x0 0x9 0x1 0x0 oops 0 methods 0
ciMethodData com/sun/javafx/css/StyleCache addStyleCacheEntry (Lcom/sun/javafx/css/StyleCacheEntry$Key;Lcom/sun/javafx/css/StyleCacheEntry;)V 1 530 orig 80 0 0 0 0 0 0 0 0 0 0 0 0 49 2 0 0 0 0 0 0 0 0 0 0 0 0 0 0 0 0 0 0 0 0 0 0 0 0 0 0 0 0 0 0 0 0 0 0 0 0 0 0 0 0 0 0 0 0 0 0 0 0 0 0 0 0 0 0 0 0 0 0 0 0 0 0 0 0 0 0 data 24 0x40007 0x100 0x30 0xe0 0xd0002 0xe0 0x190005 0x0 0x0 0x2317e29ba30 0x1e0 0x0 0x0 0x0 0x0 0x0 0x0 0x0 0x0 0x9 0x3 0x6 0xffffffffffffffff 0xffffffffffffffff oops 1 9 java/util/HashMap methods 0
ciMethodData com/sun/javafx/css/StyleCacheEntry put (Ljava/lang/String;Lcom/sun/javafx/css/CalculatedValue;)V 2 1443 orig 80 0 0 0 0 0 0 0 0 0 0 0 0 49 2 0 0 0 0 0 0 0 0 0 0 0 0 0 0 0 0 0 0 0 0 0 0 0 0 0 0 0 0 0 0 0 0 0 0 0 0 0 0 0 0 0 0 0 0 0 0 0 0 0 0 0 0 0 0 0 0 0 0 0 0 0 0 0 0 0 0 data 24 0x40007 0x31f 0x30 0x1dd 0xd0002 0x1dd 0x190005 0x0 0x0 0x2317e29ba30 0x4fc 0x0 0x0 0x0 0x0 0x0 0x0 0x0 0x0 0x9 0x3 0x6 0xffffffffffffffff 0xffffffffffffffff oops 1 9 java/util/HashMap methods 0
ciMethodData com/sun/javafx/css/StyleCacheEntry$Key equals (Ljava/lang/Object;)Z 2 20900 orig 80 0 0 0 0 0 0 0 0 0 0 0 0 49 2 0 0 0 0 0 0 0 0 0 0 0 0 0 0 0 0 0 0 0 0 0 0 0 0 0 0 0 0 0 0 0 0 0 0 0 0 0 0 0 0 0 0 0 0 0 0 0 0 0 0 0 0 0 0 0 0 0 0 0 0 0 0 0 0 0 0 data 115 0x20007 0xea2 0x20 0x0 0x80007 0x0 0xb0 0xea2 0xc0005 0xea2 0x0 0x0 0x0 0x0 0x0 0x100005 0xea2 0x0 0x0 0x0 0x0 0x0 0x130007 0xea2 0x20 0x0 0x190004 0x0 0x0 0x2310a293b60 0xea2 0x0 0x0 0x250007 0xea2 0x20 0x0 0x390007 0x0 0x40 0xea2 0x410007 0xea2 0x20 0x0 0x4a0007 0xea2 0x38 0x0 0x4e0003 0x0 0x18 0x560007 0xea2 0x38 0x0 0x5a0003 0x0 0x18 0x5f0007 0xea2 0x20 0x0 0x680007 0xea2 0x20 0x0 0x770007 0xea2 0x20 0x0 0x860007 0xea2 0xe8 0x4ef6 0x9d0007 0x4ef6 0x58 0x0 0xa20007 0x0 0x90 0x0 0xa50003 0x0 0x70 0xac0005 0x0 0x0 0x231106ae890 0x4ef6 0x0 0x0 0xb10007 0x4ef6 0x20 0x0 0xb90003 0x4ef6 0xffffffffffffff30 0x0 0x0 0x0 0x0 0x0 0x0 0x0 0x0 0x0 0x0 0x0 0x9 0x2 0x0 0x0 oops 2 29 com/sun/javafx/css/StyleCacheEntry$Key 89 com/sun/javafx/css/PseudoClassState methods 0
ciMethodData com/sun/javafx/css/StyleCache$Key hashCode ()I 2 7185 orig 80 0 0 0 0 0 0 0 0 0 0 0 0 49 2 0 0 0 0 0 0 0 0 0 0 0 0 0 0 0 0 0 0 0 0 0 0 0 0 0 0 0 0 0 0 0 0 0 0 0 0 0 0 0 0 0 0 0 0 0 0 0 0 0 0 0 0 0 0 0 0 0 0 0 0 0 0 0 0 0 0 data 24 0x60007 0x75a 0x78 0x421 0x120007 0x0 0x58 0x421 0x1d0007 0x421 0x38 0x192e 0x370003 0x192e 0xffffffffffffffe0 0x0 0x0 0x0 0x0 0x0 0x0 0x9 0x1 0x0 oops 0 methods 0
ciMethodData com/sun/javafx/css/StyleManager$CacheContainer getStyleCache ()Ljava/util/Map; 2 2921 orig 80 0 0 0 0 0 0 0 0 0 0 0 0 49 2 0 0 0 0 0 0 0 0 0 0 0 0 0 0 0 0 0 0 0 0 0 0 0 0 0 0 0 0 0 0 0 0 0 0 0 0 0 0 0 0 0 0 0 0 0 0 0 0 0 0 0 0 0 0 0 0 0 0 0 0 0 0 0 0 0 0 data 15 0x40007 0xa7a 0x30 0x1 0xc0002 0x1 0x0 0x0 0x0 0x0 0x0 0x0 0x9 0x1 0x0 oops 0 methods 0
ciMethodData com/sun/javafx/css/StyleCache <init> ()V 1 264 orig 80 0 0 0 0 0 0 0 0 0 0 0 0 49 2 0 0 0 0 0 0 0 0 0 0 0 0 0 0 0 0 0 0 0 0 0 0 0 0 0 0 0 0 0 0 0 0 0 0 0 0 0 0 0 0 0 0 0 0 0 0 0 0 0 0 0 0 0 0 0 0 0 0 0 0 0 0 0 0 0 0 data 7 0x10002 0xbf 0x0 0x0 0x9 0x1 0x0 oops 0 methods 0
ciMethodData com/sun/javafx/css/StyleCache$Key <init> (Lcom/sun/javafx/css/StyleCache$Key;)V 1 264 orig 80 0 0 0 0 0 0 0 0 0 0 0 0 49 2 0 0 0 0 0 0 0 0 0 0 0 0 0 0 0 0 0 0 0 0 0 0 0 0 0 0 0 0 0 0 0 0 0 0 0 0 0 0 0 0 0 0 0 0 0 0 0 0 0 0 0 0 0 0 0 0 0 0 0 0 0 0 0 0 0 0 data 10 0xa0002 0xbf 0x0 0x0 0x0 0x0 0x9 0x2 0x0 0x0 oops 0 methods 0
ciMethodData com/sun/javafx/css/StyleCache$Key equals (Ljava/lang/Object;)Z 2 16561 orig 80 0 0 0 0 0 0 0 0 0 0 0 0 49 2 0 0 0 0 0 0 0 0 0 0 0 0 0 0 0 0 0 0 0 0 0 0 0 0 0 0 0 0 0 0 0 0 0 0 0 0 0 0 0 0 0 0 0 0 0 0 0 0 0 0 0 0 0 0 0 0 0 0 0 0 0 0 0 0 0 0 data 87 0x20007 0x96c 0x20 0x0 0x80007 0x0 0xb0 0x96c 0xc0005 0x96c 0x0 0x0 0x0 0x0 0x0 0x100005 0x96c 0x0 0x0 0x0 0x0 0x0 0x130007 0x96c 0x20 0x0 0x190004 0x0 0x0 0x2310a292f90 0x96c 0x0 0x0 0x250007 0x96c 0x20 0x0 0x2e0007 0x96c 0x38 0x0 0x320003 0x0 0x18 0x3a0007 0x96c 0x38 0x0 0x3e0003 0x0 0x18 0x430007 0x96c 0x20 0x0 0x4c0007 0x96c 0x20 0x0 0x5b0007 0x96c 0x20 0x0 0x680007 0x96c 0x58 0x3c94 0x770007 0x3c94 0x20 0x0 0x7f0003 0x3c94 0xffffffffffffffc0 0x0 0x0 0x0 0x0 0x0 0x0 0x0 0x0 0x0 0x9 0x2 0x0 0x0 oops 1 29 com/sun/javafx/css/StyleCache$Key methods 0
ciInstanceKlass java/lang/Cloneable 1 0 7 100 1 100 1 1 1
instanceKlass com/sun/glass/ui/EventLoop
instanceKlass com/sun/prism/impl/shape/BasicShapeRep
instanceKlass com/sun/javafx/scene/control/ResizeHelper
instanceKlass java/text/StringCharacterIterator
instanceKlass java/text/BreakIterator$BreakIteratorCache
instanceKlass sun/text/SupplementaryCharacterData
instanceKlass sun/text/CompactByteArray
instanceKlass java/text/BreakIterator
instanceKlass javafx/scene/layout/GridPane$CompositeSize
instanceKlass com/sun/javafx/reflect/Trampoline
instanceKlass com/sun/javafx/reflect/MethodUtil$1
instanceKlass com/sun/javafx/property/MethodHelper
instanceKlass com/sun/javafx/reflect/ReflectUtil
instanceKlass com/sun/javafx/property/PropertyReference
instanceKlass com/sun/javafx/scene/control/SizeLimitedList
instanceKlass com/sun/javafx/scene/control/ListenerHelper$MaChLi
instanceKlass javafx/scene/control/skin/TableViewSkinBase$1
instanceKlass com/sun/javafx/scene/control/ListenerHelper$LiChLi
instanceKlass javafx/scene/control/skin/TableColumnHeader$StyleableProperties
instanceKlass javafx/scene/control/skin/TableSkinUtils
instanceKlass javafx/scene/layout/GridPane$StyleableProperties
instanceKlass javafx/scene/control/Separator$StyleableProperties
instanceKlass javafx/scene/control/TableView$StyleableProperties
instanceKlass javafx/scene/control/TableUtil
instanceKlass javafx/scene/control/TableColumn$CellDataFeatures
instanceKlass javafx/scene/control/cell/PropertyValueFactory
instanceKlass javafx/scene/control/TableColumn$1
instanceKlass com/sun/javafx/scene/control/TableColumnBaseHelper
instanceKlass javafx/scene/control/TableColumnBase$1
instanceKlass com/sun/javafx/scene/control/TableColumnBaseHelper$TableColumnBaseAccessor
instanceKlass javafx/scene/control/TableView$3
instanceKlass javafx/scene/control/TableView$TableViewFocusModel$1
instanceKlass javafx/collections/transformation/SortedList$ElementComparator
instanceKlass javafx/collections/transformation/SortedList$Element
instanceKlass com/sun/javafx/collections/SortHelper
instanceKlass javafx/scene/control/TableView$TableViewArrayListSelectionModel$1
instanceKlass com/sun/javafx/scene/control/SelectedCellsMap
instanceKlass javafx/scene/control/TablePositionBase
instanceKlass javafx/scene/control/TableView$4
instanceKlass javafx/scene/control/TableView$2
instanceKlass javafx/scene/control/ResizeFeaturesBase
instanceKlass javafx/scene/control/ConstrainedColumnResizeBase
instanceKlass javafx/scene/control/TableView$1
instanceKlass javafx/scene/control/TableColumnBase
instanceKlass javafx/scene/layout/ConstraintsBase
instanceKlass iuh/fit/presentation/controller/DatPhongController
instanceKlass iuh/fit/core/dto/NhanVienDTO
instanceKlass iuh/fit/presentation/controller/ChiTietPhongController
instanceKlass com/sun/scenario/effect/BoxShadow$1
instanceKlass jdk/internal/math/FormattedFloatingDecimal$2
instanceKlass jdk/internal/math/FormattedFloatingDecimal
instanceKlass java/lang/Character$Subset
instanceKlass jdk/internal/icu/impl/NormalizerImpl$ReorderingBuffer
instanceKlass jdk/internal/icu/impl/NormalizerImpl$UTF16Plus
instanceKlass jdk/internal/icu/text/NormalizerBase$NFDModeImpl
instanceKlass com/sun/javafx/sg/prism/CacheFilter
instanceKlass com/sun/javafx/geom/Path2D$SVGParser
instanceKlass java/time/format/DateTimeFormatterBuilder$LocalizedPrinterParser
instanceKlass com/sun/javafx/tk/FontMetrics
instanceKlass com/sun/javafx/font/PrismFontUtils
instanceKlass javafx/scene/layout/FlowPane$LayoutRect
instanceKlass javafx/scene/layout/FlowPane$Run
instanceKlass com/sun/javafx/scene/traversal/TraverseListener
instanceKlass javafx/scene/control/skin/ScrollPaneSkin$2
instanceKlass javafx/scene/control/skin/ScrollPaneSkin$1
instanceKlass javafx/scene/control/skin/ComboBoxPopupControl$2
instanceKlass javafx/scene/control/skin/DatePickerSkin$1
instanceKlass javafx/scene/control/skin/CellSkinBase$StyleableProperties
instanceKlass javafx/scene/control/ScrollBar$StyleableProperties
instanceKlass com/sun/javafx/scene/control/behavior/ListViewBehavior$2
instanceKlass com/sun/javafx/scene/control/behavior/ListViewBehavior$1
instanceKlass javafx/scene/control/skin/ListViewSkin$1
instanceKlass javafx/collections/WeakMapChangeListener
instanceKlass javafx/scene/control/skin/VirtualFlow$3
instanceKlass javafx/scene/control/skin/VirtualFlow$2
instanceKlass javafx/scene/control/skin/VirtualFlow$1
instanceKlass javafx/scene/shape/SVGPath$1
instanceKlass com/sun/javafx/scene/shape/SVGPathHelper$SVGPathAccessor
instanceKlass javafx/scene/control/skin/ComboBoxPopupControl$1
instanceKlass com/sun/javafx/scene/control/ReadOnlyUnbackedObservableList$SelectionListIterator
instanceKlass javafx/scene/control/ListCell$3
instanceKlass javafx/scene/control/ListCell$2
instanceKlass javafx/scene/control/ListCell$1
instanceKlass javafx/scene/control/Cell$1
instanceKlass javafx/scene/control/skin/ComboBoxListViewSkin$2
instanceKlass javafx/scene/control/ListView$StyleableProperties
instanceKlass javafx/scene/control/ListView$ListViewFocusModel$1
instanceKlass java/util/BitSet$1BitSetSpliterator
instanceKlass javafx/scene/control/ListView$ListViewBitSetSelectionModel$1
instanceKlass javafx/scene/control/ListView$ListViewBitSetSelectionModel$2
instanceKlass javafx/scene/control/FocusModel
instanceKlass javafx/scene/control/skin/ComboBoxListViewSkin$1
instanceKlass javafx/scene/layout/FlowPane$StyleableProperties
instanceKlass javafx/scene/control/ScrollPane$StyleableProperties
instanceKlass javafx/scene/control/DatePicker$StyleableProperties
instanceKlass javafx/scene/control/Slider$StyleableProperties
instanceKlass org/hibernate/query/sqm/internal/ConcreteSqmSelectQueryPlan$1
instanceKlass javafx/scene/control/ComboBox$ComboBoxSelectionModel$1
instanceKlass javafx/scene/control/ComboBox$ComboBoxSelectionModel$2
instanceKlass javafx/scene/control/ComboBox$3
instanceKlass javafx/scene/control/SelectionModel
instanceKlass javafx/util/StringConverter
instanceKlass iuh/fit/presentation/controller/DatNhanPhongController
instanceKlass com/sun/prism/shader/FillRoundRect_RadialGradient_PAD_Loader
instanceKlass com/sun/javafx/geom/AreaIterator
instanceKlass com/sun/javafx/geom/Edge
instanceKlass com/sun/javafx/geom/ChainEnd
instanceKlass com/sun/javafx/geom/CurveLink
instanceKlass com/sun/javafx/geom/Curve
instanceKlass com/sun/javafx/geom/AreaOp
instanceKlass com/sun/javafx/sg/prism/NGRegion$1
instanceKlass com/sun/prism/shader/Texture_RadialGradient_PAD_Loader
instanceKlass java/lang/FdLibm$Cbrt
instanceKlass javafx/scene/shape/Arc$9
instanceKlass com/sun/javafx/geom/ArcIterator
instanceKlass javafx/scene/shape/ClosePath$1
instanceKlass com/sun/javafx/scene/shape/ClosePathHelper$ClosePathAccessor
instanceKlass javafx/scene/shape/ArcTo$1
instanceKlass com/sun/javafx/scene/shape/ArcToHelper$ArcToAccessor
instanceKlass javafx/scene/shape/Arc$1
instanceKlass com/sun/javafx/scene/shape/ArcHelper$ArcAccessor
instanceKlass javafx/scene/chart/PieChart$LabelLayoutInfo
instanceKlass com/sun/scenario/animation/shared/InterpolationInterval$1
instanceKlass com/sun/javafx/animation/KeyValueHelper
instanceKlass javafx/animation/KeyValue$1
instanceKlass com/sun/javafx/animation/KeyValueHelper$KeyValueAccessor
instanceKlass java/text/FieldPosition$Delegate
instanceKlass javafx/scene/Node$AccessibilityProperties
instanceKlass javafx/scene/chart/PieChart$Data
instanceKlass javafx/concurrent/Task$3
instanceKlass com/sun/javafx/geom/RoundRectIterator
instanceKlass com/sun/prism/shader/DrawPgram_Color_Loader
instanceKlass com/sun/prism/shader/FillPgram_Color_Loader
instanceKlass com/sun/javafx/font/directwrite/DWRITE_SCRIPT_ANALYSIS
instanceKlass iuh/fit/core/dto/PhongDTO
instanceKlass iuh/fit/infrastructure/mapper/PhongMapper
instanceKlass javafx/scene/chart/Chart$StyleableProperties
instanceKlass javafx/scene/chart/PieChart$StyleableProperties
instanceKlass org/hibernate/Hibernate
instanceKlass javafx/scene/layout/TilePane$StyleableProperties
instanceKlass org/hibernate/query/sqm/tree/SqmStatement$ParameterResolutions$1
instanceKlass javafx/concurrent/EventHelper
instanceKlass javafx/concurrent/Task$TaskCallable
instanceKlass com/sun/javafx/charts/Legend$LegendItem
instanceKlass javafx/animation/AnimationTimer$AnimationTimerReceiver
instanceKlass javafx/animation/AnimationTimer
instanceKlass javafx/scene/layout/BorderPane$BorderPositionProperty$1
instanceKlass javafx/collections/MapChangeListener$Change
instanceKlass com/sun/javafx/collections/ObservableMapWrapper
instanceKlass javafx/concurrent/Worker
instanceKlass iuh/fit/presentation/controller/MainController
instanceKlass com/sun/scenario/effect/impl/state/RenderState$3
instanceKlass com/sun/scenario/effect/impl/state/RenderState$2
instanceKlass com/sun/scenario/effect/impl/state/RenderState$1
instanceKlass iuh/fit/core/dto/TaiKhoanDTO
instanceKlass org/hibernate/engine/jdbc/internal/JdbcCoordinatorImpl$1
instanceKlass org/hibernate/event/internal/DefaultPostLoadEventListener$1
instanceKlass org/hibernate/engine/internal/ManagedTypeHelper$SelfDirtinessTrackerConsumer
instanceKlass org/hibernate/property/access/internal/PropertyAccessStrategyBackRefImpl$1
instanceKlass org/hibernate/property/access/internal/PropertyAccessStrategyBackRefImpl
instanceKlass org/hibernate/engine/internal/EntityEntryContext$ManagedEntityImpl
instanceKlass org/hibernate/engine/internal/AbstractEntityEntry$EnumState
instanceKlass org/hibernate/engine/spi/EntityEntryExtraState
instanceKlass org/hibernate/engine/internal/AbstractEntityEntry
instanceKlass org/hibernate/bytecode/enhance/spi/LazyPropertyInitializer$1
instanceKlass org/hibernate/sql/results/internal/RowTransformerStandardImpl
instanceKlass org/hibernate/sql/exec/internal/CallbackImpl
instanceKlass org/hibernate/loader/ast/internal/CacheEntityLoaderHelper$PersistenceContextEntry
instanceKlass org/hibernate/loader/ast/internal/CacheEntityLoaderHelper
instanceKlass org/hibernate/event/service/spi/EventActionWithParameter
instanceKlass org/hibernate/LockMode$1
instanceKlass org/hibernate/event/spi/LoadEventListener$LoadType
instanceKlass org/hibernate/sql/results/graph/embeddable/internal/EmbeddableAssembler
instanceKlass org/hibernate/engine/internal/ManagedTypeHelper$PersistentAttributeInterceptableAction
instanceKlass org/hibernate/engine/internal/StatefulPersistenceContext$EntityHolderImpl
instanceKlass org/hibernate/engine/spi/EntityKey
instanceKlass org/hibernate/type/descriptor/JdbcExtractingLogging
instanceKlass org/hibernate/sql/results/graph/entity/EntityLoadingLogging
instanceKlass org/hibernate/sql/results/LoadingLogger
instanceKlass org/mariadb/jdbc/message/client/QueryWithParametersPacket
instanceKlass org/mariadb/jdbc/codec/Parameter
instanceKlass org/hibernate/type/descriptor/JdbcBindingLogging
instanceKlass org/hibernate/engine/jdbc/spi/JdbcWrapper
instanceKlass org/mariadb/jdbc/util/ParameterList
instanceKlass org/mariadb/jdbc/util/ClientParser
instanceKlass org/mariadb/jdbc/util/PrepareResult
instanceKlass org/mariadb/jdbc/util/NativeSql
instanceKlass java/sql/ParameterMetaData
instanceKlass org/mariadb/jdbc/client/util/Parameters
instanceKlass org/mariadb/jdbc/client/util/Parameter
instanceKlass org/hibernate/engine/jdbc/internal/BasicFormatterImpl$FormatProcess
instanceKlass org/hibernate/engine/jdbc/internal/FormatStyle$NoFormatImpl
instanceKlass org/hibernate/engine/jdbc/internal/HighlightingFormatter
instanceKlass org/hibernate/engine/jdbc/internal/DDLFormatterImpl
instanceKlass org/hibernate/engine/jdbc/internal/BasicFormatterImpl
instanceKlass org/hibernate/engine/jdbc/internal/StatementPreparerImpl$StatementPreparationTemplate
instanceKlass org/hibernate/engine/jdbc/internal/StatementPreparerImpl
instanceKlass org/hibernate/sql/results/spi/LoadContexts
instanceKlass org/hibernate/query/named/RowReaderMemento
instanceKlass org/hibernate/sql/results/internal/StandardRowReader
instanceKlass org/hibernate/sql/results/internal/InitializersList
instanceKlass org/hibernate/sql/results/graph/collection/internal/AbstractCollectionInitializer
instanceKlass org/hibernate/sql/results/graph/entity/internal/EntityAssembler
instanceKlass org/hibernate/sql/results/internal/NavigablePathMapToInitializer$InitializerHolder
instanceKlass org/hibernate/sql/results/ResultsLogger
instanceKlass org/hibernate/sql/results/graph/entity/internal/EntitySelectFetchInitializerBuilder$1
instanceKlass org/hibernate/sql/results/graph/entity/internal/EntitySelectFetchInitializerBuilder
instanceKlass org/hibernate/sql/results/graph/AbstractFetchParentAccess
instanceKlass org/hibernate/sql/results/graph/entity/EntityInitializer
instanceKlass org/hibernate/sql/results/graph/FetchParentAccess
instanceKlass org/hibernate/sql/results/internal/ResultsHelper$1
instanceKlass org/hibernate/sql/results/internal/InitializersList$Builder
instanceKlass org/hibernate/sql/results/internal/NavigablePathMapToInitializer
instanceKlass org/hibernate/sql/results/spi/RowReader
instanceKlass org/hibernate/sql/results/graph/AssemblerCreationState
instanceKlass org/hibernate/sql/results/internal/ResultsHelper
instanceKlass org/hibernate/sql/results/jdbc/internal/JdbcValuesSourceProcessingStateStandardImpl
instanceKlass org/hibernate/sql/exec/internal/JdbcSelectExecutorStandardImpl$1
instanceKlass org/hibernate/sql/results/caching/internal/QueryCachePutManagerDisabledImpl
instanceKlass org/hibernate/sql/results/caching/QueryCachePutManager
instanceKlass org/hibernate/sql/results/jdbc/internal/AbstractJdbcValues
instanceKlass org/hibernate/sql/exec/SqlExecLogger
instanceKlass org/hibernate/sql/exec/internal/JdbcExecHelper
instanceKlass org/hibernate/dialect/pagination/AbstractLimitHandler
instanceKlass org/hibernate/sql/results/jdbc/internal/AbstractResultSetAccess
instanceKlass org/hibernate/sql/results/spi/ListResultsConsumer$1
instanceKlass org/hibernate/sql/results/jdbc/spi/RowProcessingState
instanceKlass org/hibernate/sql/results/spi/ListResultsConsumer$Results
instanceKlass org/hibernate/sql/results/jdbc/spi/JdbcValuesSourceProcessingState
instanceKlass org/hibernate/sql/results/spi/ListResultsConsumer
instanceKlass org/hibernate/query/spi/DelegatingQueryOptions
instanceKlass org/hibernate/sql/results/jdbc/spi/JdbcValues
instanceKlass org/hibernate/sql/results/jdbc/spi/JdbcValuesSourceProcessingOptions
instanceKlass org/hibernate/sql/results/jdbc/internal/ResultSetAccess
instanceKlass org/hibernate/sql/results/jdbc/spi/JdbcValuesMetadata
instanceKlass org/hibernate/sql/exec/internal/JdbcSelectExecutorStandardImpl
instanceKlass org/hibernate/engine/spi/SubselectFetch$StandardRegistrationHandler
instanceKlass org/hibernate/engine/spi/SubselectFetch$1
instanceKlass org/hibernate/engine/spi/SubselectFetch$RegistrationHandler
instanceKlass org/hibernate/engine/spi/SubselectFetch
instanceKlass org/hibernate/engine/spi/BatchFetchQueue
instanceKlass org/hibernate/metamodel/mapping/DiscriminatedAssociationModelPart
instanceKlass org/hibernate/query/internal/BindingTypeHelper
instanceKlass org/hibernate/sql/exec/internal/JdbcParameterBindingImpl
instanceKlass org/hibernate/sql/exec/internal/JdbcParameterBindingsImpl
instanceKlass org/hibernate/query/sqm/internal/ConcreteSqmSelectQueryPlan$2
instanceKlass org/hibernate/query/sqm/sql/StandardSqmTranslation
instanceKlass org/hibernate/sql/results/graph/instantiation/internal/DynamicInstantiation
instanceKlass org/hibernate/query/sqm/sql/internal/AbstractSqmPathInterpretation
instanceKlass org/hibernate/query/derived/AnonymousTupleEntityValuedModelPart
instanceKlass java/util/AbstractMap$SimpleEntry
instanceKlass org/hibernate/persister/entity/EntityNameUse
instanceKlass org/hibernate/query/sqm/sql/BaseSqmToSqlAstConverter$CteContainerImpl
instanceKlass org/hibernate/query/sqm/sql/SqmTranslation
instanceKlass org/hibernate/query/sqm/spi/BaseSemanticQueryWalker
instanceKlass org/hibernate/query/spi/ScrollableResultsImplementor
instanceKlass org/hibernate/sql/results/spi/ResultsConsumer
instanceKlass org/hibernate/query/sqm/internal/ConcreteSqmSelectQueryPlan$CacheableSqmInterpretation
instanceKlass org/hibernate/query/sqm/internal/ConcreteSqmSelectQueryPlan$SqmInterpreter
instanceKlass org/hibernate/sql/results/internal/RowTransformerSingularReturnImpl
instanceKlass org/hibernate/sql/exec/internal/BaseExecutionContext
instanceKlass org/hibernate/query/sqm/spi/SqmParameterMappingModelResolutionAccess
instanceKlass org/hibernate/query/sqm/internal/ConcreteSqmSelectQueryPlan
instanceKlass org/hibernate/query/sqm/tree/SqmDeleteOrUpdateStatement
instanceKlass org/hibernate/query/hql/internal/QuerySplitter
instanceKlass org/hibernate/query/sqm/internal/SqmInterpretationsKey
instanceKlass org/hibernate/query/sqm/internal/AppliedGraphs
instanceKlass org/hibernate/query/spi/QueryParameterBindingValidator
instanceKlass org/hibernate/query/internal/QueryParameterBindingImpl
instanceKlass org/hibernate/query/TypedParameterValue
instanceKlass org/hibernate/jpa/internal/LegacySpecHelper
instanceKlass jakarta/persistence/Tuple
instanceKlass org/hibernate/query/spi/QueryParameterBindings$2
instanceKlass org/hibernate/query/spi/QueryParameterBindings$1
instanceKlass org/hibernate/cache/MutableCacheKeyBuilder
instanceKlass org/hibernate/query/spi/QueryParameterBinding
instanceKlass org/hibernate/cache/spi/QueryKey$ParameterBindingsMemento
instanceKlass org/hibernate/query/internal/QueryParameterBindingsImpl
instanceKlass java/util/IdentityHashMap$EntryIterator$Entry
instanceKlass org/hibernate/query/internal/QueryOptionsImpl
instanceKlass org/hibernate/query/sqm/spi/NamedSqmQueryMemento
instanceKlass org/hibernate/query/spi/QueryParameterBindings
instanceKlass org/hibernate/query/spi/NonSelectQueryPlan
instanceKlass org/hibernate/query/spi/QueryInterpretationCache$Key
instanceKlass org/hibernate/query/ResultListTransformer
instanceKlass org/hibernate/ScrollableResults
instanceKlass org/hibernate/query/spi/MutableQueryOptions
instanceKlass org/hibernate/query/spi/AbstractCommonQueryContract
instanceKlass org/hibernate/query/spi/DomainQueryExecutionContext
instanceKlass org/hibernate/query/sqm/internal/SqmInterpretationsKey$InterpretationsKeySource
instanceKlass org/hibernate/query/sqm/internal/SqmInterpretationsKey$CacheabilityInfluencers
instanceKlass org/hibernate/query/hql/spi/SqmQueryImplementor
instanceKlass org/hibernate/query/spi/SqmQuery
instanceKlass org/hibernate/query/spi/SimpleHqlInterpretationImpl
instanceKlass org/hibernate/query/internal/ParameterMetadataImpl
instanceKlass org/hibernate/query/spi/AbstractQueryParameter
instanceKlass org/hibernate/query/sqm/internal/SqmUtil$1
instanceKlass org/hibernate/query/sqm/tree/SqmStatement$ParameterResolutions
instanceKlass org/hibernate/query/sqm/internal/SqmUtil
instanceKlass org/hibernate/query/spi/QueryParameterImplementor
instanceKlass org/hibernate/query/QueryParameter
instanceKlass org/hibernate/query/sqm/internal/DomainParameterXref
instanceKlass org/hibernate/query/sqm/internal/SqmTreePrinter
instanceKlass org/hibernate/query/internal/QueryHelper
instanceKlass org/hibernate/query/sqm/internal/TypecheckUtil
instanceKlass org/hibernate/metamodel/model/domain/DiscriminatorSqmPath
instanceKlass org/hibernate/metamodel/model/domain/internal/PathHelper
instanceKlass org/hibernate/query/sqm/tree/domain/SqmSimplePath
instanceKlass org/hibernate/query/sqm/tree/predicate/SqmWhereClause
instanceKlass org/hibernate/query/hql/internal/DomainPathPart
instanceKlass org/hibernate/query/hql/internal/BasicDotIdentifierConsumer$BaseLocalSequencePart
instanceKlass org/hibernate/query/sqm/tree/select/SqmAliasedExpressionContainer
instanceKlass org/hibernate/query/sqm/SqmTreeCreationLogger
instanceKlass org/hibernate/query/sqm/spi/SqmCreationHelper
instanceKlass org/hibernate/query/sqm/tree/domain/SqmCorrelation
instanceKlass org/hibernate/query/criteria/JpaDerivedJoin
instanceKlass org/hibernate/query/sqm/tree/domain/SqmPolymorphicRootDescriptor
instanceKlass org/hibernate/query/hql/internal/SqmTreeCreationHelper
instanceKlass org/hibernate/query/sqm/tree/from/SqmFromClause
instanceKlass org/hibernate/query/criteria/JpaEntityJoin
instanceKlass org/hibernate/query/criteria/JpaCrossJoin
instanceKlass org/hibernate/query/hql/internal/SqmPathRegistryImpl
instanceKlass org/hibernate/query/hql/spi/SqmPathRegistry
instanceKlass org/hibernate/query/sqm/internal/SqmCreationProcessingStateImpl
instanceKlass org/hibernate/query/sqm/tree/SqmCopyContext
instanceKlass org/hibernate/query/criteria/JpaCteCriteria
instanceKlass org/hibernate/query/hql/internal/BasicDotIdentifierConsumer
instanceKlass org/hibernate/query/sqm/spi/ParameterDeclarationContext
instanceKlass org/hibernate/query/sqm/tree/insert/SqmInsertStatement
instanceKlass org/hibernate/query/hql/spi/SqmCreationProcessingState
instanceKlass org/hibernate/query/sqm/internal/ParameterCollector
instanceKlass org/hibernate/query/criteria/JpaQueryStructure
instanceKlass org/hibernate/query/sqm/tree/predicate/SqmWhereClauseContainer
instanceKlass org/hibernate/query/sqm/tree/from/SqmFromClauseContainer
instanceKlass org/hibernate/query/sqm/tree/expression/SqmParameter
instanceKlass org/hibernate/query/hql/spi/DotIdentifierConsumer
instanceKlass org/hibernate/query/sqm/tree/select/SqmAliasedNode
instanceKlass org/hibernate/query/criteria/JpaDerivedRoot
instanceKlass org/hibernate/query/criteria/JpaDerivedFrom
instanceKlass org/antlr/v4/runtime/tree/AbstractParseTreeVisitor
instanceKlass org/hibernate/grammars/hql/HqlParserVisitor
instanceKlass org/antlr/v4/runtime/tree/ParseTreeVisitor
instanceKlass org/hibernate/query/hql/spi/SqmCreationState
instanceKlass org/antlr/v4/runtime/tree/TerminalNodeImpl
instanceKlass org/antlr/v4/runtime/atn/LexerIndexedCustomAction
instanceKlass org/antlr/v4/runtime/atn/LexerActionExecutor
instanceKlass org/antlr/v4/runtime/misc/FlexibleHashMap$Entry
instanceKlass org/antlr/v4/runtime/misc/FlexibleHashMap
instanceKlass org/antlr/v4/runtime/misc/DoubleKeyMap
instanceKlass org/antlr/v4/runtime/CommonToken
instanceKlass org/antlr/v4/runtime/WritableToken
instanceKlass org/antlr/v4/runtime/misc/MurmurHash
instanceKlass org/hibernate/query/hql/internal/StandardHqlTranslator$1
instanceKlass org/antlr/v4/runtime/atn/ParserATNSimulator$1
instanceKlass org/antlr/v4/runtime/atn/SemanticContext
instanceKlass org/antlr/v4/runtime/DefaultErrorStrategy
instanceKlass org/antlr/v4/runtime/BufferedTokenStream
instanceKlass java/security/CodeSigner
instanceKlass org/antlr/v4/runtime/tree/ErrorNode
instanceKlass org/antlr/v4/runtime/tree/TerminalNode
instanceKlass org/antlr/v4/runtime/tree/ParseTreeListener
instanceKlass org/antlr/v4/runtime/RuleContext
instanceKlass org/antlr/v4/runtime/tree/RuleNode
instanceKlass org/antlr/v4/runtime/tree/ParseTree
instanceKlass org/antlr/v4/runtime/tree/SyntaxTree
instanceKlass org/antlr/v4/runtime/tree/Tree
instanceKlass org/antlr/v4/runtime/atn/LexerATNSimulator$SimState
instanceKlass org/antlr/v4/runtime/misc/AbstractEqualityComparator
instanceKlass org/antlr/v4/runtime/misc/EqualityComparator
instanceKlass org/antlr/v4/runtime/misc/Array2DHashSet
instanceKlass org/antlr/v4/runtime/dfa/DFAState
instanceKlass org/antlr/v4/runtime/atn/ATNConfig
instanceKlass org/antlr/v4/runtime/atn/ATNConfigSet
instanceKlass org/antlr/v4/runtime/misc/IntegerList
instanceKlass org/antlr/v4/runtime/Token
instanceKlass org/antlr/v4/runtime/CommonTokenFactory
instanceKlass org/antlr/v4/runtime/TokenFactory
instanceKlass org/antlr/v4/runtime/BaseErrorListener
instanceKlass org/antlr/v4/runtime/CodePointCharStream$1
instanceKlass org/antlr/v4/runtime/CodePointCharStream
instanceKlass org/antlr/v4/runtime/CodePointBuffer$1
instanceKlass org/antlr/v4/runtime/CodePointBuffer$Builder
instanceKlass org/antlr/v4/runtime/CodePointBuffer
instanceKlass org/antlr/v4/runtime/CharStreams
instanceKlass org/antlr/v4/runtime/dfa/DFASerializer
instanceKlass org/antlr/v4/runtime/dfa/DFA
instanceKlass org/antlr/v4/runtime/atn/LexerSkipAction
instanceKlass org/antlr/v4/runtime/atn/ATNDeserializer$1
instanceKlass org/antlr/v4/runtime/misc/Interval
instanceKlass org/antlr/v4/runtime/misc/IntervalSet
instanceKlass org/antlr/v4/runtime/misc/Pair
instanceKlass org/antlr/v4/runtime/misc/IntSet
instanceKlass org/antlr/v4/runtime/atn/ATN
instanceKlass org/antlr/v4/runtime/atn/ATNDeserializationOptions
instanceKlass org/antlr/v4/runtime/atn/ATNState
instanceKlass org/antlr/v4/runtime/atn/Transition
instanceKlass org/antlr/v4/runtime/atn/LexerAction
instanceKlass org/antlr/v4/runtime/atn/ATNDeserializer
instanceKlass org/antlr/v4/runtime/VocabularyImpl
instanceKlass org/antlr/v4/runtime/atn/PredictionContext
instanceKlass org/antlr/v4/runtime/atn/PredictionContextCache
instanceKlass org/antlr/v4/runtime/RuntimeMetaData
instanceKlass org/antlr/v4/runtime/Vocabulary
instanceKlass org/antlr/v4/runtime/atn/ATNSimulator
instanceKlass org/antlr/v4/runtime/Recognizer
instanceKlass org/antlr/v4/runtime/TokenStream
instanceKlass org/antlr/v4/runtime/TokenSource
instanceKlass org/antlr/v4/runtime/CharStream
instanceKlass org/antlr/v4/runtime/IntStream
instanceKlass org/hibernate/query/hql/internal/HqlParseTreeBuilder
instanceKlass org/hibernate/query/hql/HqlLogging
instanceKlass org/hibernate/query/internal/QueryInterpretationCacheStandardImpl$HqlInterpretationCacheKey
instanceKlass org/hibernate/resource/transaction/backend/jta/internal/JtaTransactionCoordinatorImpl
instanceKlass org/hibernate/resource/transaction/backend/jta/internal/synchronization/SynchronizationCallbackTarget
instanceKlass org/checkerframework/dataflow/qual/SideEffectFree
instanceKlass org/hibernate/stat/internal/AbstractCacheableDataStatistics
instanceKlass org/hibernate/stat/internal/CacheRegionStatisticsImpl
instanceKlass org/hibernate/stat/internal/QueryStatisticsImpl
instanceKlass org/hibernate/stat/internal/StatsNamedContainer
instanceKlass org/hibernate/stat/NaturalIdStatistics
instanceKlass org/hibernate/stat/CollectionStatistics
instanceKlass org/hibernate/stat/EntityStatistics
instanceKlass org/hibernate/stat/CacheableDataStatistics
instanceKlass org/hibernate/stat/CacheRegionStatistics
instanceKlass org/hibernate/stat/QueryStatistics
instanceKlass org/hibernate/stat/internal/StatisticsImpl
instanceKlass org/hibernate/engine/spi/ExecutableList$Sorter
instanceKlass org/hibernate/engine/spi/ActionQueue
instanceKlass org/hibernate/engine/internal/EntityEntryContext
instanceKlass org/hibernate/engine/spi/NaturalIdResolutions
instanceKlass org/hibernate/engine/spi/EntityHolder
instanceKlass org/hibernate/engine/internal/StatefulPersistenceContext
instanceKlass org/hibernate/internal/NonContextualJdbcConnectionAccess
instanceKlass org/hibernate/internal/JdbcObserverImpl
instanceKlass org/hibernate/internal/JdbcSessionContextImpl
instanceKlass org/hibernate/internal/SharedSessionCreationOptions
instanceKlass org/hibernate/resource/jdbc/internal/EmptyStatementInspector
instanceKlass org/hibernate/engine/internal/SessionEventListenerManagerImpl
instanceKlass org/hibernate/cache/internal/NoCachingTransactionSynchronizationImpl
instanceKlass org/hibernate/LobHelper
instanceKlass org/hibernate/SharedSessionBuilder
instanceKlass org/hibernate/NaturalIdLoadAccess
instanceKlass org/hibernate/MultiIdentifierLoadAccess
instanceKlass org/hibernate/Session$LockRequest
instanceKlass org/hibernate/IdentifierLoadAccess
instanceKlass org/hibernate/SimpleNaturalIdLoadAccess
instanceKlass org/hibernate/NaturalIdMultiLoadAccess
instanceKlass org/hibernate/engine/transaction/spi/TransactionObserver
instanceKlass org/hibernate/resource/transaction/spi/TransactionObserver
instanceKlass org/hibernate/stat/SessionStatistics
instanceKlass org/hibernate/engine/spi/PersistenceContext
instanceKlass org/hibernate/engine/spi/SessionEventListenerManager
instanceKlass org/hibernate/procedure/ProcedureCall
instanceKlass jakarta/persistence/StoredProcedureQuery
instanceKlass org/hibernate/engine/spi/ExceptionConverter
instanceKlass org/hibernate/query/TupleTransformer
instanceKlass org/hibernate/query/sql/spi/NativeQueryImplementor
instanceKlass org/hibernate/query/named/NameableQuery
instanceKlass org/hibernate/query/spi/QueryImplementor
instanceKlass org/hibernate/graph/spi/RootGraphImplementor
instanceKlass org/hibernate/engine/transaction/spi/TransactionImplementor
instanceKlass org/hibernate/Transaction
instanceKlass jakarta/persistence/EntityTransaction
instanceKlass org/hibernate/query/NativeQuery
instanceKlass org/hibernate/query/SynchronizeableQuery
instanceKlass org/hibernate/query/Query
instanceKlass jakarta/persistence/TypedQuery
instanceKlass jakarta/persistence/Query
instanceKlass org/hibernate/query/MutationQuery
instanceKlass org/hibernate/query/SelectionQuery
instanceKlass org/hibernate/query/CommonQueryContract
instanceKlass org/hibernate/internal/AbstractSharedSessionContract
instanceKlass org/hibernate/loader/internal/LoadAccessContext
instanceKlass org/hibernate/event/spi/EventSource
instanceKlass org/hibernate/internal/SessionFactoryRegistry$1
instanceKlass org/hibernate/internal/SessionFactoryRegistry
instanceKlass javax/naming/event/NamespaceChangeListener
instanceKlass javax/naming/event/NamingListener
instanceKlass javax/naming/Context
instanceKlass org/hibernate/engine/jndi/internal/JndiServiceImpl
instanceKlass org/hibernate/tool/schema/spi/DelayedDropAction
instanceKlass org/hibernate/boot/query/NamedNativeQueryDefinition
instanceKlass jakarta/transaction/Transaction
instanceKlass jakarta/transaction/TransactionManager
instanceKlass jakarta/transaction/UserTransaction
instanceKlass jakarta/transaction/Synchronization
instanceKlass org/hibernate/engine/transaction/jta/platform/internal/NoJtaPlatform
instanceKlass org/hibernate/engine/transaction/jta/platform/spi/JtaPlatformProvider
instanceKlass org/hibernate/engine/transaction/jta/platform/internal/StandardJtaPlatformResolver
instanceKlass org/hibernate/persister/entity/SessionFactoryBasedWrapperOptions
instanceKlass org/hibernate/StatelessSession
instanceKlass org/hibernate/internal/SessionFactoryImpl$StatelessSessionBuilderImpl
instanceKlass org/hibernate/resource/transaction/backend/jta/internal/synchronization/ExceptionMapper
instanceKlass org/hibernate/internal/SessionFactoryImpl$SessionBuilderImpl
instanceKlass org/hibernate/internal/SessionCreationOptions
instanceKlass org/hibernate/engine/profile/FetchProfile
instanceKlass org/hibernate/internal/FetchProfileHelper
instanceKlass org/hibernate/metamodel/model/domain/internal/JpaMetamodelImpl$1
instanceKlass org/hibernate/metamodel/model/domain/ListPersistentAttribute
instanceKlass org/hibernate/metamodel/model/domain/PluralPersistentAttribute
instanceKlass org/hibernate/metamodel/model/domain/internal/PluralAttributeBuilder
instanceKlass org/hibernate/metamodel/internal/PluralAttributeMetadataImpl$1
instanceKlass org/hibernate/metamodel/internal/PluralAttributeMetadataImpl$3
instanceKlass org/hibernate/metamodel/model/domain/internal/BasicTypeImpl
instanceKlass java/sql/RowId
instanceKlass java/sql/Ref
instanceKlass org/hibernate/type/descriptor/jdbc/JdbcTypeJavaClassMappings
instanceKlass org/hibernate/metamodel/internal/PluralAttributeMetadata
instanceKlass org/hibernate/metamodel/model/domain/internal/AbstractSqmPathSource
instanceKlass org/hibernate/metamodel/model/domain/internal/CompositeSqmPathSource
instanceKlass org/hibernate/metamodel/model/domain/AnyMappingDomainType
instanceKlass org/hibernate/query/sqm/internal/SqmMappingModelHelper
instanceKlass org/hibernate/metamodel/internal/SingularAttributeMetadataImpl$2
instanceKlass org/hibernate/metamodel/internal/AttributeFactory$2
instanceKlass org/hibernate/metamodel/internal/SingularAttributeMetadataImpl$1
instanceKlass org/hibernate/metamodel/internal/ValueContext
instanceKlass org/hibernate/metamodel/internal/BaseAttributeMetadata
instanceKlass org/hibernate/metamodel/internal/SingularAttributeMetadata
instanceKlass org/hibernate/property/access/internal/PropertyAccessMapImpl$GetterImpl
instanceKlass org/hibernate/metamodel/internal/AttributeFactory$1
instanceKlass org/hibernate/persister/entity/DiscriminatorMetadata
instanceKlass org/hibernate/metamodel/model/domain/AbstractManagedType$InFlightAccessImpl
instanceKlass jakarta/persistence/metamodel/ListAttribute
instanceKlass jakarta/persistence/metamodel/MapAttribute
instanceKlass jakarta/persistence/metamodel/SetAttribute
instanceKlass org/hibernate/metamodel/model/domain/internal/AttributeContainer$InFlightAccess
instanceKlass jakarta/persistence/metamodel/CollectionAttribute
instanceKlass jakarta/persistence/metamodel/PluralAttribute
instanceKlass org/hibernate/metamodel/model/domain/AbstractDomainType
instanceKlass org/hibernate/metamodel/model/domain/internal/AttributeContainer
instanceKlass org/hibernate/metamodel/internal/MemberResolver
instanceKlass org/hibernate/metamodel/internal/AttributeContext
instanceKlass org/hibernate/metamodel/internal/AttributeMetadata
instanceKlass org/hibernate/metamodel/model/domain/internal/AbstractAttribute
instanceKlass org/hibernate/metamodel/internal/AttributeFactory
instanceKlass org/hibernate/metamodel/model/domain/SingularPersistentAttribute
instanceKlass org/hibernate/query/sqm/SqmJoinable
instanceKlass org/hibernate/metamodel/model/domain/PersistentAttribute
instanceKlass jakarta/persistence/metamodel/SingularAttribute
instanceKlass jakarta/persistence/metamodel/Attribute
instanceKlass org/hibernate/metamodel/model/domain/EmbeddableDomainType
instanceKlass org/hibernate/metamodel/internal/MetadataContext
instanceKlass org/hibernate/metamodel/model/domain/internal/JpaMetamodelImpl$ImportInfo
instanceKlass org/hibernate/sql/exec/spi/JdbcParameterBindings$1
instanceKlass org/hibernate/metamodel/mapping/PluralAttributeMapping$PredicateConsumer
instanceKlass org/hibernate/sql/results/graph/collection/CollectionInitializer
instanceKlass org/hibernate/sql/results/graph/collection/internal/BagInitializerProducer
instanceKlass org/hibernate/sql/results/internal/domain/CircularFetchImpl
instanceKlass org/hibernate/sql/results/graph/BiDirectionalFetch
instanceKlass org/hibernate/metamodel/mapping/internal/EmbeddedCollectionPart
instanceKlass org/hibernate/collection/spi/InitializerProducerBuilder$1
instanceKlass org/hibernate/collection/spi/CollectionInitializerProducer
instanceKlass org/hibernate/collection/spi/InitializerProducerBuilder
instanceKlass org/hibernate/sql/results/graph/collection/internal/CollectionDomainResult
instanceKlass org/hibernate/sql/results/graph/collection/CollectionResultGraphNode
instanceKlass org/hibernate/loader/ast/internal/CollectionLoaderSingleKey
instanceKlass org/hibernate/loader/ast/internal/MultiKeyLoadHelper
instanceKlass org/hibernate/sql/exec/spi/JdbcParametersList$JdbcParametersListSingleton
instanceKlass org/hibernate/loader/ast/internal/AbstractMultiIdEntityLoader
instanceKlass org/hibernate/sql/results/jdbc/internal/StandardJdbcValuesMapping
instanceKlass org/hibernate/sql/results/jdbc/spi/JdbcValuesMapping
instanceKlass org/hibernate/sql/results/jdbc/internal/JdbcValuesMappingProducerStandard
instanceKlass org/hibernate/sql/exec/spi/AbstractJdbcOperationQuery
instanceKlass org/hibernate/query/sqm/sql/internal/SqmParameterInterpretation
instanceKlass org/hibernate/sql/ast/spi/AbstractSqlAstTranslator$1
instanceKlass org/hibernate/sql/ast/tree/SqlAstTreeLogger
instanceKlass org/hibernate/sql/ast/SqlTreePrinter
instanceKlass org/hibernate/sql/results/graph/DomainResultGraphPrinter$Logging
instanceKlass org/hibernate/sql/results/graph/DomainResultGraphPrinter
instanceKlass org/hibernate/sql/ast/tree/insert/InsertStatement
instanceKlass org/hibernate/sql/exec/spi/ExecutionContext
instanceKlass org/hibernate/sql/exec/spi/Callback
instanceKlass org/hibernate/sql/exec/spi/JdbcParameterBindings
instanceKlass org/hibernate/sql/results/spi/RowTransformer
instanceKlass org/hibernate/sql/ast/tree/predicate/AbstractPredicate
instanceKlass org/hibernate/sql/ast/tree/expression/SqlTuple
instanceKlass org/hibernate/sql/ast/tree/expression/SqlTupleContainer
instanceKlass org/hibernate/sql/results/graph/entity/internal/AbstractNonJoinedEntityFetch
instanceKlass org/hibernate/sql/results/graph/basic/BasicResult
instanceKlass org/hibernate/sql/ast/spi/SqlAstTreeHelper
instanceKlass org/hibernate/sql/ast/tree/predicate/ComparisonPredicate
instanceKlass org/hibernate/sql/ast/tree/from/DelegatingTableGroup
instanceKlass org/hibernate/metamodel/mapping/internal/ToOneAttributeMapping$1
instanceKlass org/hibernate/sql/results/graph/collection/internal/CollectionFetch
instanceKlass org/hibernate/sql/results/graph/internal/ImmutableFetchList$FetchIterator
instanceKlass org/hibernate/sql/results/graph/basic/BasicResultAssembler
instanceKlass org/hibernate/sql/results/graph/basic/BasicFetch
instanceKlass org/hibernate/sql/results/graph/basic/BasicResultGraphNode
instanceKlass org/hibernate/sql/results/internal/SqlSelectionImpl
instanceKlass org/hibernate/sql/ast/spi/SqlExpressionAccess
instanceKlass org/hibernate/sql/ast/spi/SqlExpressionResolver$ColumnReferenceKey
instanceKlass org/hibernate/loader/ast/internal/LoaderSelectBuilder$FetchableConsumer
instanceKlass org/hibernate/sql/results/graph/internal/ImmutableFetchList$Builder
instanceKlass org/hibernate/sql/ast/tree/from/TableGroupJoin
instanceKlass org/hibernate/sql/ast/tree/from/VirtualTableGroup
instanceKlass org/hibernate/sql/results/graph/embeddable/EmbeddableResultGraphNode
instanceKlass org/hibernate/query/results/ResultsHelper
instanceKlass org/hibernate/sql/results/graph/Initializer
instanceKlass org/hibernate/sql/results/graph/DomainResultAssembler
instanceKlass org/hibernate/sql/results/graph/AbstractFetchParent
instanceKlass org/hibernate/sql/results/graph/entity/EntityResult
instanceKlass org/hibernate/sql/ast/tree/from/PluralTableGroup
instanceKlass org/hibernate/sql/ast/tree/from/TableReferenceJoin
instanceKlass org/hibernate/sql/ast/tree/from/TableJoin
instanceKlass org/hibernate/sql/ast/tree/from/AbstractColumnReferenceQualifier
instanceKlass org/hibernate/sql/ast/SqlTreeCreationLogger
instanceKlass org/hibernate/sql/ast/spi/SqlAliasBaseImpl
instanceKlass org/hibernate/sql/ast/spi/SqlExpressionResolver$1
instanceKlass org/hibernate/query/sqm/sql/internal/SqlAstProcessingStateImpl
instanceKlass org/hibernate/query/sqm/sql/BaseSqmToSqlAstConverter$SqmAliasedNodeCollector
instanceKlass org/hibernate/sql/results/graph/internal/ImmutableFetchList
instanceKlass org/hibernate/sql/results/graph/FetchList
instanceKlass org/hibernate/loader/ast/internal/LoaderSqlAstCreationState$FetchProcessor
instanceKlass org/hibernate/sql/ast/spi/SimpleFromClauseAccessImpl
instanceKlass org/hibernate/sql/ast/spi/SqlAliasBaseManager
instanceKlass org/hibernate/sql/ast/spi/SqlAliasBaseGenerator
instanceKlass org/hibernate/sql/ast/spi/SqlExpressionResolver
instanceKlass org/hibernate/loader/ast/internal/LoaderSqlAstCreationState
instanceKlass org/hibernate/sql/ast/spi/SqlAstQueryPartProcessingState
instanceKlass org/hibernate/sql/ast/spi/SqlAstProcessingState
instanceKlass org/hibernate/sql/ast/tree/select/SelectClause
instanceKlass org/hibernate/sql/ast/tree/from/FromClause
instanceKlass org/hibernate/spi/NavigablePath$FullPathCalculator
instanceKlass org/hibernate/spi/NavigablePath
instanceKlass org/hibernate/sql/results/graph/EntityGraphTraversalState
instanceKlass org/hibernate/loader/ast/internal/LoaderSelectBuilder
instanceKlass org/hibernate/sql/exec/spi/JdbcParametersList$Builder
instanceKlass org/hibernate/sql/exec/spi/JdbcParametersList$JdbcParametersListMulti
instanceKlass org/hibernate/sql/exec/spi/JdbcParametersList
instanceKlass org/hibernate/loader/ast/internal/SingleIdLoadPlan
instanceKlass org/hibernate/loader/ast/internal/SingleEntityLoadPlan
instanceKlass org/hibernate/loader/ast/internal/LoadPlan
instanceKlass org/hibernate/loader/ast/internal/SingleIdEntityLoaderSupport
instanceKlass org/hibernate/engine/spi/EffectiveEntityGraph
instanceKlass org/hibernate/graph/spi/AppliedGraph
instanceKlass org/hibernate/Filter
instanceKlass org/hibernate/engine/spi/LoadQueryInfluencers
instanceKlass org/hibernate/persister/entity/mutation/UpdateCoordinatorStandard$SkippedAttributeAnalysis
instanceKlass org/hibernate/sql/model/jdbc/OptionalTableUpdateOperation
instanceKlass org/hibernate/sql/model/SelfExecutingUpdateOperation
instanceKlass org/hibernate/sql/model/ast/TableDelete
instanceKlass org/hibernate/sql/model/ast/builder/TableDeleteBuilder
instanceKlass org/hibernate/sql/model/ast/TableUpdate
instanceKlass org/hibernate/persister/entity/mutation/UpdateCoordinatorStandard$DirtinessChecker
instanceKlass org/hibernate/persister/entity/mutation/UpdateCoordinatorStandard$ColumnSetAnalysis
instanceKlass org/hibernate/persister/entity/mutation/UpdateCoordinatorStandard$1
instanceKlass org/hibernate/persister/entity/mutation/UpdateCoordinatorStandard$IncludedAttributeAnalysis
instanceKlass org/hibernate/persister/entity/mutation/TableSet
instanceKlass org/hibernate/persister/entity/mutation/UpdateCoordinatorStandard$AttributeAnalysisImplementor
instanceKlass org/hibernate/persister/entity/mutation/AttributeAnalysis
instanceKlass org/hibernate/persister/entity/mutation/UpdateCoordinatorStandard$UpdateValuesAnalysisImpl
instanceKlass org/hibernate/persister/entity/mutation/UpdateValuesAnalysis
instanceKlass org/hibernate/persister/entity/mutation/UpdateCoordinatorStandard$InclusionChecker
instanceKlass org/hibernate/metamodel/mapping/ModelPart$JdbcValueConsumer
instanceKlass org/hibernate/sql/model/ast/builder/TableUpdateBuilder
instanceKlass org/hibernate/sql/model/ast/builder/RestrictedTableMutationBuilder
instanceKlass org/hibernate/sql/model/internal/EntityMutationOperationGroupStandard
instanceKlass org/hibernate/sql/model/EntityMutationOperationGroup
instanceKlass org/hibernate/sql/model/internal/MutationOperationGroupFactory
instanceKlass org/hibernate/engine/jdbc/mutation/internal/JdbcValueDescriptorImpl
instanceKlass org/hibernate/sql/model/jdbc/JdbcValueDescriptor
instanceKlass org/hibernate/sql/model/jdbc/AbstractJdbcMutation
instanceKlass org/hibernate/query/spi/QueryOptionsAdapter
instanceKlass org/hibernate/query/spi/Limit
instanceKlass org/hibernate/engine/jdbc/mutation/internal/MutationQueryOptions
instanceKlass org/hibernate/internal/util/collections/StandardStack
instanceKlass org/hibernate/sql/exec/internal/JdbcParametersImpl
instanceKlass org/hibernate/sql/exec/spi/JdbcParameters
instanceKlass org/hibernate/internal/util/collections/Stack
instanceKlass org/hibernate/sql/exec/spi/JdbcParameterBinding
instanceKlass org/hibernate/sql/ast/tree/from/AbstractTableReference
instanceKlass org/hibernate/sql/exec/spi/JdbcOperationQueryInsert
instanceKlass org/hibernate/sql/exec/spi/JdbcOperationQueryMutation
instanceKlass org/hibernate/sql/exec/spi/JdbcOperationQuery
instanceKlass org/hibernate/sql/ast/tree/expression/Literal
instanceKlass org/hibernate/sql/ast/spi/AbstractSqlAstTranslator
instanceKlass org/hibernate/sql/model/internal/MutationGroupSingle
instanceKlass org/hibernate/sql/model/ast/AbstractTableMutation
instanceKlass org/hibernate/id/insert/InsertGeneratedIdentifierDelegate
instanceKlass org/hibernate/sql/model/ast/ColumnValueBinding
instanceKlass org/hibernate/sql/model/ast/ColumnWriteFragment
instanceKlass org/hibernate/sql/exec/internal/AbstractJdbcParameter
instanceKlass org/hibernate/sql/exec/spi/JdbcParameterBinder
instanceKlass org/hibernate/sql/ast/tree/expression/JdbcParameter
instanceKlass org/hibernate/sql/ast/spi/SqlSelection
instanceKlass org/hibernate/sql/ast/tree/expression/ColumnReference
instanceKlass org/hibernate/sql/model/ast/builder/ColumnValueBindingBuilder
instanceKlass org/hibernate/sql/ast/tree/from/ColumnReferenceQualifier$1
instanceKlass org/hibernate/sql/model/ast/MutatingTableReference
instanceKlass org/hibernate/sql/model/ast/TableInsert
instanceKlass org/hibernate/sql/model/ast/builder/AbstractTableMutationBuilder
instanceKlass org/hibernate/sql/model/ast/MutationGroup
instanceKlass org/hibernate/sql/model/ast/builder/MutationGroupBuilder
instanceKlass org/hibernate/engine/jdbc/batch/internal/BasicBatchKey
instanceKlass org/hibernate/sql/model/ValuesAnalysis
instanceKlass org/hibernate/sql/model/ast/builder/TableInsertBuilder
instanceKlass org/hibernate/sql/model/ast/builder/ColumnValuesTableMutationBuilder
instanceKlass org/hibernate/sql/model/ast/builder/TableMutationBuilder
instanceKlass org/hibernate/persister/entity/mutation/AbstractMutationCoordinator
instanceKlass org/hibernate/persister/entity/mutation/EntityTableMapping
instanceKlass org/hibernate/persister/entity/mutation/EntityTableMapping$KeyMapping
instanceKlass org/hibernate/metamodel/mapping/TableDetails$KeyDetails
instanceKlass org/hibernate/persister/entity/AbstractEntityPersister$TableMappingBuilder
instanceKlass org/hibernate/persister/entity/mutation/EntityTableMapping$KeyColumn
instanceKlass org/hibernate/metamodel/mapping/TableDetails$KeyColumn
instanceKlass org/hibernate/metamodel/mapping/SelectableConsumer$MutableSelectableMapping
instanceKlass org/hibernate/persister/entity/AbstractEntityPersister$MutabilityOrderedTableConsumer
instanceKlass org/hibernate/metamodel/mapping/internal/SelectableMappingsImpl
instanceKlass org/hibernate/metamodel/mapping/SelectableConsumer$1
instanceKlass org/hibernate/internal/util/IndexedConsumer
instanceKlass org/hibernate/metamodel/mapping/AssociationKey
instanceKlass org/hibernate/metamodel/mapping/internal/SimpleForeignKeyDescriptorSide
instanceKlass org/hibernate/metamodel/mapping/ForeignKeyDescriptor$Side
instanceKlass org/hibernate/metamodel/mapping/internal/SimpleForeignKeyDescriptor
instanceKlass org/hibernate/metamodel/mapping/internal/SqlTypedMappingImpl
instanceKlass org/hibernate/property/access/internal/ChainedPropertyAccessImpl
instanceKlass org/hibernate/metamodel/mapping/MappingModelCreationLogging
instanceKlass org/hibernate/metamodel/mapping/internal/PluralAttributeMappingImpl$1
instanceKlass org/hibernate/metamodel/mapping/PluralAttributeMapping$IndexMetadata
instanceKlass org/hibernate/metamodel/mapping/internal/FetchOptionsHelper$1
instanceKlass org/hibernate/metamodel/mapping/internal/MappingModelCreationHelper$CollectionMappingTypeImpl
instanceKlass org/hibernate/metamodel/mapping/internal/MappingModelCreationHelper$2
instanceKlass org/hibernate/metamodel/mapping/internal/AbstractEntityCollectionPart
instanceKlass org/hibernate/metamodel/mapping/internal/MappingModelCreationHelper$1
instanceKlass org/hibernate/engine/spi/IdentifierValue
instanceKlass org/hibernate/engine/spi/UnsavedValueStrategy
instanceKlass org/hibernate/engine/internal/UnsavedValueFactory
instanceKlass org/hibernate/metamodel/mapping/internal/BasicEntityIdentifierMappingImpl
instanceKlass org/hibernate/metamodel/mapping/BasicEntityIdentifierMapping
instanceKlass org/hibernate/metamodel/mapping/internal/ImmutableAttributeMappingsMap$AttributeMappingIterator
instanceKlass org/hibernate/metamodel/mapping/internal/ImmutableAttributeMappingsMap$AttributeMappingIterable
instanceKlass org/hibernate/metamodel/mapping/internal/ImmutableAttributeMappingList
instanceKlass org/hibernate/metamodel/mapping/internal/ImmutableAttributeMappingList$Builder
instanceKlass org/hibernate/metamodel/mapping/SelectablePath
instanceKlass org/hibernate/metamodel/mapping/internal/ImmutableAttributeMappingsMap
instanceKlass org/hibernate/sql/results/graph/entity/EntityFetch
instanceKlass org/hibernate/sql/results/graph/entity/EntityResultGraphNode
instanceKlass org/hibernate/metamodel/mapping/internal/FetchOptionsHelper
instanceKlass org/hibernate/metamodel/mapping/internal/SimpleAttributeMetadata
instanceKlass org/hibernate/sql/ast/tree/update/Assignable
instanceKlass org/hibernate/boot/model/internal/SoftDeleteHelper
instanceKlass org/hibernate/metamodel/mapping/internal/MappingModelCreationProcess$PostInitCallbackEntry
instanceKlass org/hibernate/metamodel/mapping/internal/MappingModelCreationProcess$PostInitCallback
instanceKlass org/hibernate/sql/results/graph/Fetch
instanceKlass org/hibernate/metamodel/internal/AbstractCompositeIdentifierMapping
instanceKlass org/hibernate/metamodel/mapping/AggregatedIdentifierMapping
instanceKlass org/hibernate/metamodel/mapping/internal/SingleAttributeIdentifierMapping
instanceKlass org/hibernate/metamodel/internal/StandardEmbeddableInstantiator
instanceKlass org/hibernate/metamodel/internal/AbstractEmbeddableRepresentationStrategy
instanceKlass org/hibernate/metamodel/mapping/internal/MutableAttributeMappingList
instanceKlass org/hibernate/metamodel/mapping/AttributeMappingsList
instanceKlass org/hibernate/metamodel/mapping/internal/AbstractEmbeddableMapping
instanceKlass org/hibernate/metamodel/mapping/EmbeddableMappingType
instanceKlass org/hibernate/metamodel/mapping/internal/MappingModelCreationProcess$SubPartMappingProducer
instanceKlass org/hibernate/internal/util/LazyValue
instanceKlass org/hibernate/metamodel/mapping/internal/MappingModelCreationProcess
instanceKlass org/hibernate/persister/collection/mutation/RemoveCoordinatorNoOp
instanceKlass org/hibernate/persister/collection/mutation/DeleteRowsCoordinatorNoOp
instanceKlass org/hibernate/persister/collection/mutation/AbstractUpdateRowsCoordinator
instanceKlass org/hibernate/persister/collection/mutation/InsertRowsCoordinatorNoOp
instanceKlass org/hibernate/sql/model/ModelMutationLogging
instanceKlass org/hibernate/engine/jdbc/mutation/JdbcValueBindings
instanceKlass org/hibernate/persister/collection/mutation/RowMutationOperations
instanceKlass org/hibernate/sql/model/TableMapping$MutationDetails
instanceKlass org/hibernate/persister/collection/mutation/CollectionTableMapping
instanceKlass org/hibernate/dialect/Dialect$4
instanceKlass org/hibernate/sql/ForUpdateFragment
instanceKlass org/hibernate/sql/ComparisonRestriction
instanceKlass org/hibernate/sql/Restriction
instanceKlass org/hibernate/sql/SimpleSelect
instanceKlass org/hibernate/sql/RestrictionRenderingContext
instanceKlass org/hibernate/cache/spi/entry/UnstructuredCacheEntry
instanceKlass org/hibernate/collection/internal/CustomCollectionTypeSemantics
instanceKlass org/hibernate/collection/internal/StandardCollectionSemanticsResolver
instanceKlass org/hibernate/persister/collection/mutation/RemoveCoordinator
instanceKlass org/hibernate/persister/collection/mutation/UpdateRowsCoordinator
instanceKlass org/hibernate/persister/collection/mutation/InsertRowsCoordinator
instanceKlass org/hibernate/persister/collection/mutation/DeleteRowsCoordinator
instanceKlass org/hibernate/persister/collection/mutation/CollectionOperationCoordinator
instanceKlass org/hibernate/query/spi/QueryOptions
instanceKlass org/hibernate/metamodel/mapping/SelectableConsumer
instanceKlass org/hibernate/sql/model/jdbc/JdbcMutationOperation
instanceKlass org/hibernate/sql/exec/spi/JdbcOperation
instanceKlass org/hibernate/loader/ast/spi/CollectionLoader
instanceKlass org/hibernate/sql/model/ast/RestrictedTableMutation
instanceKlass org/hibernate/sql/model/ast/TableMutation
instanceKlass org/hibernate/persister/collection/AbstractCollectionPersister
instanceKlass org/hibernate/persister/collection/DeprecatedCollectionStuff
instanceKlass org/hibernate/metadata/CollectionMetadata
instanceKlass org/hibernate/persister/collection/SQLLoadableCollection
instanceKlass org/hibernate/persister/collection/QueryableCollection
instanceKlass org/hibernate/metamodel/mapping/internal/PluralAttributeMappingImpl$Aware
instanceKlass org/hibernate/persister/collection/mutation/CollectionMutationTarget
instanceKlass iuh/fit/core/entity/NhanVien$HibernateInstantiator$k9wZ6tfP
instanceKlass iuh/fit/core/entity/PhanCongCaLamViec$HibernateInstantiator$itrq6N3R
instanceKlass iuh/fit/core/entity/LoaiPhong$HibernateInstantiator$k1CQHnqg
instanceKlass iuh/fit/core/entity/DichVu$HibernateInstantiator$DIlJim2v
instanceKlass iuh/fit/core/entity/HoaDon$HibernateInstantiator$OHPxNYjO
instanceKlass sun/reflect/generics/tree/DoubleSignature
instanceKlass iuh/fit/core/entity/CaLamViec$HibernateInstantiator$TV2kZDEF
instanceKlass iuh/fit/core/entity/KhachHang$HibernateInstantiator$bRhw1fje
instanceKlass iuh/fit/core/entity/KhuyenMai$HibernateInstantiator$ykkxf4Yf
instanceKlass iuh/fit/core/entity/ChiTietPhieuDatPhong$HibernateInstantiator$xp0SMqf6
instanceKlass iuh/fit/core/entity/PhieuDatPhong$HibernateInstantiator$y8WkWs12
instanceKlass java/lang/reflect/AnnotatedParameterizedType
instanceKlass net/bytebuddy/description/type/TypeDescription$Generic$AnnotationReader$ForTypeArgument$AnnotatedParameterizedType
instanceKlass org/hibernate/internal/util/MarkerObject
instanceKlass iuh/fit/core/entity/TaiKhoan$HibernateInstantiator$08OCDO3n
instanceKlass iuh/fit/core/entity/Phong$HibernateInstantiator$2twn0048
instanceKlass org/hibernate/metamodel/model/domain/internal/EntityPersisterConcurrentMap$EntityPersisterHolder
instanceKlass org/hibernate/jdbc/Expectations$2
instanceKlass org/hibernate/jdbc/Expectations$BasicExpectation
instanceKlass org/hibernate/jdbc/Expectations$1
instanceKlass org/hibernate/jdbc/Expectations
instanceKlass org/hibernate/jdbc/Expectation
instanceKlass org/hibernate/boot/model/relational/QualifiedNameParser$NameParts
instanceKlass org/hibernate/metamodel/mapping/NonAggregatedIdentifierMapping
instanceKlass org/hibernate/metamodel/mapping/CompositeIdentifierMapping
instanceKlass org/hibernate/sql/results/graph/embeddable/EmbeddableValuedFetchable
instanceKlass org/hibernate/metamodel/mapping/ForeignKeyDescriptor
instanceKlass org/hibernate/metamodel/mapping/SingularAttributeMapping
instanceKlass org/hibernate/sql/ast/tree/from/LazyTableGroup$ParentTableGroupUseChecker
instanceKlass org/hibernate/metamodel/mapping/EntityAssociationMapping
instanceKlass org/hibernate/metamodel/mapping/Association
instanceKlass org/hibernate/metamodel/mapping/internal/AbstractAttributeMapping
instanceKlass org/hibernate/metamodel/mapping/PluralAttributeMapping
instanceKlass org/hibernate/metamodel/mapping/CollectionIdentifierDescriptor
instanceKlass org/hibernate/metamodel/mapping/CollectionMappingType
instanceKlass org/hibernate/metamodel/mapping/internal/EntityCollectionPart
instanceKlass org/hibernate/sql/results/graph/entity/EntityValuedFetchable
instanceKlass org/hibernate/metamodel/mapping/CollectionPart
instanceKlass org/hibernate/metamodel/mapping/EmbeddableValuedModelPart
instanceKlass org/hibernate/sql/ast/tree/from/TableGroupJoinProducer
instanceKlass org/hibernate/metamodel/mapping/internal/MappingModelCreationHelper
instanceKlass org/hibernate/cache/spi/entry/CacheEntryStructure
instanceKlass org/hibernate/persister/entity/AbstractEntityPersister$NoopCacheEntryHelper
instanceKlass org/hibernate/sql/ast/spi/StringBuilderSqlAppender
instanceKlass org/hibernate/loader/internal/AliasConstantsHelper
instanceKlass org/hibernate/persister/entity/AbstractPropertyMapping
instanceKlass org/hibernate/metamodel/internal/AbstractPojoInstantiator
instanceKlass org/hibernate/property/access/spi/SetterMethodImpl
instanceKlass org/hibernate/property/access/spi/GetterMethodImpl
instanceKlass org/hibernate/property/access/internal/PropertyAccessEmbeddedImpl
instanceKlass iuh/fit/core/entity/ChiTietHoaDon$HibernateInstantiator$Q9KGHsnO
instanceKlass net/bytebuddy/implementation/MethodCall$TargetHandler$ForConstructingInvocation
instanceKlass net/bytebuddy/implementation/MethodCall$TargetHandler$Resolved
instanceKlass net/bytebuddy/implementation/MethodCall$MethodInvoker$ForContextualInvocation
instanceKlass net/bytebuddy/implementation/MethodCall$Appender
instanceKlass net/bytebuddy/implementation/MethodCall$TerminationHandler
instanceKlass net/bytebuddy/implementation/MethodCall$MethodInvoker
instanceKlass net/bytebuddy/implementation/MethodCall$TargetHandler
instanceKlass net/bytebuddy/implementation/MethodCall$MethodLocator$ForExplicitMethod
instanceKlass net/bytebuddy/implementation/MethodCall$MethodLocator
instanceKlass net/bytebuddy/implementation/MethodCall$ArgumentLoader$ForInstance$Factory
instanceKlass net/bytebuddy/implementation/MethodCall$ArgumentLoader$Factory
instanceKlass net/bytebuddy/implementation/MethodCall$ArgumentLoader$ArgumentProvider
instanceKlass net/bytebuddy/implementation/MethodCall$ArgumentLoader
instanceKlass net/bytebuddy/implementation/MethodCall$MethodInvoker$Factory
instanceKlass net/bytebuddy/implementation/MethodCall$TargetHandler$Factory
instanceKlass net/bytebuddy/implementation/MethodCall$MethodLocator$Factory
instanceKlass net/bytebuddy/implementation/MethodCall$TerminationHandler$Factory
instanceKlass net/bytebuddy/implementation/MethodCall
instanceKlass org/hibernate/bytecode/spi/ReflectionOptimizer$InstantiationOptimizer
instanceKlass net/bytebuddy/description/type/PackageDescription$AbstractBase
instanceKlass net/bytebuddy/dynamic/loading/ClassInjector$UsingLookup$MethodHandles$Lookup
instanceKlass net/bytebuddy/utility/dispatcher/JavaDispatcher$Dispatcher$ForStaticMethod
instanceKlass net/bytebuddy/dynamic/loading/ClassInjector$UsingLookup$MethodHandles
instanceKlass net/bytebuddy/dynamic/loading/ClassInjector$AbstractBase
instanceKlass net/bytebuddy/dynamic/loading/ClassInjector
instanceKlass net/bytebuddy/dynamic/loading/ClassLoadingStrategy$UsingLookup
instanceKlass net/bytebuddy/dynamic/loading/ClassLoadingStrategy
instanceKlass net/bytebuddy/dynamic/DynamicType$Loaded
instanceKlass net/bytebuddy/dynamic/ClassFileLocator$Resolution
instanceKlass net/bytebuddy/dynamic/DynamicType$Default
instanceKlass net/bytebuddy/dynamic/DynamicType$Unloaded
instanceKlass net/bytebuddy/dynamic/DynamicType
instanceKlass net/bytebuddy/dynamic/ClassFileLocator
instanceKlass net/bytebuddy/dynamic/scaffold/TypeWriter$Default$UnresolvedType
instanceKlass net/bytebuddy/implementation/bytecode/constant/ClassConstant$ForReferenceType
instanceKlass net/bytebuddy/implementation/bytecode/ByteCodeAppender$Compound
instanceKlass net/bytebuddy/dynamic/scaffold/TypeInitializer$Simple
instanceKlass net/bytebuddy/implementation/bytecode/ByteCodeAppender$Simple
instanceKlass net/bytebuddy/dynamic/scaffold/TypeInitializer$Drain$Default
instanceKlass net/bytebuddy/description/method/MethodDescription$SignatureToken
instanceKlass net/bytebuddy/implementation/bytecode/assign/primitive/PrimitiveBoxingDelegate$BoxingStackManipulation
instanceKlass net/bytebuddy/implementation/bytecode/assign/primitive/PrimitiveUnboxingDelegate$ImplicitlyTypedUnboxingResponsible
instanceKlass net/bytebuddy/implementation/bytecode/assign/primitive/PrimitiveUnboxingDelegate$UnboxingResponsible
instanceKlass net/bytebuddy/implementation/bytecode/Removal$2
instanceKlass net/bytebuddy/implementation/bytecode/ByteCodeAppender$Size
instanceKlass net/bytebuddy/implementation/Implementation$Context$Default$FieldCacheEntry
instanceKlass net/bytebuddy/implementation/bytecode/member/MethodInvocation$WithImplicitInvocationTargetType
instanceKlass net/bytebuddy/implementation/bind/MethodDelegationBinder$MethodBinding$Builder$Build
instanceKlass net/bytebuddy/implementation/bytecode/member/FieldAccess$AccessDispatcher
instanceKlass net/bytebuddy/implementation/bytecode/member/FieldAccess$Defined
instanceKlass net/bytebuddy/description/type/TypeDefinition$SuperClassIterator
instanceKlass net/bytebuddy/implementation/bytecode/collection/ArrayFactory$ArrayStackManipulation
instanceKlass net/bytebuddy/implementation/bytecode/collection/ArrayFactory$ArrayCreator
instanceKlass net/bytebuddy/implementation/bytecode/collection/ArrayFactory
instanceKlass net/bytebuddy/implementation/bytecode/collection/CollectionFactory
instanceKlass java/lang/reflect/AnnotatedArrayType
instanceKlass net/bytebuddy/description/type/TypeDescription$Generic$AnnotationReader$ForComponentType$AnnotatedParameterizedType
instanceKlass net/bytebuddy/implementation/bytecode/constant/MethodConstant$CachedMethod
instanceKlass net/bytebuddy/implementation/bytecode/constant/MethodConstant$CanCache
instanceKlass net/bytebuddy/implementation/bytecode/member/MethodVariableAccess$MethodLoading$TypeCastingHandler
instanceKlass net/bytebuddy/implementation/bind/MethodDelegationBinder$MethodBinding$Builder
instanceKlass net/bytebuddy/implementation/bytecode/StackManipulation$Size
instanceKlass net/bytebuddy/description/type/TypeDescription$Generic$AnnotationReader$Delegator$ForLoadedExecutableExceptionType$Dispatcher
instanceKlass net/bytebuddy/dynamic/scaffold/TypeWriter$MethodPool$Record$AccessBridgeWrapper
instanceKlass net/bytebuddy/implementation/attribute/AnnotationAppender$Target$OnField
instanceKlass net/bytebuddy/dynamic/scaffold/TypeWriter$FieldPool$Record$ForExplicitField
instanceKlass net/bytebuddy/jar/asm/TypeReference
instanceKlass net/bytebuddy/implementation/attribute/AnnotationAppender$ForTypeAnnotations
instanceKlass net/bytebuddy/implementation/attribute/AnnotationAppender$Target$OnType
instanceKlass net/bytebuddy/implementation/attribute/AnnotationAppender$Default
instanceKlass net/bytebuddy/description/type/TypeDescription$Generic$Visitor$ForSignatureVisitor
instanceKlass net/bytebuddy/jar/asm/signature/SignatureVisitor
instanceKlass net/bytebuddy/dynamic/scaffold/TypeWriter$Default$ValidatingClassVisitor$Constraint
instanceKlass net/bytebuddy/dynamic/scaffold/TypeWriter$MethodPool$Record$ForDefinedMethod
instanceKlass net/bytebuddy/implementation/Implementation$Context$ExtractableView$AbstractBase
instanceKlass net/bytebuddy/description/type/RecordComponentDescription$InDefinedShape
instanceKlass net/bytebuddy/description/type/RecordComponentDescription
instanceKlass net/bytebuddy/dynamic/scaffold/TypeInitializer$Drain
instanceKlass net/bytebuddy/dynamic/scaffold/inline/MethodRebaseResolver
instanceKlass net/bytebuddy/dynamic/scaffold/TypeWriter$Default$ClassDumpAction$Dispatcher$Enabled
instanceKlass net/bytebuddy/dynamic/scaffold/TypeWriter$Default$ClassDumpAction$Dispatcher
instanceKlass net/bytebuddy/dynamic/scaffold/TypeWriter$Default
instanceKlass net/bytebuddy/dynamic/scaffold/TypeWriter
instanceKlass net/bytebuddy/pool/TypePool$Resolution$Simple
instanceKlass net/bytebuddy/pool/TypePool$Resolution$Illegal
instanceKlass net/bytebuddy/dynamic/scaffold/TypeWriter$RecordComponentPool$Record
instanceKlass net/bytebuddy/dynamic/scaffold/RecordComponentRegistry$Default$Compiled
instanceKlass net/bytebuddy/dynamic/scaffold/FieldRegistry$Default$Compiled
instanceKlass net/bytebuddy/description/type/TypeVariableToken
instanceKlass net/bytebuddy/description/type/TypeDescription$Generic$Visitor$Reducing
instanceKlass net/bytebuddy/description/field/FieldDescription$SignatureToken
instanceKlass net/bytebuddy/dynamic/scaffold/TypeWriter$FieldPool$Record
instanceKlass net/bytebuddy/dynamic/scaffold/FieldRegistry$Default$Compiled$Entry
instanceKlass net/bytebuddy/dynamic/scaffold/TypeWriter$MethodPool$Record$ForNonImplementedMethod
instanceKlass net/bytebuddy/dynamic/scaffold/MethodRegistry$Default$Compiled
instanceKlass net/bytebuddy/implementation/SuperMethodCall$Appender
instanceKlass net/bytebuddy/dynamic/scaffold/FieldLocator$Resolution$Simple
instanceKlass net/bytebuddy/dynamic/scaffold/FieldLocator$Resolution
instanceKlass net/bytebuddy/implementation/FieldAccessor$FieldLocation$Relative$Prepared
instanceKlass net/bytebuddy/implementation/FieldAccessor$ForImplicitProperty$Appender
instanceKlass net/bytebuddy/dynamic/scaffold/MethodRegistry$Default$Compiled$Entry
instanceKlass net/bytebuddy/implementation/bind/MethodDelegationBinder$Processor
instanceKlass net/bytebuddy/implementation/MethodDelegation$Appender
instanceKlass net/bytebuddy/implementation/bind/MethodDelegationBinder$MethodInvoker
instanceKlass net/bytebuddy/implementation/MethodDelegation$ImplementationDelegate$Compiled$ForStaticCall
instanceKlass net/bytebuddy/dynamic/scaffold/TypeWriter$MethodPool$Record
instanceKlass net/bytebuddy/dynamic/scaffold/MethodRegistry$Handler$ForImplementation$Compiled
instanceKlass net/bytebuddy/implementation/Implementation$SpecialMethodInvocation
instanceKlass net/bytebuddy/implementation/Implementation$Target$AbstractBase
instanceKlass net/bytebuddy/implementation/Implementation$Target
instanceKlass net/bytebuddy/dynamic/scaffold/MethodRegistry$Compiled
instanceKlass net/bytebuddy/dynamic/scaffold/TypeWriter$MethodPool
instanceKlass net/bytebuddy/dynamic/scaffold/MethodRegistry$Default$Prepared
instanceKlass net/bytebuddy/dynamic/scaffold/MethodRegistry$Default$Prepared$Entry
instanceKlass net/bytebuddy/dynamic/scaffold/MethodGraph$Linked$Delegation
instanceKlass net/bytebuddy/dynamic/scaffold/MethodGraph$Compiler$Default$Key$Store$Graph
instanceKlass net/bytebuddy/dynamic/scaffold/MethodGraph$Compiler$Default$Key$Store$Entry$Resolved$Node
instanceKlass org/hibernate/proxy/LazyInitializer
instanceKlass net/bytebuddy/description/modifier/Visibility$1
instanceKlass java/lang/reflect/WildcardType
instanceKlass sun/reflect/generics/tree/Wildcard
instanceKlass sun/reflect/generics/tree/BottomSignature
instanceKlass net/bytebuddy/dynamic/scaffold/MethodGraph$Node
instanceKlass net/bytebuddy/dynamic/scaffold/MethodGraph$Compiler$Default$Harmonizer$ForJavaMethod$Token
instanceKlass net/bytebuddy/description/type/TypeDescription$Generic$AnnotationReader$Delegator$ForLoadedMethodReturnType$Dispatcher
instanceKlass net/bytebuddy/description/method/MethodDescription$TypeToken
instanceKlass net/bytebuddy/dynamic/scaffold/MethodGraph$Compiler$Default$Key
instanceKlass net/bytebuddy/dynamic/scaffold/MethodGraph$Compiler$Default$Key$Store$Entry$Initial
instanceKlass net/bytebuddy/dynamic/scaffold/MethodGraph$Compiler$Default$Key$Store$Entry$Ambiguous
instanceKlass net/bytebuddy/dynamic/scaffold/MethodGraph$Compiler$Default$Key$Store$Entry$Resolved
instanceKlass net/bytebuddy/dynamic/scaffold/MethodGraph$Compiler$Default$Key$Store$Entry
instanceKlass net/bytebuddy/dynamic/scaffold/MethodGraph$Compiler$Default$Key$Store
instanceKlass net/bytebuddy/description/enumeration/EnumerationDescription$AbstractBase
instanceKlass net/bytebuddy/description/annotation/AnnotationValue$Loaded
instanceKlass net/bytebuddy/description/annotation/AnnotationValue$ForConstant$PropertyDelegate
instanceKlass net/bytebuddy/description/annotation/AnnotationValue$AbstractBase
instanceKlass net/bytebuddy/dynamic/scaffold/subclass/SubclassDynamicTypeBuilder$InstrumentableMatcher
instanceKlass net/bytebuddy/description/type/TypeDescription$Generic$LazyProxy
instanceKlass net/bytebuddy/description/type/TypeDescription$Generic$AnnotationReader$Delegator$ForLoadedExecutableParameterType$Dispatcher
instanceKlass net/bytebuddy/description/type/TypeDescription$Generic$AnnotationReader$Delegator
instanceKlass net/bytebuddy/description/method/ParameterDescription$Token
instanceKlass net/bytebuddy/description/method/ParameterDescription$InGenericShape
instanceKlass net/bytebuddy/description/method/MethodDescription$Token
instanceKlass net/bytebuddy/description/method/MethodDescription$InGenericShape
instanceKlass net/bytebuddy/pool/TypePool$CacheProvider$Simple
instanceKlass net/bytebuddy/pool/TypePool$CacheProvider
instanceKlass net/bytebuddy/pool/TypePool$Resolution
instanceKlass net/bytebuddy/pool/TypePool$AbstractBase
instanceKlass net/bytebuddy/pool/TypePool
instanceKlass net/bytebuddy/dynamic/TypeResolutionStrategy$Resolved
instanceKlass net/bytebuddy/matcher/LatentMatcher$Disjunction
instanceKlass net/bytebuddy/dynamic/scaffold/FieldRegistry$Default$Entry
instanceKlass net/bytebuddy/matcher/LatentMatcher$ForFieldToken
instanceKlass net/bytebuddy/implementation/attribute/FieldAttributeAppender
instanceKlass net/bytebuddy/description/field/FieldDescription$Token
instanceKlass net/bytebuddy/implementation/attribute/FieldAttributeAppender$Factory
instanceKlass net/bytebuddy/dynamic/scaffold/MethodRegistry$Default$Entry
instanceKlass net/bytebuddy/implementation/attribute/MethodAttributeAppender
instanceKlass net/bytebuddy/dynamic/Transformer
instanceKlass net/bytebuddy/dynamic/scaffold/MethodRegistry$Handler$Compiled
instanceKlass net/bytebuddy/dynamic/scaffold/MethodRegistry$Handler$ForImplementation
instanceKlass net/bytebuddy/dynamic/DynamicType$Builder$MethodDefinition$ImplementationDefinition$AbstractBase
instanceKlass net/bytebuddy/implementation/attribute/AnnotationAppender
instanceKlass net/bytebuddy/implementation/attribute/AnnotationAppender$Target
instanceKlass net/bytebuddy/dynamic/scaffold/RecordComponentRegistry$Compiled
instanceKlass net/bytebuddy/dynamic/scaffold/RecordComponentRegistry$Default
instanceKlass net/bytebuddy/dynamic/scaffold/MethodRegistry$Prepared
instanceKlass net/bytebuddy/dynamic/scaffold/MethodRegistry$Default
instanceKlass net/bytebuddy/dynamic/scaffold/FieldRegistry$Compiled
instanceKlass net/bytebuddy/dynamic/scaffold/FieldRegistry$Default
instanceKlass net/bytebuddy/utility/CompoundList
instanceKlass net/bytebuddy/description/type/TypeDescription$Generic$Visitor$Substitutor
instanceKlass net/bytebuddy/description/TypeVariableSource$Visitor
instanceKlass net/bytebuddy/description/modifier/ModifierContributor$ForParameter
instanceKlass net/bytebuddy/description/type/TypeDescription$LazyProxy
instanceKlass net/bytebuddy/description/modifier/ModifierContributor$Resolver
instanceKlass net/bytebuddy/description/modifier/ModifierContributor$ForField
instanceKlass net/bytebuddy/description/modifier/ModifierContributor$ForMethod
instanceKlass net/bytebuddy/description/modifier/ModifierContributor$ForType
instanceKlass net/bytebuddy/description/modifier/ModifierContributor
instanceKlass net/bytebuddy/dynamic/scaffold/TypeWriter$RecordComponentPool
instanceKlass net/bytebuddy/dynamic/scaffold/TypeWriter$FieldPool
instanceKlass net/bytebuddy/implementation/Implementation$Target$Factory
instanceKlass net/bytebuddy/dynamic/scaffold/RecordComponentRegistry
instanceKlass net/bytebuddy/dynamic/scaffold/MethodRegistry
instanceKlass net/bytebuddy/dynamic/scaffold/FieldRegistry
instanceKlass net/bytebuddy/dynamic/DynamicType$Builder$TypeVariableDefinition
instanceKlass net/bytebuddy/dynamic/DynamicType$Builder$MethodDefinition$ImplementationDefinition$Optional
instanceKlass net/bytebuddy/dynamic/DynamicType$Builder$InnerTypeDefinition$ForType
instanceKlass net/bytebuddy/dynamic/DynamicType$Builder$InnerTypeDefinition
instanceKlass net/bytebuddy/dynamic/DynamicType$Builder$FieldDefinition$Optional$Valuable
instanceKlass net/bytebuddy/dynamic/DynamicType$Builder$RecordComponentDefinition$Optional
instanceKlass net/bytebuddy/dynamic/DynamicType$Builder$RecordComponentDefinition
instanceKlass net/bytebuddy/dynamic/DynamicType$Builder$FieldDefinition$Valuable
instanceKlass net/bytebuddy/asm/AsmVisitorWrapper
instanceKlass net/bytebuddy/implementation/attribute/TypeAttributeAppender
instanceKlass net/bytebuddy/dynamic/DynamicType$Builder$MethodDefinition$ParameterDefinition$Initial
instanceKlass net/bytebuddy/dynamic/DynamicType$Builder$MethodDefinition$ParameterDefinition$Simple
instanceKlass net/bytebuddy/dynamic/DynamicType$Builder$MethodDefinition$ParameterDefinition
instanceKlass net/bytebuddy/dynamic/DynamicType$Builder$MethodDefinition$ExceptionDefinition
instanceKlass net/bytebuddy/dynamic/DynamicType$Builder$MethodDefinition$TypeVariableDefinition
instanceKlass net/bytebuddy/dynamic/DynamicType$Builder$MethodDefinition$ImplementationDefinition
instanceKlass net/bytebuddy/dynamic/DynamicType$Builder$FieldDefinition$Optional
instanceKlass net/bytebuddy/dynamic/DynamicType$Builder$FieldDefinition
instanceKlass net/bytebuddy/dynamic/DynamicType$Builder$MethodDefinition$ReceiverTypeDefinition
instanceKlass net/bytebuddy/dynamic/DynamicType$Builder$MethodDefinition
instanceKlass net/bytebuddy/dynamic/TypeResolutionStrategy
instanceKlass net/bytebuddy/dynamic/DynamicType$Builder$AbstractBase
instanceKlass net/bytebuddy/dynamic/scaffold/MethodRegistry$Handler
instanceKlass net/bytebuddy/implementation/attribute/MethodAttributeAppender$Factory
instanceKlass net/bytebuddy/NamingStrategy$Suffixing$BaseNameResolver$ForFixedValue
instanceKlass org/hibernate/bytecode/internal/bytebuddy/ByteBuddyState$1
instanceKlass net/bytebuddy/TypeCache$LookupKey
instanceKlass net/bytebuddy/TypeCache$SimpleKey
instanceKlass org/hibernate/proxy/pojo/bytebuddy/ByteBuddyProxyFactory
instanceKlass org/hibernate/proxy/ProxyFactory
instanceKlass org/hibernate/bytecode/spi/BasicProxyFactory
instanceKlass org/hibernate/bytecode/internal/bytebuddy/ProxyFactoryFactoryImpl
instanceKlass org/hibernate/proxy/pojo/ProxyFactoryHelper
instanceKlass org/hibernate/property/access/spi/SetterFieldImpl
instanceKlass java/beans/Introspector$1
instanceKlass jdk/internal/access/JavaBeansAccess
instanceKlass java/beans/FeatureDescriptor
instanceKlass java/beans/Introspector
instanceKlass org/hibernate/property/access/spi/GetterFieldImpl
instanceKlass org/hibernate/property/access/spi/Setter
instanceKlass org/hibernate/property/access/spi/Getter
instanceKlass org/hibernate/property/access/internal/PropertyAccessFieldImpl
instanceKlass org/hibernate/property/access/internal/PropertyAccessStrategyNoopImpl
instanceKlass org/hibernate/property/access/internal/PropertyAccessStrategyEmbeddedImpl
instanceKlass org/hibernate/property/access/internal/PropertyAccessStrategyMapImpl
instanceKlass org/hibernate/property/access/internal/PropertyAccessStrategyMixedImpl
instanceKlass org/hibernate/property/access/internal/PropertyAccessStrategyFieldImpl
instanceKlass org/hibernate/property/access/spi/PropertyAccess
instanceKlass org/hibernate/property/access/internal/PropertyAccessStrategyBasicImpl
instanceKlass org/hibernate/property/access/internal/PropertyAccessStrategyResolverStandardImpl
instanceKlass org/hibernate/classic/Lifecycle
instanceKlass org/hibernate/metamodel/spi/EntityInstantiator
instanceKlass org/hibernate/metamodel/internal/EntityRepresentationStrategyPojoStandard
instanceKlass org/hibernate/engine/spi/EntityEntry
instanceKlass org/hibernate/engine/internal/MutableEntityEntryFactory
instanceKlass org/hibernate/engine/spi/CascadingActions$BaseCascadingAction
instanceKlass org/hibernate/engine/spi/CascadingAction
instanceKlass org/hibernate/engine/spi/CascadingActions
instanceKlass org/hibernate/tuple/BaselineAttributeInformation
instanceKlass org/hibernate/tuple/BaselineAttributeInformation$Builder
instanceKlass org/hibernate/tuple/PropertyFactory$1
instanceKlass org/hibernate/bytecode/enhance/spi/interceptor/BytecodeInterceptorLogging
instanceKlass org/hibernate/bytecode/enhance/spi/interceptor/EnhancementHelper
instanceKlass org/hibernate/bytecode/enhance/spi/interceptor/EnhancementHelper$InheritanceChecker
instanceKlass org/hibernate/bytecode/enhance/spi/interceptor/LazyAttributesMetadata
instanceKlass org/hibernate/engine/internal/ManagedTypeHelper$TypeMeta
instanceKlass org/hibernate/engine/internal/ManagedTypeHelper
instanceKlass org/hibernate/engine/spi/PersistentAttributeInterceptor
instanceKlass org/hibernate/bytecode/enhance/spi/LazyPropertyInitializer$InterceptorImplementor
instanceKlass org/hibernate/bytecode/internal/BytecodeEnhancementMetadataPojoImpl
instanceKlass org/hibernate/tuple/AbstractAttribute
instanceKlass org/hibernate/tuple/IdentifierAttribute
instanceKlass org/hibernate/tuple/PropertyFactory
instanceKlass org/hibernate/tuple/NonIdentifierAttribute
instanceKlass org/hibernate/tuple/Attribute
instanceKlass org/hibernate/bytecode/spi/BytecodeEnhancementMetadata
instanceKlass org/hibernate/tuple/entity/EntityMetamodel
instanceKlass org/hibernate/sql/ast/spi/SqlAliasStemHelper
instanceKlass org/hibernate/metamodel/mapping/internal/EmptyAttributeMappingsMap
instanceKlass org/hibernate/metamodel/mapping/AttributeMappingsMap$Builder
instanceKlass org/hibernate/metamodel/mapping/AttributeMappingsMap
instanceKlass org/hibernate/internal/util/collections/LazyIndexedMap
instanceKlass org/hibernate/persister/entity/EntityPersister$1
instanceKlass org/hibernate/engine/spi/EntityEntryFactory
instanceKlass org/hibernate/sql/results/graph/DomainResult
instanceKlass org/hibernate/sql/results/graph/FetchParent
instanceKlass org/hibernate/sql/results/graph/DomainResultGraphNode
instanceKlass org/hibernate/metamodel/mapping/AttributeMetadata
instanceKlass org/hibernate/metamodel/mapping/AttributeMapping
instanceKlass org/hibernate/type/descriptor/java/MutabilityPlanExposer
instanceKlass org/hibernate/metamodel/mapping/PropertyBasedMapping
instanceKlass org/hibernate/sql/results/graph/DatabaseSnapshotContributor
instanceKlass org/hibernate/metamodel/mapping/OwnedValuedModelPart
instanceKlass org/hibernate/metamodel/mapping/EntityDiscriminatorMapping
instanceKlass org/hibernate/sql/results/graph/FetchOptions
instanceKlass org/hibernate/sql/results/graph/FetchStyleAccess
instanceKlass org/hibernate/sql/results/graph/FetchTimingAccess
instanceKlass org/hibernate/metamodel/mapping/NaturalIdMapping
instanceKlass org/hibernate/metamodel/mapping/EntityVersionMapping
instanceKlass org/hibernate/persister/entity/mutation/UpdateCoordinator
instanceKlass org/hibernate/metamodel/mapping/SoftDeleteMapping
instanceKlass org/hibernate/persister/entity/mutation/DeleteCoordinator
instanceKlass org/hibernate/metamodel/mapping/EntityIdentifierMapping
instanceKlass org/hibernate/metamodel/mapping/DiscriminatorType
instanceKlass org/hibernate/type/ConvertedBasicType
instanceKlass org/hibernate/metamodel/mapping/DiscriminatorConverter
instanceKlass org/hibernate/sql/ast/tree/predicate/Predicate
instanceKlass org/hibernate/persister/entity/AbstractEntityPersister$CacheEntryHelper
instanceKlass org/hibernate/loader/ast/spi/SingleIdEntityLoader
instanceKlass org/hibernate/loader/ast/spi/SingleUniqueKeyEntityLoader
instanceKlass org/hibernate/loader/ast/spi/SingleEntityLoader
instanceKlass org/hibernate/sql/results/graph/DomainResultCreationState
instanceKlass org/hibernate/sql/ast/spi/SqlAliasBase
instanceKlass org/hibernate/sql/ast/tree/predicate/PredicateContainer
instanceKlass org/hibernate/sql/ast/tree/select/QueryPart
instanceKlass org/hibernate/loader/ast/spi/MultiIdEntityLoader
instanceKlass org/hibernate/loader/ast/spi/EntityMultiLoader
instanceKlass org/hibernate/loader/ast/spi/MultiKeyLoader
instanceKlass org/hibernate/loader/ast/spi/EntityLoader
instanceKlass org/hibernate/loader/ast/spi/Loader
instanceKlass org/hibernate/sql/ast/tree/from/TableGroup
instanceKlass org/hibernate/query/sqm/sql/internal/SqmPathInterpretation
instanceKlass org/hibernate/sql/ast/tree/from/TableReference
instanceKlass org/hibernate/sql/ast/tree/from/ColumnReferenceQualifier
instanceKlass org/hibernate/internal/FilterAliasGenerator
instanceKlass org/hibernate/metamodel/mapping/DiscriminatorMapping
instanceKlass org/hibernate/metamodel/mapping/BasicValuedModelPart
instanceKlass org/hibernate/metamodel/mapping/SelectableMapping
instanceKlass org/hibernate/metamodel/mapping/SqlTypedMapping
instanceKlass org/hibernate/sql/results/graph/Fetchable
instanceKlass org/hibernate/metamodel/mapping/ValuedModelPart
instanceKlass org/hibernate/metamodel/mapping/SelectableMappings
instanceKlass org/hibernate/metamodel/mapping/VirtualModelPart
instanceKlass org/hibernate/metamodel/mapping/ModelPart$JdbcValueBiConsumer
instanceKlass org/hibernate/persister/entity/AbstractEntityPersister
instanceKlass org/hibernate/persister/entity/DeprecatedEntityStuff
instanceKlass org/hibernate/persister/entity/Queryable
instanceKlass org/hibernate/persister/entity/PropertyMapping
instanceKlass org/hibernate/persister/entity/Lockable
instanceKlass org/hibernate/persister/entity/SQLLoadable
instanceKlass org/hibernate/persister/entity/UniqueKeyLoadable
instanceKlass org/hibernate/metadata/ClassMetadata
instanceKlass org/hibernate/persister/entity/OuterJoinLoadable
instanceKlass org/hibernate/persister/entity/Joinable
instanceKlass org/hibernate/persister/entity/Loadable
instanceKlass org/hibernate/engine/profile/internal/FetchProfileAffectee
instanceKlass org/hibernate/id/PostInsertIdentityPersister
instanceKlass org/hibernate/bytecode/enhance/spi/LazyPropertyInitializer
instanceKlass org/hibernate/persister/entity/mutation/EntityMutationTarget
instanceKlass org/hibernate/metamodel/mapping/internal/InFlightEntityMappingType
instanceKlass org/hibernate/persister/internal/StandardPersisterClassResolver
instanceKlass org/hibernate/persister/collection/CollectionPersister
instanceKlass org/hibernate/persister/internal/PersisterFactoryImpl
instanceKlass org/hibernate/mapping/MappedSuperclass
instanceKlass org/hibernate/internal/SessionFactoryImpl$1
instanceKlass org/hibernate/engine/jdbc/batch/internal/BatchImpl
instanceKlass org/hibernate/engine/jdbc/batch/spi/BatchKey
instanceKlass org/hibernate/engine/jdbc/batch/JdbcBatchLogging
instanceKlass org/hibernate/engine/jdbc/mutation/group/PreparedStatementGroup
instanceKlass org/hibernate/sql/model/PreparableMutationOperation
instanceKlass org/hibernate/sql/model/TableMapping
instanceKlass org/hibernate/metamodel/mapping/TableDetails
instanceKlass org/hibernate/engine/jdbc/batch/spi/Batch
instanceKlass org/hibernate/engine/jdbc/batch/internal/BatchBuilderImpl
instanceKlass org/hibernate/jpa/internal/util/LockOptionsHelper
instanceKlass org/hibernate/LockOptions
instanceKlass org/hibernate/internal/ConnectionObserverStatsBridge
instanceKlass org/hibernate/engine/jdbc/spi/ConnectionObserver
instanceKlass org/hibernate/jpa/internal/util/CacheModeHelper$1
instanceKlass org/hibernate/jpa/internal/util/CacheModeHelper
instanceKlass org/hibernate/sql/ast/tree/AbstractStatement
instanceKlass org/hibernate/sql/ast/tree/cte/CteContainer
instanceKlass org/hibernate/query/sqm/sql/internal/DomainResultProducer
instanceKlass org/hibernate/sql/ast/tree/expression/Expression
instanceKlass org/hibernate/sql/ast/spi/SqlSelectionProducer
instanceKlass org/hibernate/query/results/ResultSetMapping
instanceKlass org/hibernate/sql/results/jdbc/spi/JdbcValuesMappingProducer
instanceKlass org/hibernate/sql/results/jdbc/internal/JdbcValuesMappingProducerProviderStandard
instanceKlass org/hibernate/event/internal/EntityCopyNotAllowedObserver
instanceKlass org/hibernate/event/spi/EntityCopyObserver
instanceKlass org/hibernate/sql/model/MutationOperationGroup
instanceKlass org/hibernate/engine/jdbc/mutation/spi/BatchKeyAccess
instanceKlass org/hibernate/engine/jdbc/mutation/MutationExecutor
instanceKlass org/hibernate/engine/jdbc/mutation/internal/StandardMutationExecutorService
instanceKlass org/hibernate/internal/FastSessionServices
instanceKlass org/hibernate/metamodel/model/domain/MappedSuperclassDomainType
instanceKlass jakarta/persistence/metamodel/MappedSuperclassType
instanceKlass org/hibernate/graph/spi/GraphImplementor
instanceKlass org/hibernate/graph/spi/GraphNodeImplementor
instanceKlass org/hibernate/metamodel/model/domain/EntityDomainType
instanceKlass org/hibernate/query/sqm/SqmPathSource
instanceKlass org/hibernate/metamodel/model/domain/IdentifiableDomainType
instanceKlass org/hibernate/metamodel/model/domain/ManagedDomainType
instanceKlass org/hibernate/metamodel/model/domain/internal/JpaMetamodelImpl
instanceKlass org/hibernate/persister/entity/EntityPersister
instanceKlass org/hibernate/persister/walking/spi/AttributeSource
instanceKlass org/hibernate/metamodel/model/domain/internal/EntityPersisterConcurrentMap
instanceKlass org/hibernate/metamodel/model/domain/spi/JpaMetamodelImplementor
instanceKlass jakarta/persistence/metamodel/EntityType
instanceKlass jakarta/persistence/metamodel/Bindable
instanceKlass jakarta/persistence/metamodel/IdentifiableType
instanceKlass jakarta/persistence/metamodel/EmbeddableType
instanceKlass jakarta/persistence/metamodel/ManagedType
instanceKlass org/hibernate/metamodel/spi/MetamodelImplementor
instanceKlass org/hibernate/Metamodel
instanceKlass org/hibernate/metamodel/internal/RuntimeMetamodelsImpl
instanceKlass org/hibernate/query/criteria/spi/CriteriaBuilderExtension
instanceKlass org/hibernate/query/criteria/JpaParameterExpression
instanceKlass org/hibernate/query/sqm/tree/predicate/SqmInPredicate
instanceKlass org/hibernate/query/sqm/tree/predicate/SqmNegatablePredicate
instanceKlass org/hibernate/query/criteria/JpaWindow
instanceKlass org/hibernate/metamodel/model/domain/JpaMetamodel
instanceKlass org/hibernate/query/criteria/JpaWindowFrame
instanceKlass org/hibernate/query/criteria/JpaSimpleCase
instanceKlass org/hibernate/query/criteria/JpaSearchedCase
instanceKlass org/hibernate/query/criteria/JpaCompoundSelection
instanceKlass org/hibernate/query/sqm/tree/domain/SqmTreatedPath
instanceKlass org/hibernate/query/sqm/tree/domain/SqmPathWrapper
instanceKlass org/hibernate/query/sqm/tree/from/SqmAttributeJoin
instanceKlass org/hibernate/query/criteria/JpaFetch
instanceKlass jakarta/persistence/criteria/Fetch
instanceKlass org/hibernate/query/sqm/tree/from/SqmQualifiedJoin
instanceKlass org/hibernate/query/sqm/tree/from/SqmJoin
instanceKlass org/hibernate/query/sqm/tree/from/SqmFrom
instanceKlass org/hibernate/query/sqm/tree/domain/SqmPath
instanceKlass org/hibernate/query/criteria/JpaSearchOrder
instanceKlass org/hibernate/query/sqm/tree/select/SqmSelectQuery
instanceKlass org/hibernate/query/criteria/JpaSubQuery
instanceKlass jakarta/persistence/criteria/Subquery
instanceKlass org/hibernate/query/criteria/JpaQueryGroup
instanceKlass org/hibernate/query/sqm/tree/select/SqmQueryPart
instanceKlass org/hibernate/query/criteria/JpaQueryPart
instanceKlass org/hibernate/query/criteria/JpaCoalesce
instanceKlass org/hibernate/query/criteria/JpaInPredicate
instanceKlass org/hibernate/query/criteria/JpaCriteriaInsertValues
instanceKlass org/hibernate/query/criteria/JpaCriteriaInsertSelect
instanceKlass org/hibernate/query/criteria/JpaCriteriaUpdate
instanceKlass org/hibernate/query/criteria/JpaCriteriaDelete
instanceKlass org/hibernate/query/criteria/JpaCriteriaQuery
instanceKlass org/hibernate/query/criteria/JpaSelectCriteria
instanceKlass org/hibernate/query/criteria/JpaRoot
instanceKlass org/hibernate/query/criteria/JpaSetJoin
instanceKlass org/hibernate/query/criteria/JpaMapJoin
instanceKlass org/hibernate/query/criteria/JpaListJoin
instanceKlass org/hibernate/query/criteria/JpaCollectionJoin
instanceKlass org/hibernate/query/criteria/JpaPluralJoin
instanceKlass org/hibernate/query/criteria/JpaJoin
instanceKlass org/hibernate/query/criteria/JpaJoinedFrom
instanceKlass org/hibernate/query/criteria/JpaFrom
instanceKlass org/hibernate/query/criteria/JpaFetchParent
instanceKlass org/hibernate/query/criteria/JpaPath
instanceKlass org/hibernate/query/criteria/JpaOrder
instanceKlass jakarta/persistence/criteria/ParameterExpression
instanceKlass jakarta/persistence/Parameter
instanceKlass jakarta/persistence/criteria/CriteriaBuilder$In
instanceKlass jakarta/persistence/criteria/CriteriaUpdate
instanceKlass jakarta/persistence/criteria/CriteriaDelete
instanceKlass jakarta/persistence/criteria/CriteriaBuilder$SimpleCase
instanceKlass jakarta/persistence/criteria/CriteriaBuilder$Case
instanceKlass jakarta/persistence/criteria/CriteriaQuery
instanceKlass jakarta/persistence/criteria/AbstractQuery
instanceKlass jakarta/persistence/criteria/CompoundSelection
instanceKlass jakarta/persistence/criteria/CollectionJoin
instanceKlass jakarta/persistence/criteria/MapJoin
instanceKlass jakarta/persistence/criteria/ListJoin
instanceKlass jakarta/persistence/criteria/SetJoin
instanceKlass jakarta/persistence/criteria/PluralJoin
instanceKlass jakarta/persistence/criteria/Root
instanceKlass jakarta/persistence/criteria/Join
instanceKlass jakarta/persistence/criteria/From
instanceKlass jakarta/persistence/criteria/FetchParent
instanceKlass jakarta/persistence/criteria/Path
instanceKlass jakarta/persistence/criteria/Order
instanceKlass jakarta/persistence/criteria/CriteriaBuilder$Coalesce
instanceKlass org/hibernate/query/sqm/internal/SqmCriteriaNodeBuilder
instanceKlass org/hibernate/query/sql/spi/NativeSelectQueryDefinition
instanceKlass org/hibernate/query/sql/spi/NativeSelectQueryPlan
instanceKlass org/hibernate/query/sql/spi/NativeQueryPlan
instanceKlass org/hibernate/query/spi/SelectQueryPlan
instanceKlass org/hibernate/query/spi/QueryPlan
instanceKlass org/hibernate/engine/query/internal/NativeQueryInterpreterStandardImpl
instanceKlass org/hibernate/internal/util/collections/BoundedConcurrentHashMap$HashEntry
instanceKlass org/hibernate/internal/util/collections/BoundedConcurrentHashMap$LIRS
instanceKlass org/hibernate/internal/util/collections/BoundedConcurrentHashMap$EvictionPolicy
instanceKlass org/hibernate/query/QueryLogging
instanceKlass org/hibernate/query/spi/HqlInterpretation
instanceKlass org/hibernate/query/spi/ParameterMetadataImplementor
instanceKlass org/hibernate/query/ParameterMetadata
instanceKlass org/hibernate/query/internal/QueryInterpretationCacheStandardImpl
instanceKlass org/hibernate/query/named/NamedQueryMemento
instanceKlass org/hibernate/query/internal/NamedObjectRepositoryImpl
instanceKlass org/hibernate/dialect/function/TruncFunction$TruncRenderingSupport
instanceKlass org/hibernate/dialect/function/TruncFunction$TruncArgumentsValidator
instanceKlass org/hibernate/dialect/function/TimestampdiffFunction$TimestampdiffFunctionReturnTypeResolver
instanceKlass org/hibernate/query/sqm/tree/predicate/SqmPredicate
instanceKlass org/hibernate/query/criteria/JpaPredicate
instanceKlass jakarta/persistence/criteria/Predicate
instanceKlass org/hibernate/query/sqm/produce/function/StandardArgumentsValidators$3
instanceKlass org/hibernate/query/sqm/produce/function/internal/PatternRenderer
instanceKlass org/hibernate/query/sqm/produce/function/PatternFunctionDescriptorBuilder
instanceKlass org/hibernate/query/sqm/produce/function/StandardArgumentsValidators$6
instanceKlass org/hibernate/query/sqm/produce/function/StandardFunctionReturnTypeResolvers$2
instanceKlass org/hibernate/query/sqm/produce/function/StandardFunctionArgumentTypeResolvers$1
instanceKlass org/hibernate/query/sqm/produce/function/StandardFunctionReturnTypeResolvers$1
instanceKlass org/hibernate/sql/ast/tree/SqlAstNode
instanceKlass org/hibernate/dialect/function/AvgFunction$ReturnTypeResolver
instanceKlass org/hibernate/dialect/function/AvgFunction$Validator
instanceKlass org/hibernate/dialect/function/SumReturnTypeResolver
instanceKlass org/hibernate/query/sqm/produce/function/StandardFunctionReturnTypeResolvers$3
instanceKlass org/hibernate/query/sqm/produce/function/StandardFunctionReturnTypeResolvers
instanceKlass org/hibernate/query/sqm/tree/expression/SqmOrderedSetAggregateFunction
instanceKlass org/hibernate/query/sqm/tree/expression/SqmWindowFunction
instanceKlass org/hibernate/query/sqm/tree/expression/SqmAggregateFunction
instanceKlass org/hibernate/query/sqm/function/AbstractSqmFunctionDescriptor
instanceKlass org/hibernate/query/sqm/function/FunctionRenderer
instanceKlass org/hibernate/query/sqm/function/FunctionRenderingSupport
instanceKlass org/hibernate/query/sqm/tree/AbstractSqmNode
instanceKlass org/hibernate/query/sqm/tree/expression/SqmExpression
instanceKlass org/hibernate/query/sqm/tree/select/SqmSelectableNode
instanceKlass org/hibernate/query/sqm/tree/SqmTypedNode
instanceKlass org/hibernate/query/sqm/tree/SqmExpressibleAccessor
instanceKlass org/hibernate/query/hql/spi/SemanticPathPart
instanceKlass org/hibernate/query/criteria/JpaFunction
instanceKlass org/hibernate/query/criteria/JpaExpression
instanceKlass jakarta/persistence/criteria/Expression
instanceKlass org/hibernate/query/criteria/JpaSelection
instanceKlass jakarta/persistence/criteria/Selection
instanceKlass org/hibernate/query/criteria/JpaTupleElement
instanceKlass jakarta/persistence/TupleElement
instanceKlass org/hibernate/query/sqm/produce/function/StandardFunctionArgumentTypeResolvers
instanceKlass org/hibernate/query/sqm/produce/function/ArgumentTypesValidator
instanceKlass org/hibernate/query/sqm/produce/function/StandardArgumentsValidators$4
instanceKlass org/hibernate/query/sqm/produce/function/StandardArgumentsValidators$2
instanceKlass org/hibernate/query/sqm/produce/function/StandardArgumentsValidators$1
instanceKlass org/hibernate/query/sqm/produce/function/StandardArgumentsValidators
instanceKlass org/hibernate/query/sqm/produce/function/ArgumentsValidator
instanceKlass org/hibernate/query/sqm/produce/function/NamedFunctionDescriptorBuilder
instanceKlass org/hibernate/query/sqm/produce/function/FunctionArgumentTypeResolver
instanceKlass org/hibernate/query/sqm/produce/function/FunctionReturnTypeResolver
instanceKlass org/hibernate/dialect/function/CommonFunctionFactory
instanceKlass java/util/function/ToIntFunction
instanceKlass org/hibernate/query/internal/QueryEngineImpl$FunctionContributionsImpl
instanceKlass org/hibernate/query/sqm/sql/SqmTranslator
instanceKlass org/hibernate/query/sqm/spi/JdbcParameterBySqmParameterAccess
instanceKlass org/hibernate/sql/ast/spi/FromClauseAccess
instanceKlass org/hibernate/query/sqm/sql/SqmToSqlAstConverter
instanceKlass org/hibernate/sql/ast/spi/SqlAstCreationState
instanceKlass org/hibernate/query/sqm/SemanticQueryWalker
instanceKlass org/hibernate/query/sqm/tree/SqmDmlStatement
instanceKlass org/hibernate/query/criteria/JpaManipulationCriteria
instanceKlass org/hibernate/query/sqm/tree/cte/SqmCteContainer
instanceKlass org/hibernate/query/sqm/tree/SqmStatement
instanceKlass org/hibernate/query/sqm/tree/SqmVisitableNode
instanceKlass org/hibernate/query/criteria/JpaQueryableCriteria
instanceKlass org/hibernate/query/criteria/JpaCteContainer
instanceKlass org/hibernate/query/sqm/tree/SqmQuery
instanceKlass org/hibernate/query/sqm/tree/SqmNode
instanceKlass org/hibernate/query/criteria/JpaCriteriaBase
instanceKlass org/hibernate/query/criteria/JpaCriteriaNode
instanceKlass jakarta/persistence/criteria/CommonAbstractCriteria
instanceKlass org/hibernate/query/sqm/sql/StandardSqmTranslatorFactory
instanceKlass org/antlr/v4/runtime/ANTLRErrorStrategy
instanceKlass org/antlr/v4/runtime/ANTLRErrorListener
instanceKlass org/hibernate/query/hql/internal/StandardHqlTranslator
instanceKlass org/hibernate/query/sqm/internal/SqmCreationOptionsStandard
instanceKlass org/hibernate/query/hql/spi/SqmCreationOptions
instanceKlass org/hibernate/query/sqm/NodeBuilder
instanceKlass org/hibernate/query/spi/QueryInterpretationCache
instanceKlass org/hibernate/query/sqm/sql/SqmTranslatorFactory
instanceKlass org/hibernate/query/hql/HqlTranslator
instanceKlass org/hibernate/query/internal/QueryEngineImpl
instanceKlass org/hibernate/query/spi/QueryEngine
instanceKlass org/hibernate/tool/schema/spi/ExceptionHandler
instanceKlass org/hibernate/tool/schema/spi/SchemaManagementToolCoordinator$SettingSelector
instanceKlass org/hibernate/tool/schema/spi/ExecutionOptions
instanceKlass org/hibernate/tool/schema/spi/SchemaFilter
instanceKlass org/hibernate/tool/schema/spi/JpaTargetAndSourceDescriptor
instanceKlass org/hibernate/tool/schema/spi/TargetDescriptor
instanceKlass org/hibernate/tool/schema/spi/SourceDescriptor
instanceKlass org/hibernate/tool/schema/spi/SchemaManagementToolCoordinator
instanceKlass org/hibernate/tool/schema/spi/SchemaManagementToolCoordinator$ActionGrouping
instanceKlass org/hibernate/internal/SessionFactoryImpl$IntegratorObserver
instanceKlass org/hibernate/relational/internal/SchemaManagerImpl
instanceKlass org/hibernate/internal/EmptyInterceptor
instanceKlass org/hibernate/internal/CoordinatingEntityNameResolver
instanceKlass org/hibernate/jpa/internal/PersistenceUnitUtilImpl
instanceKlass org/hibernate/cache/spi/access/EntityDataAccess
instanceKlass org/hibernate/cache/spi/access/CollectionDataAccess
instanceKlass org/hibernate/cache/spi/QueryResultsCache
instanceKlass org/hibernate/cache/spi/TimestampsCache
instanceKlass org/hibernate/cache/spi/access/NaturalIdDataAccess
instanceKlass org/hibernate/metamodel/model/domain/NavigableRole
instanceKlass org/hibernate/spi/DotIdentifierSequence
instanceKlass org/hibernate/cache/internal/DisabledCaching
instanceKlass org/hibernate/boot/model/relational/internal/SqlStringGenerationContextImpl
instanceKlass org/hibernate/boot/model/relational/SqlStringGenerationContext
instanceKlass org/hibernate/event/spi/EventEngineContributor
instanceKlass org/hibernate/event/spi/EventEngine$1
instanceKlass org/hibernate/event/internal/DefaultRefreshEventListener
instanceKlass org/hibernate/event/internal/PostUpdateEventListenerStandardImpl
instanceKlass org/hibernate/action/spi/BeforeTransactionCompletionProcess
instanceKlass org/hibernate/event/internal/DefaultPostLoadEventListener
instanceKlass org/hibernate/event/internal/PostInsertEventListenerStandardImpl
instanceKlass org/hibernate/event/internal/PostDeleteEventListenerStandardImpl
instanceKlass org/hibernate/event/spi/PostCommitUpdateEventListener
instanceKlass org/hibernate/event/spi/PostCommitInsertEventListener
instanceKlass org/hibernate/event/spi/PostCommitDeleteEventListener
instanceKlass org/hibernate/event/internal/DefaultPreLoadEventListener
instanceKlass org/hibernate/cache/spi/access/CachedDomainDataAccess
instanceKlass org/hibernate/event/internal/DefaultInitializeCollectionEventListener
instanceKlass org/hibernate/event/internal/DefaultLoadEventListener
instanceKlass org/hibernate/CustomEntityDirtinessStrategy$DirtyCheckContext
instanceKlass org/hibernate/event/internal/DefaultFlushEntityEventListener
instanceKlass org/hibernate/metamodel/mapping/EntityMappingType
instanceKlass org/hibernate/metamodel/mapping/SoftDeletableModelPart
instanceKlass org/hibernate/metamodel/mapping/Discriminable
instanceKlass org/hibernate/metamodel/mapping/Restrictable
instanceKlass org/hibernate/metamodel/mapping/WhereRestrictable
instanceKlass org/hibernate/metamodel/mapping/FilterRestrictable
instanceKlass org/hibernate/loader/ast/spi/Loadable
instanceKlass org/hibernate/sql/ast/tree/from/RootTableGroupProducer
instanceKlass org/hibernate/sql/ast/tree/from/TableGroupProducer
instanceKlass org/hibernate/metamodel/mapping/EntityValuedModelPart
instanceKlass org/hibernate/metamodel/mapping/ManagedMappingType
instanceKlass org/hibernate/sql/results/graph/FetchableContainer
instanceKlass org/hibernate/metamodel/mapping/ModelPartContainer
instanceKlass org/hibernate/metamodel/mapping/ModelPart
instanceKlass org/hibernate/event/internal/DefaultEvictEventListener
instanceKlass org/hibernate/event/internal/DefaultDeleteEventListener
instanceKlass org/hibernate/action/internal/EntityAction
instanceKlass org/hibernate/action/spi/AfterTransactionCompletionProcess
instanceKlass org/hibernate/engine/spi/ComparableExecutable
instanceKlass org/hibernate/action/spi/Executable
instanceKlass org/hibernate/event/internal/AbstractReassociateEventListener
instanceKlass org/hibernate/jpa/event/spi/CallbackRegistryConsumer
instanceKlass java/util/concurrent/ForkJoinTask
instanceKlass java/util/concurrent/CompletableFuture$AsynchronousCompletionTask
instanceKlass java/util/concurrent/CompletableFuture$AltResult
instanceKlass java/util/concurrent/CompletableFuture
instanceKlass org/hibernate/event/service/internal/EventListenerGroupImpl$1
instanceKlass org/hibernate/event/service/spi/DuplicationStrategy
instanceKlass java/util/concurrent/CompletionStage
instanceKlass org/hibernate/event/spi/AbstractEvent
instanceKlass org/hibernate/event/internal/AbstractFlushingEventListener
instanceKlass org/hibernate/event/service/spi/JpaBootstrapSensitive
instanceKlass org/hibernate/event/spi/PostCollectionUpdateEventListener
instanceKlass org/hibernate/event/spi/PostCollectionRemoveEventListener
instanceKlass org/hibernate/event/spi/PostCollectionRecreateEventListener
instanceKlass org/hibernate/event/spi/PreCollectionUpdateEventListener
instanceKlass org/hibernate/event/spi/PreCollectionRemoveEventListener
instanceKlass org/hibernate/event/spi/PreCollectionRecreateEventListener
instanceKlass org/hibernate/event/spi/PostLoadEventListener
instanceKlass org/hibernate/event/spi/PreInsertEventListener
instanceKlass org/hibernate/event/spi/PreUpdateEventListener
instanceKlass org/hibernate/event/spi/PreDeleteEventListener
instanceKlass org/hibernate/event/spi/PreLoadEventListener
instanceKlass org/hibernate/event/spi/RefreshEventListener
instanceKlass org/hibernate/event/spi/LockEventListener
instanceKlass org/hibernate/event/spi/EvictEventListener
instanceKlass org/hibernate/event/spi/ClearEventListener
instanceKlass org/hibernate/event/spi/FlushEntityEventListener
instanceKlass org/hibernate/event/spi/DirtyCheckEventListener
instanceKlass org/hibernate/event/spi/AutoFlushEventListener
instanceKlass org/hibernate/event/spi/FlushEventListener
instanceKlass org/hibernate/event/spi/ReplicateEventListener
instanceKlass org/hibernate/event/spi/DeleteEventListener
instanceKlass org/hibernate/event/spi/MergeEventListener
instanceKlass org/hibernate/event/spi/PersistEventListener
instanceKlass org/hibernate/event/spi/SaveOrUpdateEventListener
instanceKlass org/hibernate/event/spi/InitializeCollectionEventListener
instanceKlass org/hibernate/event/spi/ResolveNaturalIdEventListener
instanceKlass org/hibernate/event/spi/LoadEventListener
instanceKlass org/hibernate/event/spi/EventType
instanceKlass org/hibernate/event/service/internal/EventListenerRegistryImpl
instanceKlass org/hibernate/event/service/internal/EventListenerGroupImpl
instanceKlass org/hibernate/event/service/spi/EventListenerGroup
instanceKlass org/hibernate/event/service/internal/EventListenerRegistryImpl$Builder
instanceKlass org/hibernate/internal/util/collections/EmptyReadOnlyMap
instanceKlass org/hibernate/internal/util/collections/ReadOnlyMap
instanceKlass org/hibernate/jpa/event/internal/CallbackRegistryImpl
instanceKlass org/hibernate/jpa/event/internal/CallbackRegistryImpl$Builder
instanceKlass org/hibernate/event/service/spi/EventListenerRegistry
instanceKlass org/hibernate/jpa/event/spi/CallbackRegistry
instanceKlass org/hibernate/jpa/event/internal/CallbacksFactory
instanceKlass org/hibernate/event/spi/EventEngineContributions
instanceKlass org/hibernate/event/spi/EventEngine
instanceKlass org/hibernate/service/spi/SessionFactoryServiceInitiatorContext
instanceKlass org/hibernate/service/spi/SessionFactoryServiceContributor
instanceKlass org/hibernate/engine/query/spi/NativeQueryInterpreter
instanceKlass org/hibernate/engine/query/spi/NativeQueryInterpreterInitiator
instanceKlass org/hibernate/cache/spi/CacheImplementor
instanceKlass org/hibernate/engine/spi/CacheInitiator
instanceKlass org/hibernate/stat/spi/StatisticsImplementor
instanceKlass org/hibernate/stat/internal/StatisticsInitiator
instanceKlass org/hibernate/service/spi/SessionFactoryServiceInitiator
instanceKlass org/hibernate/service/internal/StandardSessionFactoryServiceInitiators
instanceKlass org/hibernate/service/internal/SessionFactoryServiceRegistryBuilderImpl
instanceKlass org/hibernate/service/spi/SessionFactoryServiceRegistry
instanceKlass org/hibernate/service/spi/SessionFactoryServiceRegistryBuilder
instanceKlass org/hibernate/service/internal/SessionFactoryServiceRegistryFactoryImpl
instanceKlass org/hibernate/internal/SessionFactoryObserverChain
instanceKlass org/hibernate/jpa/internal/JpaComplianceImpl
instanceKlass org/hibernate/jpa/internal/JpaComplianceImpl$JpaComplianceBuilder
instanceKlass javax/naming/RefAddr
instanceKlass org/hibernate/metamodel/spi/RuntimeMetamodelsImplementor
instanceKlass org/hibernate/metamodel/RuntimeMetamodels
instanceKlass org/hibernate/relational/SchemaManager
instanceKlass org/hibernate/EntityNameResolver
instanceKlass jakarta/persistence/PersistenceUnitUtil
instanceKlass org/hibernate/context/spi/CurrentSessionContext
instanceKlass org/hibernate/metamodel/spi/MappingMetamodelImplementor
instanceKlass org/hibernate/engine/spi/SessionBuilderImplementor
instanceKlass org/hibernate/metamodel/spi/RuntimeModelCreationContext
instanceKlass org/hibernate/persister/spi/PersisterCreationContext
instanceKlass org/hibernate/StatelessSessionBuilder
instanceKlass org/hibernate/engine/spi/SessionImplementor
instanceKlass org/hibernate/query/criteria/HibernateCriteriaBuilder
instanceKlass org/hibernate/Cache
instanceKlass org/hibernate/SessionBuilder
instanceKlass org/hibernate/Session
instanceKlass jakarta/persistence/EntityManager
instanceKlass org/hibernate/stat/Statistics
instanceKlass org/hibernate/metamodel/MappingMetamodel
instanceKlass org/hibernate/graph/RootGraph
instanceKlass jakarta/persistence/EntityGraph
instanceKlass org/hibernate/graph/Graph
instanceKlass org/hibernate/graph/GraphNode
instanceKlass jakarta/persistence/metamodel/Metamodel
instanceKlass jakarta/persistence/Cache
instanceKlass jakarta/persistence/criteria/CriteriaBuilder
instanceKlass org/hibernate/internal/QueryParameterBindingTypeResolverImpl
instanceKlass org/hibernate/jpa/boot/internal/EntityManagerFactoryBuilderImpl$JpaEntityNotFoundDelegate
instanceKlass org/hibernate/jpa/boot/internal/EntityManagerFactoryBuilderImpl$ServiceRegistryCloser
instanceKlass org/hibernate/boot/spi/SessionFactoryBuilderFactory
instanceKlass org/hibernate/boot/internal/SessionFactoryObserverForRegistration
instanceKlass org/hibernate/boot/internal/SessionFactoryObserverForSchemaExport
instanceKlass org/hibernate/boot/internal/SessionFactoryObserverForNamedQueryValidation
instanceKlass org/hibernate/bytecode/internal/SessionFactoryObserverForBytecodeEnhancer
instanceKlass org/hibernate/proxy/pojo/bytebuddy/ByteBuddyProxyHelper
instanceKlass org/hibernate/bytecode/internal/bytebuddy/ByteBuddyState$StandardClassRewriter
instanceKlass net/bytebuddy/matcher/LatentMatcher$Resolved
instanceKlass net/bytebuddy/dynamic/scaffold/InstrumentedType$WithFlexibleName
instanceKlass net/bytebuddy/dynamic/scaffold/InstrumentedType
instanceKlass net/bytebuddy/implementation/LoadedTypeInitializer
instanceKlass net/bytebuddy/dynamic/scaffold/TypeInitializer
instanceKlass net/bytebuddy/dynamic/scaffold/MethodGraph$Compiler$Default$Merger
instanceKlass net/bytebuddy/dynamic/scaffold/MethodGraph$Compiler$Default$Harmonizer
instanceKlass net/bytebuddy/dynamic/scaffold/MethodGraph$Linked
instanceKlass net/bytebuddy/dynamic/scaffold/MethodGraph
instanceKlass net/bytebuddy/dynamic/scaffold/MethodGraph$Compiler$AbstractBase
instanceKlass net/bytebuddy/dynamic/scaffold/MethodGraph$Compiler
instanceKlass net/bytebuddy/implementation/Implementation$Context$ExtractableView
instanceKlass net/bytebuddy/implementation/Implementation$Context
instanceKlass net/bytebuddy/implementation/MethodAccessorFactory
instanceKlass net/bytebuddy/implementation/attribute/AnnotationValueFilter
instanceKlass net/bytebuddy/utility/RandomString
instanceKlass net/bytebuddy/dynamic/scaffold/subclass/ConstructorStrategy
instanceKlass net/bytebuddy/dynamic/scaffold/ClassWriterStrategy
instanceKlass net/bytebuddy/dynamic/VisibilityBridgeStrategy
instanceKlass net/bytebuddy/dynamic/scaffold/InstrumentedType$Factory
instanceKlass net/bytebuddy/implementation/attribute/AnnotationValueFilter$Factory
instanceKlass net/bytebuddy/implementation/auxiliary/AuxiliaryType$NamingStrategy$SuffixingRandom
instanceKlass net/bytebuddy/implementation/Implementation$Context$Factory
instanceKlass net/bytebuddy/implementation/auxiliary/AuxiliaryType$NamingStrategy
instanceKlass net/bytebuddy/NamingStrategy$AbstractBase
instanceKlass net/bytebuddy/matcher/LatentMatcher
instanceKlass net/bytebuddy/ByteBuddy
instanceKlass net/bytebuddy/implementation/FieldAccessor$FieldLocation$Prepared
instanceKlass net/bytebuddy/implementation/FieldAccessor$FieldLocation$Relative
instanceKlass net/bytebuddy/utility/ConstantValue
instanceKlass net/bytebuddy/implementation/FieldAccessor$FieldNameExtractor$ForFixedValue
instanceKlass net/bytebuddy/implementation/FieldAccessor$OwnerTypeLocatable
instanceKlass net/bytebuddy/implementation/FieldAccessor$AssignerConfigurable
instanceKlass net/bytebuddy/implementation/FieldAccessor$PropertyConfigurable
instanceKlass net/bytebuddy/implementation/FieldAccessor$FieldLocation
instanceKlass net/bytebuddy/implementation/FieldAccessor$FieldNameExtractor
instanceKlass net/bytebuddy/implementation/FieldAccessor
instanceKlass org/hibernate/bytecode/internal/bytebuddy/ByteBuddyState$ProxyDefinitionHelpers$2
instanceKlass net/bytebuddy/implementation/bytecode/assign/primitive/PrimitiveTypeAwareAssigner
instanceKlass net/bytebuddy/implementation/bytecode/assign/primitive/VoidAwareAssigner
instanceKlass net/bytebuddy/implementation/bytecode/assign/Assigner
instanceKlass net/bytebuddy/implementation/bind/MethodDelegationBinder$MethodBinding
instanceKlass net/bytebuddy/implementation/bind/annotation/TargetMethodAnnotationDrivenBinder$Record
instanceKlass net/bytebuddy/implementation/bind/annotation/TargetMethodAnnotationDrivenBinder$DelegationProcessor$Handler$Bound
instanceKlass net/bytebuddy/implementation/bind/annotation/RuntimeType$Verifier
instanceKlass net/bytebuddy/description/method/ParameterDescription$ForLoadedParameter$Parameter
instanceKlass net/bytebuddy/description/method/ParameterDescription$InDefinedShape
instanceKlass net/bytebuddy/description/method/ParameterDescription
instanceKlass net/bytebuddy/description/NamedElement$WithOptionalName
instanceKlass net/bytebuddy/description/method/ParameterList$ForLoadedExecutable$Executable
instanceKlass net/bytebuddy/description/method/ParameterList
instanceKlass net/bytebuddy/description/type/TypeDescription$Generic$Visitor$ForRawType
instanceKlass net/bytebuddy/utility/dispatcher/JavaDispatcher$Dispatcher$ForInstanceCheck
instanceKlass net/bytebuddy/description/type/TypeDefinition$Sort$AnnotatedType
instanceKlass net/bytebuddy/description/type/TypeDescription$Generic$AnnotationReader
instanceKlass net/bytebuddy/description/enumeration/EnumerationDescription
instanceKlass net/bytebuddy/description/annotation/AnnotationValue
instanceKlass net/bytebuddy/description/annotation/AnnotationDescription$AbstractBase
instanceKlass net/bytebuddy/description/annotation/AnnotationDescription$Loadable
instanceKlass net/bytebuddy/implementation/bind/annotation/IgnoreForBinding
instanceKlass net/bytebuddy/implementation/bind/annotation/RuntimeType
instanceKlass net/bytebuddy/description/annotation/AnnotationDescription
instanceKlass net/bytebuddy/implementation/bind/annotation/IgnoreForBinding$Verifier
instanceKlass net/bytebuddy/implementation/MethodDelegation$ImplementationDelegate$Compiled
instanceKlass net/bytebuddy/implementation/MethodDelegation$ImplementationDelegate$ForStaticMethod
instanceKlass net/bytebuddy/implementation/bind/annotation/Empty
instanceKlass net/bytebuddy/implementation/bind/annotation/StubValue
instanceKlass net/bytebuddy/implementation/bind/annotation/TargetMethodAnnotationDrivenBinder$DelegationProcessor$Handler$Unbound
instanceKlass net/bytebuddy/implementation/bind/annotation/TargetMethodAnnotationDrivenBinder$DelegationProcessor$Handler
instanceKlass net/bytebuddy/implementation/bind/annotation/TargetMethodAnnotationDrivenBinder$DelegationProcessor
instanceKlass net/bytebuddy/implementation/bind/annotation/TargetMethodAnnotationDrivenBinder
instanceKlass net/bytebuddy/implementation/bind/MethodDelegationBinder
instanceKlass org/hibernate/proxy/ProxyConfiguration$Interceptor
instanceKlass net/bytebuddy/implementation/bind/annotation/FieldSetterHandle
instanceKlass net/bytebuddy/implementation/bind/annotation/FieldGetterHandle
instanceKlass net/bytebuddy/implementation/bind/annotation/FieldValue
instanceKlass net/bytebuddy/dynamic/scaffold/FieldLocator$AbstractBase
instanceKlass net/bytebuddy/dynamic/scaffold/FieldLocator
instanceKlass net/bytebuddy/implementation/bind/annotation/TargetMethodAnnotationDrivenBinder$ParameterBinder$ForFieldBinding
instanceKlass net/bytebuddy/implementation/bind/annotation/DefaultMethodHandle
instanceKlass net/bytebuddy/implementation/bind/annotation/DefaultMethodHandle$Binder$MethodLocator$ForExplicitType
instanceKlass net/bytebuddy/implementation/bind/annotation/DefaultMethodHandle$Binder$MethodLocator
instanceKlass net/bytebuddy/implementation/bind/annotation/DefaultMethod
instanceKlass net/bytebuddy/implementation/bind/annotation/DefaultMethod$Binder$MethodLocator$ForExplicitType
instanceKlass net/bytebuddy/implementation/bind/annotation/DefaultMethod$Binder$MethodLocator
instanceKlass net/bytebuddy/implementation/bind/annotation/SuperMethodHandle
instanceKlass net/bytebuddy/implementation/bind/annotation/SuperMethod
instanceKlass net/bytebuddy/implementation/bind/annotation/DefaultCallHandle
instanceKlass net/bytebuddy/implementation/bind/annotation/DefaultCallHandle$Binder$DefaultMethodLocator$Explicit
instanceKlass net/bytebuddy/implementation/bind/annotation/DefaultCallHandle$Binder$DefaultMethodLocator
instanceKlass net/bytebuddy/implementation/bind/annotation/DefaultCall
instanceKlass net/bytebuddy/implementation/bind/annotation/DefaultCall$Binder$DefaultMethodLocator$Explicit
instanceKlass net/bytebuddy/implementation/bind/annotation/DefaultCall$Binder$DefaultMethodLocator
instanceKlass net/bytebuddy/implementation/bind/annotation/SuperCallHandle
instanceKlass net/bytebuddy/implementation/bind/annotation/SuperCall
instanceKlass net/bytebuddy/implementation/bytecode/StackManipulation$AbstractBase
instanceKlass net/bytebuddy/implementation/bind/annotation/Default
instanceKlass net/bytebuddy/implementation/bind/annotation/Super
instanceKlass net/bytebuddy/implementation/bind/annotation/This
instanceKlass net/bytebuddy/implementation/bytecode/StackManipulation$Compound
instanceKlass net/bytebuddy/implementation/bind/annotation/Origin
instanceKlass net/bytebuddy/implementation/bind/MethodDelegationBinder$ParameterBinding$Anonymous
instanceKlass net/bytebuddy/implementation/bind/annotation/AllArguments
instanceKlass net/bytebuddy/implementation/bind/annotation/Argument
instanceKlass net/bytebuddy/implementation/bind/MethodDelegationBinder$ParameterBinding
instanceKlass net/bytebuddy/implementation/bytecode/StackManipulation
instanceKlass net/bytebuddy/implementation/bind/annotation/TargetMethodAnnotationDrivenBinder$ParameterBinder
instanceKlass net/bytebuddy/description/method/MethodDescription$InDefinedShape$AbstractBase$Executable
instanceKlass net/bytebuddy/description/ByteCodeElement$Token
instanceKlass net/bytebuddy/description/method/ParameterDescription$ForLoadedParameter$ParameterAnnotationSource
instanceKlass net/bytebuddy/implementation/bind/annotation/BindingPriority
instanceKlass net/bytebuddy/implementation/bind/MethodDelegationBinder$AmbiguityResolver$Compound
instanceKlass net/bytebuddy/dynamic/scaffold/FieldLocator$Factory
instanceKlass net/bytebuddy/implementation/bind/MethodDelegationBinder$BindingResolver
instanceKlass net/bytebuddy/implementation/MethodDelegation$ImplementationDelegate
instanceKlass net/bytebuddy/implementation/MethodDelegation$WithCustomProperties
instanceKlass net/bytebuddy/implementation/bytecode/ByteCodeAppender
instanceKlass net/bytebuddy/implementation/bind/MethodDelegationBinder$Record
instanceKlass net/bytebuddy/implementation/bind/MethodDelegationBinder$AmbiguityResolver
instanceKlass net/bytebuddy/implementation/bind/MethodDelegationBinder$TerminationHandler
instanceKlass net/bytebuddy/implementation/MethodDelegation
instanceKlass net/bytebuddy/implementation/Implementation$Composable
instanceKlass org/hibernate/proxy/ProxyConfiguration$InterceptorDispatcher
instanceKlass org/hibernate/internal/util/securitymanager/SystemSecurityManager
instanceKlass org/hibernate/bytecode/internal/bytebuddy/ByteBuddyState$ProxyDefinitionHelpers$1
instanceKlass org/hibernate/engine/spi/SelfDirtinessTracker
instanceKlass org/hibernate/proxy/ProxyConfiguration
instanceKlass org/hibernate/engine/spi/ManagedMappedSuperclass
instanceKlass org/hibernate/engine/spi/CompositeTracker
instanceKlass org/hibernate/proxy/HibernateProxy
instanceKlass org/hibernate/engine/spi/ManagedEntity
instanceKlass org/hibernate/engine/spi/CompositeOwner
instanceKlass org/hibernate/engine/spi/ManagedComposite
instanceKlass org/hibernate/engine/spi/Managed
instanceKlass org/hibernate/engine/spi/PersistentAttributeInterceptable
instanceKlass org/hibernate/engine/spi/PrimeAmongSecondarySupertypes
instanceKlass net/bytebuddy/dynamic/TargetType
instanceKlass net/bytebuddy/utility/dispatcher/JavaDispatcher$ProxiedInvocationHandler
instanceKlass net/bytebuddy/utility/nullability/MaybeNull
instanceKlass net/bytebuddy/utility/dispatcher/JavaDispatcher$Dispatcher$ForNonStaticMethod
instanceKlass net/bytebuddy/utility/dispatcher/JavaDispatcher$IsConstructor
instanceKlass net/bytebuddy/utility/dispatcher/JavaDispatcher$IsStatic
instanceKlass net/bytebuddy/utility/dispatcher/JavaDispatcher$Container
instanceKlass net/bytebuddy/utility/dispatcher/JavaDispatcher$Instance
instanceKlass java/io/Console
instanceKlass net/bytebuddy/utility/dispatcher/JavaDispatcher$Defaults
instanceKlass net/bytebuddy/utility/Invoker$Dispatcher
instanceKlass net/bytebuddy/jar/asm/Attribute
instanceKlass net/bytebuddy/jar/asm/Handler
instanceKlass net/bytebuddy/jar/asm/Frame
instanceKlass net/bytebuddy/jar/asm/Type
instanceKlass net/bytebuddy/jar/asm/ByteVector
instanceKlass net/bytebuddy/jar/asm/Symbol
instanceKlass net/bytebuddy/jar/asm/SymbolTable
instanceKlass net/bytebuddy/jar/asm/FieldVisitor
instanceKlass net/bytebuddy/jar/asm/MethodVisitor
instanceKlass net/bytebuddy/jar/asm/AnnotationVisitor
instanceKlass net/bytebuddy/jar/asm/ModuleVisitor
instanceKlass net/bytebuddy/jar/asm/RecordComponentVisitor
instanceKlass net/bytebuddy/jar/asm/ClassVisitor
instanceKlass net/bytebuddy/utility/Invoker
instanceKlass net/bytebuddy/utility/dispatcher/JavaDispatcher$InvokerCreationAction
instanceKlass net/bytebuddy/utility/dispatcher/JavaDispatcher$DynamicClassLoader$Resolver$ForModuleSystem
instanceKlass net/bytebuddy/utility/dispatcher/JavaDispatcher$DynamicClassLoader$Resolver
instanceKlass net/bytebuddy/utility/dispatcher/JavaDispatcher$Proxied
instanceKlass net/bytebuddy/utility/dispatcher/JavaDispatcher$Dispatcher
instanceKlass net/bytebuddy/utility/dispatcher/JavaDispatcher
instanceKlass net/bytebuddy/description/type/TypeDescription$ForLoadedType$Dispatcher
instanceKlass net/bytebuddy/utility/privilege/GetSystemPropertyAction
instanceKlass net/bytebuddy/description/type/PackageDescription
instanceKlass net/bytebuddy/description/field/FieldList
instanceKlass net/bytebuddy/description/type/RecordComponentList
instanceKlass net/bytebuddy/description/method/MethodList
instanceKlass net/bytebuddy/description/type/TypeList
instanceKlass net/bytebuddy/description/type/TypeDescription$Generic
instanceKlass net/bytebuddy/description/annotation/AnnotationList
instanceKlass net/bytebuddy/description/type/TypeDescription$Generic$Visitor
instanceKlass net/bytebuddy/description/type/TypeList$Generic
instanceKlass net/bytebuddy/matcher/FilterableList
instanceKlass net/bytebuddy/description/ModifierReviewable$AbstractBase
instanceKlass net/bytebuddy/description/ModifierReviewable$ForParameterDescription
instanceKlass net/bytebuddy/description/type/TypeDescription
instanceKlass org/hibernate/bytecode/internal/bytebuddy/ByteBuddyState$ProxyDefinitionHelpers
instanceKlass org/hibernate/bytecode/internal/bytebuddy/ByteBuddyState$ClassRewriter
instanceKlass org/hibernate/bytecode/internal/bytebuddy/ByteBuddyState
instanceKlass java/lang/Process
instanceKlass net/bytebuddy/ClassFileVersion$VersionLocator$Resolved
instanceKlass net/bytebuddy/ClassFileVersion$VersionLocator
instanceKlass org/hibernate/bytecode/internal/bytebuddy/BytecodeProviderImpl$1
instanceKlass net/bytebuddy/matcher/ElementMatcher$Junction$AbstractBase
instanceKlass net/bytebuddy/description/field/FieldDescription$InDefinedShape
instanceKlass net/bytebuddy/description/field/FieldDescription
instanceKlass net/bytebuddy/description/ModifierReviewable$ForFieldDescription
instanceKlass net/bytebuddy/description/method/MethodDescription$InDefinedShape
instanceKlass net/bytebuddy/description/method/MethodDescription
instanceKlass net/bytebuddy/description/ByteCodeElement$TypeDependant
instanceKlass net/bytebuddy/description/ByteCodeElement$Member
instanceKlass net/bytebuddy/description/NamedElement$WithGenericName
instanceKlass net/bytebuddy/description/ByteCodeElement
instanceKlass net/bytebuddy/description/annotation/AnnotationSource
instanceKlass net/bytebuddy/description/NamedElement$WithDescriptor
instanceKlass net/bytebuddy/description/NamedElement$WithRuntimeName
instanceKlass net/bytebuddy/description/DeclaredByType$WithMandatoryDeclaration
instanceKlass net/bytebuddy/description/DeclaredByType
instanceKlass net/bytebuddy/description/ModifierReviewable$ForMethodDescription
instanceKlass net/bytebuddy/description/TypeVariableSource
instanceKlass net/bytebuddy/matcher/ElementMatcher$Junction
instanceKlass net/bytebuddy/matcher/ElementMatchers
instanceKlass net/bytebuddy/ClassFileVersion
instanceKlass net/bytebuddy/matcher/ElementMatcher
instanceKlass net/bytebuddy/dynamic/DynamicType$Builder
instanceKlass net/bytebuddy/implementation/Implementation
instanceKlass net/bytebuddy/dynamic/scaffold/InstrumentedType$Prepareable
instanceKlass net/bytebuddy/description/type/TypeDefinition
instanceKlass net/bytebuddy/description/ModifierReviewable$ForTypeDefinition
instanceKlass net/bytebuddy/description/ModifierReviewable$OfEnumeration
instanceKlass net/bytebuddy/description/ModifierReviewable$OfAbstraction
instanceKlass net/bytebuddy/description/ModifierReviewable$OfByteCodeElement
instanceKlass net/bytebuddy/description/ModifierReviewable
instanceKlass net/bytebuddy/description/NamedElement
instanceKlass net/bytebuddy/NamingStrategy
instanceKlass net/bytebuddy/NamingStrategy$SuffixingRandom$BaseNameResolver
instanceKlass net/bytebuddy/NamingStrategy$Suffixing$BaseNameResolver
instanceKlass org/hibernate/bytecode/enhance/spi/Enhancer
instanceKlass org/hibernate/bytecode/spi/ReflectionOptimizer
instanceKlass org/hibernate/bytecode/internal/bytebuddy/BytecodeProviderImpl
instanceKlass org/hibernate/internal/util/NullnessUtil
instanceKlass org/hibernate/context/spi/CurrentTenantIdentifierResolver
instanceKlass org/hibernate/boot/internal/StandardEntityNotFoundDelegate
instanceKlass org/hibernate/boot/internal/DefaultCustomEntityDirtinessStrategy
instanceKlass org/hibernate/CustomEntityDirtinessStrategy
instanceKlass org/hibernate/SessionEventListener
instanceKlass org/hibernate/internal/BaselineSessionEventsListenerBuilder
instanceKlass org/hibernate/resource/jdbc/spi/StatementInspector
instanceKlass org/hibernate/Interceptor
instanceKlass org/hibernate/type/format/jaxb/JaxbXmlFormatMapper$JAXBElementTransformer
instanceKlass org/hibernate/type/format/jakartajson/JakartaJsonIntegration
instanceKlass org/hibernate/type/format/jackson/JacksonIntegration
instanceKlass java/util/Collections$UnmodifiableMap$UnmodifiableEntrySet$UnmodifiableEntry
instanceKlass java/util/Collections$UnmodifiableMap$UnmodifiableEntrySet$1
instanceKlass org/hibernate/boot/internal/SessionFactoryOptionsBuilder
instanceKlass org/hibernate/boot/internal/SessionFactoryBuilderImpl
instanceKlass org/hibernate/boot/spi/SessionFactoryBuilderImplementor
instanceKlass org/hibernate/boot/internal/DefaultSessionFactoryBuilderService
instanceKlass org/hibernate/query/named/NamedObjectRepository
instanceKlass org/hibernate/boot/SessionFactoryBuilder
instanceKlass org/hibernate/boot/internal/MetadataImpl
instanceKlass org/hibernate/id/factory/internal/IdentifierGeneratorUtil
instanceKlass org/hibernate/engine/spi/CascadeStyles$BaseCascadeStyle
instanceKlass org/hibernate/engine/spi/CascadeStyles
instanceKlass org/hibernate/id/CompositeNestedGeneratedValueGenerator
instanceKlass org/hibernate/id/IdentifierGeneratorAggregator
instanceKlass org/hibernate/mapping/Component$StandardGenerationContextLocator
instanceKlass org/hibernate/boot/model/process/spi/MetadataBuildingProcess$3
instanceKlass org/hibernate/boot/spi/AdditionalJaxbMappingProducer
instanceKlass org/hibernate/boot/spi/AdditionalMappingContributor
instanceKlass org/hibernate/boot/model/process/spi/MetadataBuildingProcess$AdditionalMappingContributionsImpl
instanceKlass org/hibernate/boot/model/process/spi/MetadataBuildingProcess$2
instanceKlass org/hibernate/type/descriptor/java/AbstractTemporalJavaType$1
instanceKlass org/hibernate/type/spi/CompositeTypeImplementor
instanceKlass org/hibernate/boot/model/process/internal/InferredBasicValueResolution
instanceKlass org/hibernate/type/descriptor/java/JavaTypeHelper
instanceKlass org/hibernate/boot/model/process/internal/InferredBasicValueResolver
instanceKlass org/hibernate/type/descriptor/java/spi/RegistryHelper
instanceKlass org/hibernate/annotations/JavaType
instanceKlass org/hibernate/mapping/SimpleValue$ParameterTypeImpl
instanceKlass java/math/MutableBigInteger
instanceKlass org/hibernate/boot/model/naming/NamingHelper$1
instanceKlass org/hibernate/boot/model/naming/NamingHelper
instanceKlass org/hibernate/boot/internal/InFlightMetadataCollectorImpl$ForeignKeyNameSource
instanceKlass org/hibernate/annotations/WhereJoinTable
instanceKlass org/hibernate/annotations/SQLJoinTableRestriction
instanceKlass org/hibernate/annotations/FilterJoinTables
instanceKlass org/hibernate/annotations/FilterJoinTable
instanceKlass org/hibernate/mapping/OneToMany
instanceKlass org/hibernate/annotations/AttributeBinderType
instanceKlass org/hibernate/engine/jdbc/Size
instanceKlass org/hibernate/mapping/MappingHelper
instanceKlass org/hibernate/mapping/Constraint
instanceKlass org/hibernate/mapping/Table$ForeignKeyKey
instanceKlass org/hibernate/mapping/Join
instanceKlass org/hibernate/boot/model/internal/TableBinder$4
instanceKlass org/hibernate/boot/model/source/internal/hbm/MappingDocument
instanceKlass org/hibernate/type/SerializableToBlobType
instanceKlass org/hibernate/usertype/DynamicParameterizedType
instanceKlass org/hibernate/usertype/ParameterizedType
instanceKlass org/hibernate/boot/spi/MetadataContributor
instanceKlass jdk/internal/ValueBased
instanceKlass org/hibernate/boot/model/internal/CollectionSecondPass
instanceKlass org/hibernate/annotations/LazyCollection
instanceKlass org/hibernate/type/AbstractType
instanceKlass org/hibernate/type/AssociationType
instanceKlass jakarta/persistence/CollectionTable
instanceKlass jakarta/persistence/MapKeyJoinColumn
instanceKlass jakarta/persistence/MapKeyJoinColumns
instanceKlass jakarta/persistence/MapKeyColumn
instanceKlass org/hibernate/boot/model/internal/WrappedInferredData
instanceKlass org/hibernate/annotations/SortComparator
instanceKlass org/hibernate/annotations/SortNatural
instanceKlass org/hibernate/annotations/SQLOrder
instanceKlass org/hibernate/boot/model/internal/CollectionBinder$2
instanceKlass org/hibernate/annotations/OrderBy
instanceKlass jakarta/persistence/OrderBy
instanceKlass org/hibernate/annotations/ListIndexJavaType
instanceKlass org/hibernate/annotations/ListIndexJdbcTypeCode
instanceKlass org/hibernate/annotations/ListIndexJdbcType
instanceKlass org/hibernate/annotations/ListIndexBase
instanceKlass org/hibernate/annotations/IndexColumn
instanceKlass org/hibernate/annotations/CollectionIdJavaType
instanceKlass org/hibernate/annotations/CollectionIdJdbcTypeCode
instanceKlass org/hibernate/annotations/CollectionIdJdbcType
instanceKlass org/hibernate/annotations/CollectionId
instanceKlass org/hibernate/annotations/Bag
instanceKlass org/hibernate/annotations/CollectionType
instanceKlass org/hibernate/annotations/MapKeyType
instanceKlass jakarta/persistence/MapKey
instanceKlass org/hibernate/annotations/MapKeyMutability
instanceKlass org/hibernate/annotations/MapKeyJdbcTypeCode
instanceKlass org/hibernate/annotations/MapKeyJdbcType
instanceKlass org/hibernate/annotations/MapKeyJavaType
instanceKlass jakarta/persistence/OrderColumn
instanceKlass org/hibernate/metamodel/mapping/NonTransientException
instanceKlass org/hibernate/boot/model/internal/CollectionBinder
instanceKlass org/hibernate/annotations/common/reflection/java/generics/SimpleTypeEnvironment
instanceKlass org/hibernate/boot/model/internal/OneToOneSecondPass
instanceKlass org/hibernate/mapping/Formula
instanceKlass org/hibernate/annotations/FetchProfiles
instanceKlass org/hibernate/annotations/FetchProfile
instanceKlass jakarta/persistence/ExcludeDefaultListeners
instanceKlass jakarta/persistence/ExcludeSuperclassListeners
instanceKlass org/hibernate/jpa/event/spi/CallbackDefinition
instanceKlass org/hibernate/jpa/event/internal/CallbackDefinitionResolverLegacyImpl
instanceKlass jakarta/persistence/PostLoad
instanceKlass jakarta/persistence/PostRemove
instanceKlass jakarta/persistence/PreRemove
instanceKlass jakarta/persistence/PostPersist
instanceKlass jakarta/persistence/PrePersist
instanceKlass jakarta/persistence/PostUpdate
instanceKlass jakarta/persistence/PreUpdate
instanceKlass org/hibernate/annotations/Tables
instanceKlass org/hibernate/annotations/Table
instanceKlass org/hibernate/annotations/SoftDelete
instanceKlass org/hibernate/annotations/ForeignKey
instanceKlass org/hibernate/annotations/FetchProfileOverrides
instanceKlass org/hibernate/annotations/FetchProfileOverride
instanceKlass org/hibernate/boot/model/internal/BinderHelper$1
instanceKlass org/hibernate/annotations/Fetch
instanceKlass org/hibernate/annotations/LazyToOne
instanceKlass java/util/RegularEnumSet$EnumSetIterator
instanceKlass jakarta/persistence/JoinTable
instanceKlass org/hibernate/annotations/NotFound
instanceKlass org/hibernate/annotations/Cascade
instanceKlass org/hibernate/boot/model/internal/ToOneBinder
instanceKlass org/hibernate/boot/model/naming/ImplicitPrimaryKeyJoinColumnNameSource
instanceKlass org/hibernate/boot/model/naming/ImplicitJoinColumnNameSource
instanceKlass org/hibernate/annotations/IdGeneratorType
instanceKlass org/hibernate/annotations/TypeBinderType
instanceKlass org/hibernate/annotations/Struct
instanceKlass org/hibernate/boot/model/internal/AggregateComponentBinder
instanceKlass jakarta/persistence/GeneratedValue
instanceKlass org/hibernate/annotations/Index
instanceKlass org/hibernate/annotations/OptimisticLock
instanceKlass org/hibernate/boot/model/source/internal/ImplicitColumnNamingSecondPass
instanceKlass org/hibernate/boot/model/internal/OptionalDeterminationSecondPass
instanceKlass org/hibernate/annotations/NaturalId
instanceKlass org/hibernate/annotations/ValueGenerationType
instanceKlass org/hibernate/engine/spi/CascadeStyle
instanceKlass org/hibernate/boot/internal/InFlightMetadataCollectorImpl$TableColumnNameBinding
instanceKlass org/hibernate/annotations/JdbcType
instanceKlass org/hibernate/mapping/BasicValue$Resolution
instanceKlass org/hibernate/annotations/PartitionKey
instanceKlass org/hibernate/annotations/JdbcTypeCode
instanceKlass jakarta/persistence/Enumerated
instanceKlass jakarta/persistence/Temporal
instanceKlass org/hibernate/internal/util/ReflectHelper
instanceKlass org/hibernate/boot/model/internal/BasicValueBinder$1
instanceKlass org/hibernate/annotations/Type
instanceKlass jakarta/persistence/Lob
instanceKlass org/hibernate/boot/model/convert/spi/AutoApplicableConverterDescriptor
instanceKlass org/hibernate/boot/model/internal/BasicValueBinder$ListIndexMappingAccess
instanceKlass org/hibernate/boot/model/internal/BasicValueBinder$CollectionIdMappingAccess
instanceKlass org/hibernate/boot/model/internal/BasicValueBinder$MapKeyMappingAccess
instanceKlass org/hibernate/boot/model/internal/BasicValueBinder$AnyKeyMappingAccess
instanceKlass org/hibernate/annotations/Parameter
instanceKlass org/hibernate/boot/model/internal/BasicValueBinder$AnyDiscriminatorMappingAccess
instanceKlass org/hibernate/boot/model/internal/BasicValueBinder$ValueMappingAccess
instanceKlass org/hibernate/boot/model/internal/BasicValueBinder$BasicMappingAccess
instanceKlass org/hibernate/boot/model/internal/BasicValueBinder
instanceKlass org/hibernate/annotations/Instantiator
instanceKlass org/hibernate/type/CompositeType
instanceKlass org/hibernate/id/CompositeNestedGeneratedValueGenerator$GenerationPlan
instanceKlass org/hibernate/id/CompositeNestedGeneratedValueGenerator$GenerationContextLocator
instanceKlass org/hibernate/usertype/DynamicParameterizedType$ParameterType
instanceKlass org/hibernate/id/factory/spi/CustomIdGeneratorCreationContext
instanceKlass org/hibernate/boot/model/internal/HCANNHelper
instanceKlass org/hibernate/annotations/CompositeType
instanceKlass jakarta/persistence/Embedded
instanceKlass org/hibernate/property/access/spi/PropertyAccessStrategy
instanceKlass org/hibernate/boot/model/internal/EmbeddableBinder
instanceKlass org/hibernate/annotations/ManyToAny
instanceKlass jakarta/persistence/Version
instanceKlass org/hibernate/annotations/LazyGroup
instanceKlass org/hibernate/boot/model/source/spi/AbstractAttributeKey
instanceKlass org/hibernate/boot/model/internal/AnnotatedColumn$1
instanceKlass org/hibernate/annotations/Array
instanceKlass org/hibernate/annotations/GeneratedColumn
instanceKlass org/hibernate/annotations/ColumnDefault
instanceKlass jakarta/persistence/Basic
instanceKlass jakarta/persistence/ManyToMany
instanceKlass org/hibernate/annotations/Any
instanceKlass jakarta/persistence/ElementCollection
instanceKlass jakarta/persistence/OneToMany
instanceKlass org/hibernate/annotations/Columns
instanceKlass org/hibernate/annotations/Formula
instanceKlass org/hibernate/annotations/JoinFormula
instanceKlass org/hibernate/annotations/JoinColumnsOrFormulas
instanceKlass org/hibernate/annotations/JoinColumnOrFormula
instanceKlass jakarta/persistence/JoinColumns
instanceKlass org/hibernate/boot/model/internal/ColumnsBuilder
instanceKlass org/hibernate/annotations/Target
instanceKlass org/hibernate/annotations/Parent
instanceKlass jakarta/persistence/IdClass
instanceKlass org/hibernate/boot/model/internal/InheritanceState$ElementsToProcess
instanceKlass jakarta/persistence/OneToOne
instanceKlass jakarta/persistence/MapsId
instanceKlass org/hibernate/boot/model/internal/PropertyInferredData
instanceKlass org/hibernate/boot/model/internal/PropertyBinder
instanceKlass java/lang/annotation/Repeatable
instanceKlass jakarta/persistence/ForeignKey
instanceKlass jakarta/persistence/JoinColumn
instanceKlass jakarta/persistence/ManyToOne
instanceKlass jakarta/persistence/Transient
instanceKlass org/hibernate/boot/model/internal/PropertyContainer
instanceKlass jakarta/persistence/Id
instanceKlass jakarta/persistence/EmbeddedId
instanceKlass org/hibernate/annotations/common/reflection/java/generics/ApproximatingTypeEnvironment
instanceKlass org/hibernate/annotations/common/reflection/java/generics/TypeUtils
instanceKlass org/hibernate/annotations/common/reflection/ReflectionUtil
instanceKlass org/hibernate/annotations/common/reflection/XClass$1
instanceKlass org/hibernate/boot/spi/AccessType$1
instanceKlass jakarta/persistence/Access
instanceKlass org/hibernate/annotations/OnDelete
instanceKlass jakarta/persistence/PrimaryKeyJoinColumn
instanceKlass jakarta/persistence/PrimaryKeyJoinColumns
instanceKlass jakarta/persistence/DiscriminatorValue
instanceKlass org/hibernate/boot/model/internal/AnnotatedDiscriminatorColumn$1
instanceKlass org/hibernate/boot/model/internal/AnnotatedColumn
instanceKlass org/hibernate/annotations/DiscriminatorFormula
instanceKlass jakarta/persistence/DiscriminatorColumn
instanceKlass org/hibernate/annotations/DiscriminatorOptions
instanceKlass jakarta/persistence/Converts
instanceKlass jakarta/persistence/Convert
instanceKlass jakarta/persistence/AssociationOverrides
instanceKlass jakarta/persistence/AssociationOverride
instanceKlass org/hibernate/annotations/ColumnTransformers
instanceKlass org/hibernate/annotations/ColumnTransformer
instanceKlass org/hibernate/annotations/TimeZoneStorage
instanceKlass org/hibernate/boot/model/internal/TimeZoneStorageHelper
instanceKlass jakarta/persistence/AttributeOverrides
instanceKlass jakarta/persistence/AttributeOverride
instanceKlass jakarta/persistence/Column
instanceKlass org/hibernate/boot/model/internal/AbstractPropertyHolder
instanceKlass org/hibernate/boot/model/internal/PropertyHolder
instanceKlass org/hibernate/boot/model/internal/PropertyHolderBuilder
instanceKlass org/hibernate/annotations/Check
instanceKlass org/hibernate/annotations/Checks
instanceKlass jakarta/persistence/SecondaryTables
instanceKlass jakarta/persistence/SecondaryTable
instanceKlass org/hibernate/boot/internal/InFlightMetadataCollectorImpl$EntityTableXrefImpl
instanceKlass org/hibernate/boot/model/naming/ImplicitIndexNameSource
instanceKlass org/hibernate/boot/model/naming/ImplicitUniqueKeyNameSource
instanceKlass org/hibernate/boot/model/internal/IndexBinder
instanceKlass org/hibernate/mapping/Column
instanceKlass org/hibernate/boot/model/naming/ImplicitJoinTableNameSource
instanceKlass org/hibernate/boot/model/naming/ImplicitCollectionTableNameSource
instanceKlass org/hibernate/boot/model/internal/ObjectNameSource
instanceKlass org/hibernate/boot/model/internal/TableBinder
instanceKlass org/hibernate/boot/model/internal/EntityBinder$EntityTableNamingStrategyHelper
instanceKlass org/hibernate/boot/model/naming/NamingStrategyHelper
instanceKlass org/hibernate/annotations/View
instanceKlass org/hibernate/annotations/RowId
instanceKlass jakarta/persistence/NamedEntityGraphs
instanceKlass jakarta/persistence/NamedEntityGraph
instanceKlass org/hibernate/annotations/Synchronize
instanceKlass org/hibernate/annotations/Subselect
instanceKlass org/hibernate/annotations/Loader
instanceKlass org/hibernate/annotations/HQLSelect
instanceKlass org/hibernate/annotations/SQLSelect
instanceKlass org/hibernate/annotations/SQLDeleteAll
instanceKlass org/hibernate/annotations/SQLDeletes
instanceKlass org/hibernate/annotations/SQLDelete
instanceKlass org/hibernate/annotations/SQLUpdates
instanceKlass org/hibernate/annotations/SQLUpdate
instanceKlass org/hibernate/annotations/SQLInserts
instanceKlass org/hibernate/annotations/SQLInsert
instanceKlass org/hibernate/annotations/Persister
instanceKlass org/hibernate/annotations/Mutability
instanceKlass org/hibernate/annotations/Immutable
instanceKlass org/hibernate/annotations/Filter
instanceKlass org/hibernate/annotations/Filters
instanceKlass org/hibernate/annotations/NaturalIdCache
instanceKlass org/hibernate/annotations/CacheConcurrencyStrategy$1
instanceKlass org/hibernate/boot/model/internal/EntityBinder$LocalCacheAnnotationStub
instanceKlass jakarta/persistence/Cacheable
instanceKlass org/hibernate/annotations/SQLRestriction
instanceKlass org/hibernate/annotations/Where
instanceKlass org/hibernate/annotations/BatchSize
instanceKlass org/hibernate/annotations/Proxy
instanceKlass org/hibernate/annotations/Polymorphism
instanceKlass org/hibernate/boot/model/internal/EntityBinder$1
instanceKlass org/hibernate/annotations/OptimisticLocking
instanceKlass org/hibernate/annotations/SelectBeforeUpdate
instanceKlass org/hibernate/annotations/DynamicUpdate
instanceKlass org/hibernate/annotations/DynamicInsert
instanceKlass org/hibernate/sql/Alias
instanceKlass org/hibernate/annotations/Cache
instanceKlass org/hibernate/boot/spi/PropertyData
instanceKlass org/hibernate/boot/model/internal/EntityBinder
instanceKlass org/hibernate/annotations/GenericGenerator
instanceKlass org/hibernate/boot/internal/GenerationStrategyInterpreter$GeneratorNameDeterminationContext
instanceKlass org/hibernate/generator/GeneratorCreationContext
instanceKlass org/hibernate/boot/model/internal/GeneratorBinder
instanceKlass org/hibernate/annotations/ConverterRegistrations
instanceKlass org/hibernate/annotations/ConverterRegistration
instanceKlass org/hibernate/annotations/CompositeTypeRegistrations
instanceKlass org/hibernate/annotations/CompositeTypeRegistration
instanceKlass org/hibernate/annotations/TypeRegistrations
instanceKlass org/hibernate/annotations/TypeRegistration
instanceKlass org/hibernate/annotations/EmbeddableInstantiatorRegistrations
instanceKlass org/hibernate/annotations/EmbeddableInstantiatorRegistration
instanceKlass org/hibernate/annotations/CollectionTypeRegistrations
instanceKlass org/hibernate/annotations/CollectionTypeRegistration
instanceKlass org/hibernate/annotations/JdbcTypeRegistrations
instanceKlass org/hibernate/annotations/JdbcTypeRegistration
instanceKlass org/hibernate/annotations/JavaTypeRegistrations
instanceKlass org/hibernate/annotations/JavaTypeRegistration
instanceKlass org/hibernate/resource/beans/container/spi/BeanContainer
instanceKlass org/hibernate/resource/beans/spi/ManagedBean
instanceKlass org/hibernate/resource/beans/internal/ManagedBeanRegistryImpl
instanceKlass org/hibernate/annotations/DialectOverride$OverridesAnnotation
instanceKlass java/util/function/BooleanSupplier
instanceKlass java/util/stream/StreamSpliterators
instanceKlass java/util/stream/StreamSpliterators$AbstractWrappingSpliterator
instanceKlass org/hibernate/boot/model/internal/AnnotatedColumns
instanceKlass org/hibernate/boot/model/internal/BinderHelper
instanceKlass org/hibernate/annotations/FilterDefs
instanceKlass org/hibernate/annotations/FilterDef
instanceKlass org/hibernate/annotations/Imported
instanceKlass org/hibernate/annotations/NamedNativeQueries
instanceKlass org/hibernate/annotations/NamedNativeQuery
instanceKlass org/hibernate/annotations/NamedQueries
instanceKlass org/hibernate/annotations/NamedQuery
instanceKlass jakarta/persistence/NamedNativeQueries
instanceKlass jakarta/persistence/NamedQueries
instanceKlass jakarta/persistence/SqlResultSetMappings
instanceKlass org/hibernate/boot/model/internal/SecondaryTableFromAnnotationSecondPass
instanceKlass org/hibernate/boot/model/internal/SecondaryTableSecondPass
instanceKlass org/hibernate/boot/model/internal/ImplicitToOneJoinTableSecondPass
instanceKlass org/hibernate/boot/model/internal/CreateKeySecondPass
instanceKlass org/hibernate/boot/model/internal/FkSecondPass
instanceKlass org/hibernate/boot/model/internal/AggregateComponentSecondPass
instanceKlass org/hibernate/boot/model/internal/SetBasicValueTypeSecondPass
instanceKlass org/hibernate/boot/model/internal/IdGeneratorResolverSecondPass
instanceKlass org/hibernate/boot/model/internal/ResultSetMappingSecondPass
instanceKlass org/hibernate/boot/model/internal/QuerySecondPass
instanceKlass org/hibernate/boot/query/NamedResultSetMappingDescriptor
instanceKlass org/hibernate/boot/query/NamedHqlQueryDefinition
instanceKlass org/hibernate/query/sql/spi/ParameterRecognizer
instanceKlass org/hibernate/boot/model/internal/QueryBinder
instanceKlass org/hibernate/boot/model/internal/AnnotationBinder$2
instanceKlass jakarta/persistence/Inheritance
instanceKlass org/hibernate/boot/model/internal/InheritanceState
instanceKlass org/hibernate/annotations/common/reflection/java/generics/CompoundTypeEnvironment
instanceKlass org/hibernate/annotations/common/reflection/java/generics/TypeEnvironmentFactory
instanceKlass jakarta/persistence/NamedStoredProcedureQueries
instanceKlass jakarta/persistence/NamedStoredProcedureQuery
instanceKlass jakarta/persistence/SqlResultSetMapping
instanceKlass jakarta/persistence/NamedNativeQuery
instanceKlass jakarta/persistence/NamedQuery
instanceKlass jakarta/persistence/SequenceGenerators
instanceKlass jakarta/persistence/TableGenerators
instanceKlass jakarta/persistence/TableGenerator
instanceKlass jakarta/persistence/SequenceGenerator
instanceKlass org/hibernate/boot/model/internal/AnnotationBinder
instanceKlass org/hibernate/boot/model/relational/Namespace$ComparableHelper
instanceKlass org/hibernate/boot/model/relational/Namespace
instanceKlass jakarta/persistence/EntityListeners
instanceKlass org/hibernate/boot/model/internal/XMLContext$Default
instanceKlass org/hibernate/boot/model/source/internal/annotations/AnnotationMetadataSourceProcessorImpl$1
instanceKlass iuh/fit/core/entity/ChiTietPhieuDatPhongId
instanceKlass iuh/fit/core/entity/NhanVien
instanceKlass iuh/fit/core/entity/PhanCongCaLamViec
instanceKlass iuh/fit/core/entity/LoaiPhong
instanceKlass iuh/fit/core/entity/DichVu
instanceKlass iuh/fit/core/entity/ChiTietHoaDonId
instanceKlass iuh/fit/core/entity/HoaDon
instanceKlass iuh/fit/core/entity/CaLamViec
instanceKlass iuh/fit/core/entity/KhachHang
instanceKlass iuh/fit/core/entity/KhuyenMai
instanceKlass iuh/fit/core/entity/ChiTietPhieuDatPhong
instanceKlass iuh/fit/core/entity/PhieuDatPhong
instanceKlass iuh/fit/core/entity/TaiKhoan
instanceKlass iuh/fit/core/entity/Phong
instanceKlass jakarta/persistence/Index
instanceKlass jakarta/persistence/UniqueConstraint
instanceKlass jakarta/persistence/Table
instanceKlass org/hibernate/annotations/common/reflection/java/JavaAnnotationReader
instanceKlass java/lang/reflect/AnnotatedType
instanceKlass org/hibernate/annotations/common/reflection/Filter
instanceKlass org/hibernate/annotations/common/reflection/java/generics/TypeSwitch
instanceKlass org/hibernate/annotations/common/reflection/java/generics/IdentityTypeEnvironment
instanceKlass iuh/fit/core/entity/ChiTietHoaDon
instanceKlass org/hibernate/boot/spi/JpaOrmXmlPersistenceUnitDefaultAware$JpaOrmXmlPersistenceUnitDefaults
instanceKlass org/hibernate/boot/model/source/internal/annotations/AnnotationMetadataSourceProcessorImpl
instanceKlass org/hibernate/mapping/Selectable
instanceKlass org/hibernate/boot/model/source/internal/hbm/RelationalObjectBinder
instanceKlass org/hibernate/boot/model/source/internal/hbm/IndexedPluralAttributeSource
instanceKlass org/hibernate/boot/model/source/spi/PluralAttributeSource
instanceKlass org/hibernate/boot/model/source/spi/CascadeStyleSource
instanceKlass org/hibernate/boot/model/source/spi/FetchableAttributeSource
instanceKlass org/hibernate/boot/spi/NaturalIdUniqueKeyBinder
instanceKlass org/hibernate/boot/model/naming/ImplicitEntityNameSource
instanceKlass org/hibernate/boot/model/naming/ImplicitDiscriminatorColumnNameSource
instanceKlass org/hibernate/boot/model/naming/ImplicitIndexColumnNameSource
instanceKlass org/hibernate/boot/model/naming/ImplicitBasicColumnNameSource
instanceKlass org/hibernate/boot/model/naming/ImplicitMapKeyColumnNameSource
instanceKlass org/hibernate/mapping/Property
instanceKlass org/hibernate/boot/model/source/spi/AnyMappingSource
instanceKlass org/hibernate/mapping/Collection
instanceKlass org/hibernate/mapping/Fetchable
instanceKlass org/hibernate/boot/model/naming/ImplicitAnyDiscriminatorColumnNameSource
instanceKlass org/hibernate/boot/model/naming/ImplicitAnyKeyColumnNameSource
instanceKlass org/hibernate/boot/model/naming/ImplicitIdentifierColumnNameSource
instanceKlass org/hibernate/boot/model/source/spi/CompositeIdentifierSource
instanceKlass org/hibernate/boot/model/source/spi/EmbeddableSourceContributor
instanceKlass org/hibernate/boot/model/source/spi/IdentifierSource
instanceKlass org/hibernate/mapping/SoftDeletable
instanceKlass org/hibernate/boot/model/source/spi/RelationalValueSourceContainer
instanceKlass org/hibernate/boot/model/source/spi/ColumnBindingDefaults
instanceKlass org/hibernate/boot/model/source/spi/HibernateTypeSource
instanceKlass org/hibernate/boot/model/source/spi/AttributeSource
instanceKlass org/hibernate/boot/model/convert/spi/JpaAttributeConverterCreationContext
instanceKlass org/hibernate/mapping/SortableValue
instanceKlass org/hibernate/mapping/Resolvable
instanceKlass org/hibernate/mapping/SimpleValue
instanceKlass org/hibernate/boot/model/source/internal/hbm/RelationalObjectBinder$ColumnNamingDelegate
instanceKlass org/hibernate/mapping/KeyValue
instanceKlass org/hibernate/mapping/TableOwner
instanceKlass org/hibernate/boot/model/source/internal/hbm/HbmLocalMetadataBuildingContext
instanceKlass org/hibernate/boot/model/source/spi/LocalMetadataBuildingContext
instanceKlass org/hibernate/mapping/PersistentClass
instanceKlass org/hibernate/mapping/MetaAttributable
instanceKlass org/hibernate/mapping/Filterable
instanceKlass org/hibernate/mapping/AttributeContainer
instanceKlass org/hibernate/mapping/IdentifiableTypeClass
instanceKlass org/hibernate/mapping/TableContainer
instanceKlass org/hibernate/boot/model/source/internal/hbm/ModelBinder
instanceKlass org/hibernate/boot/model/source/spi/JoinedSubclassEntitySource
instanceKlass org/hibernate/boot/model/source/spi/ForeignKeyContributingSource
instanceKlass org/hibernate/boot/model/source/spi/SubclassEntitySource
instanceKlass org/hibernate/boot/jaxb/hbm/spi/TableInformationContainer
instanceKlass org/hibernate/boot/jaxb/hbm/spi/SubEntityInfo
instanceKlass org/hibernate/boot/jaxb/hbm/spi/SecondaryTableContainer
instanceKlass org/hibernate/boot/jaxb/hbm/spi/Discriminatable
instanceKlass org/hibernate/boot/jaxb/hbm/spi/JaxbHbmToolingHintContainer
instanceKlass org/hibernate/boot/model/source/internal/hbm/AbstractHbmSourceNode
instanceKlass org/hibernate/boot/model/source/internal/hbm/Helper$InLineViewNameInferrer
instanceKlass org/hibernate/boot/model/source/spi/EntitySource
instanceKlass org/hibernate/boot/model/source/spi/EntityNamingSourceContributor
instanceKlass org/hibernate/boot/model/source/spi/IdentifiableTypeSource
instanceKlass org/hibernate/boot/model/source/spi/AttributeSourceContainer
instanceKlass org/hibernate/boot/model/source/spi/ToolingHintContextContainer
instanceKlass org/hibernate/boot/jaxb/hbm/spi/EntityInfo
instanceKlass org/hibernate/boot/jaxb/hbm/spi/ResultSetMappingContainer
instanceKlass org/hibernate/boot/jaxb/hbm/spi/ToolingHintContainer
instanceKlass org/hibernate/boot/model/source/internal/hbm/EntityHierarchyBuilder
instanceKlass org/hibernate/boot/model/source/internal/hbm/HbmMetadataSourceProcessorImpl
instanceKlass org/hibernate/boot/model/process/spi/MetadataBuildingProcess$1
instanceKlass org/hibernate/boot/model/naming/ObjectNameNormalizer
instanceKlass org/hibernate/boot/internal/MetadataBuildingContextRootImpl
instanceKlass org/hibernate/boot/internal/MetadataBuilderImpl$2
instanceKlass org/hibernate/boot/model/process/spi/MetadataBuildingProcess$5
instanceKlass org/hibernate/type/descriptor/jdbc/XmlJdbcType
instanceKlass org/hibernate/type/descriptor/jdbc/JdbcTypeFamilyInformation
instanceKlass org/hibernate/type/descriptor/jdbc/spi/AbstractJdbcLiteralFormatter
instanceKlass org/hibernate/type/AdjustableBasicType
instanceKlass org/hibernate/internal/util/config/ConfigurationHelper$TypeCodeConverter
instanceKlass org/hibernate/dialect/VarcharUUIDJdbcType
instanceKlass org/hibernate/dialect/MySQLEnumJdbcType
instanceKlass org/hibernate/type/descriptor/jdbc/NullJdbcType
instanceKlass org/hibernate/type/descriptor/jdbc/NClobJdbcType
instanceKlass org/hibernate/type/descriptor/jdbc/TimeUtcAsJdbcTimeJdbcType
instanceKlass org/hibernate/type/descriptor/jdbc/TimestampUtcAsJdbcTimestampJdbcType
instanceKlass org/hibernate/type/descriptor/sql/internal/NativeEnumDdlTypeImpl
instanceKlass org/hibernate/type/descriptor/sql/internal/CapacityDependentDdlType$TypeEntry
instanceKlass org/hibernate/type/descriptor/sql/internal/CapacityDependentDdlType$Builder
instanceKlass org/hibernate/type/SqlTypes
instanceKlass java/sql/Types
instanceKlass org/hibernate/type/descriptor/JdbcTypeNameMapper
instanceKlass org/hibernate/type/descriptor/sql/internal/DdlTypeImpl
instanceKlass org/hibernate/type/descriptor/jdbc/JsonJdbcType
instanceKlass org/hibernate/type/descriptor/jdbc/AggregateJdbcType
instanceKlass org/hibernate/boot/model/process/spi/MetadataBuildingProcess$4
instanceKlass org/hibernate/boot/model/relational/AuxiliaryDatabaseObject
instanceKlass org/hibernate/boot/model/relational/Namespace$Name
instanceKlass org/hibernate/sql/ast/internal/ParameterMarkerStrategyStandard
instanceKlass org/hibernate/engine/jdbc/internal/Formatter
instanceKlass org/mariadb/jdbc/MariaDbBlob
instanceKlass org/hibernate/engine/jdbc/env/internal/LobCreationHelper
instanceKlass org/hibernate/engine/jdbc/LobCreator
instanceKlass org/hibernate/engine/jdbc/env/internal/LobCreatorBuilderImpl
instanceKlass org/hibernate/engine/jdbc/env/internal/QualifiedObjectNameFormatterStandardImpl$CatalogNameFormat
instanceKlass org/hibernate/engine/jdbc/env/internal/QualifiedObjectNameFormatterStandardImpl$1
instanceKlass org/hibernate/engine/jdbc/env/internal/QualifiedObjectNameFormatterStandardImpl$Format
instanceKlass org/hibernate/engine/jdbc/env/internal/QualifiedObjectNameFormatterStandardImpl
instanceKlass org/hibernate/boot/model/naming/Identifier
instanceKlass org/hibernate/tool/schema/extract/spi/ExtractionContext
instanceKlass org/hibernate/engine/jdbc/env/internal/ExtractedDatabaseMetaDataImpl
instanceKlass org/hibernate/engine/jdbc/env/internal/DefaultSchemaNameResolver$SchemaNameResolverJava17Delegate
instanceKlass java/sql/Struct
instanceKlass java/sql/Array
instanceKlass java/sql/SQLXML
instanceKlass org/mariadb/jdbc/MariaDbPoolConnection
instanceKlass javax/sql/XAConnection
instanceKlass org/hibernate/engine/jdbc/env/internal/DefaultSchemaNameResolver
instanceKlass org/hibernate/engine/jdbc/cursor/internal/StandardRefCursorSupport
instanceKlass org/hibernate/engine/jdbc/env/internal/ExtractedDatabaseMetaDataImpl$Builder
instanceKlass org/hibernate/engine/jdbc/env/internal/NormalizingIdentifierHelperImpl
instanceKlass org/hibernate/engine/jdbc/env/spi/IdentifierHelper
instanceKlass org/hibernate/engine/jdbc/env/spi/IdentifierHelperBuilder
instanceKlass org/hibernate/engine/jdbc/spi/SqlExceptionHelper$WarningHandlerLoggingSupport
instanceKlass org/hibernate/exception/internal/StandardSQLExceptionConverter
instanceKlass org/hibernate/engine/jdbc/spi/SqlExceptionHelper$WarningHandler
instanceKlass org/hibernate/engine/jdbc/spi/SqlExceptionHelper
instanceKlass org/hibernate/exception/spi/AbstractSQLExceptionConversionDelegate
instanceKlass org/hibernate/sql/ast/SqlAstTranslator
instanceKlass org/hibernate/sql/ast/SqlAstWalker
instanceKlass org/hibernate/sql/ast/tree/MutationStatement
instanceKlass org/hibernate/sql/ast/tree/Statement
instanceKlass org/hibernate/sql/ast/spi/StandardSqlAstTranslatorFactory
instanceKlass org/hibernate/dialect/DialectLogging_$logger
instanceKlass org/hibernate/dialect/DialectLogging
instanceKlass org/hibernate/internal/log/DeprecationLogger
instanceKlass java/util/regex/Pattern$1MatcherIterator
instanceKlass org/hibernate/boot/model/source/internal/hbm/CommaSeparatedStringHelper
instanceKlass org/hibernate/dialect/InnoDBStorageEngine
instanceKlass org/hibernate/dialect/MySQLStorageEngine
instanceKlass org/hibernate/engine/jdbc/env/spi/AnsiSqlKeywords
instanceKlass org/hibernate/loader/ast/spi/MultiKeyLoadSizingStrategy
instanceKlass org/hibernate/tool/schema/internal/StandardTableCleaner
instanceKlass org/hibernate/tool/schema/internal/StandardTableMigrator
instanceKlass org/hibernate/dialect/temptable/StandardTemporaryTableExporter
instanceKlass org/hibernate/tool/schema/internal/StandardAuxiliaryDatabaseObjectExporter
instanceKlass org/hibernate/tool/schema/internal/StandardUniqueKeyExporter
instanceKlass org/hibernate/tool/schema/internal/StandardForeignKeyExporter
instanceKlass org/hibernate/tool/schema/internal/StandardIndexExporter
instanceKlass org/hibernate/tool/schema/internal/StandardSequenceExporter
instanceKlass org/hibernate/tool/schema/internal/StandardUserDefinedTypeExporter
instanceKlass org/hibernate/mapping/Value
instanceKlass org/hibernate/tool/schema/extract/spi/ColumnTypeInformation
instanceKlass org/hibernate/boot/model/relational/QualifiedName
instanceKlass org/hibernate/tool/schema/internal/StandardTableExporter
instanceKlass org/hibernate/dialect/Dialect$SizeStrategyImpl
instanceKlass org/mariadb/jdbc/client/util/MutableInt
instanceKlass org/mariadb/jdbc/client/result/rowdecoder/TextRowDecoder
instanceKlass org/mariadb/jdbc/client/result/rowdecoder/BinaryRowDecoder
instanceKlass org/mariadb/jdbc/client/result/rowdecoder/RowDecoder
instanceKlass java/sql/ResultSetMetaData
instanceKlass jdk/internal/icu/util/CodePointTrie$Data
instanceKlass jdk/internal/icu/util/CodePointTrie$1
instanceKlass jdk/internal/icu/util/CodePointMap
instanceKlass jdk/internal/icu/impl/NormalizerImpl$IsAcceptable
instanceKlass jdk/internal/icu/impl/NormalizerImpl
instanceKlass jdk/internal/icu/impl/Norm2AllModes$Norm2AllModesSingleton
instanceKlass jdk/internal/icu/impl/Norm2AllModes$NFCSingleton
instanceKlass jdk/internal/icu/impl/Norm2AllModes
instanceKlass jdk/internal/icu/text/Normalizer2
instanceKlass jdk/internal/icu/text/NormalizerBase$ModeImpl
instanceKlass jdk/internal/icu/text/NormalizerBase$NFCModeImpl
instanceKlass jdk/internal/icu/text/NormalizerBase$1
instanceKlass jdk/internal/icu/text/NormalizerBase$Mode
instanceKlass jdk/internal/icu/text/NormalizerBase
instanceKlass java/text/Normalizer
instanceKlass org/mariadb/jdbc/Statement
instanceKlass org/hibernate/dialect/MySQLServerConfiguration
instanceKlass org/hibernate/exception/spi/TemplatedViolatedConstraintNameExtractor
instanceKlass org/hibernate/dialect/SimpleDatabaseVersion
instanceKlass sun/invoke/util/VerifyAccess$1
instanceKlass org/hibernate/dialect/Dialect$3
instanceKlass org/hibernate/dialect/Dialect$2
instanceKlass org/hibernate/dialect/Dialect$1
instanceKlass org/hibernate/exception/spi/ViolatedConstraintNameExtractor
instanceKlass org/hibernate/dialect/pagination/LimitHandler
instanceKlass org/hibernate/dialect/LobMergeStrategy
instanceKlass org/hibernate/dialect/Dialect$SizeStrategy
instanceKlass org/hibernate/sql/model/MutationOperation
instanceKlass org/hibernate/sql/model/MutationTarget
instanceKlass org/hibernate/engine/jdbc/env/spi/SchemaNameResolver
instanceKlass org/hibernate/procedure/spi/CallableStatementSupport
instanceKlass org/hibernate/dialect/temptable/TemporaryTableExporter
instanceKlass org/hibernate/dialect/identity/IdentityColumnSupport
instanceKlass org/hibernate/tool/schema/extract/spi/SequenceInformationExtractor
instanceKlass org/hibernate/dialect/unique/UniqueDelegate
instanceKlass org/hibernate/tool/schema/spi/Cleaner
instanceKlass org/hibernate/tool/schema/internal/TableMigrator
instanceKlass org/hibernate/tool/schema/spi/Exporter
instanceKlass org/hibernate/dialect/lock/LockingStrategy
instanceKlass org/hibernate/type/descriptor/jdbc/JdbcTypeConstructor
instanceKlass org/hibernate/dialect/FunctionalDependencyAnalysisSupport
instanceKlass org/hibernate/engine/jdbc/env/internal/JdbcEnvironmentInitiator$DialectResolutionInfoImpl
instanceKlass org/mariadb/jdbc/DatabaseMetaData
instanceKlass org/hibernate/jdbc/WorkExecutor
instanceKlass java/util/concurrent/Executors$DelegatedExecutorService
instanceKlass org/hibernate/engine/jdbc/connections/internal/DriverManagerConnectionProviderImpl$ValidationThreadFactory
instanceKlass org/hibernate/jdbc/AbstractReturningWork
instanceKlass org/hibernate/jdbc/ReturningWork
instanceKlass org/hibernate/resource/transaction/backend/jdbc/internal/JdbcIsolationDelegate
instanceKlass org/hibernate/resource/transaction/internal/SynchronizationRegistryStandardImpl
instanceKlass org/hibernate/resource/transaction/spi/SynchronizationRegistryImplementor
instanceKlass org/hibernate/resource/transaction/spi/TransactionCoordinator$TransactionDriver
instanceKlass org/hibernate/resource/transaction/spi/SynchronizationRegistry
instanceKlass org/hibernate/resource/transaction/spi/IsolationDelegate
instanceKlass org/hibernate/resource/transaction/backend/jdbc/internal/JdbcResourceLocalTransactionCoordinatorImpl
instanceKlass org/hibernate/resource/jdbc/internal/AbstractLogicalConnectionImplementor
instanceKlass org/hibernate/resource/jdbc/spi/PhysicalJdbcTransaction
instanceKlass org/hibernate/resource/jdbc/internal/ResourceRegistryStandardImpl
instanceKlass org/hibernate/resource/jdbc/ResourceRegistry
instanceKlass org/hibernate/resource/jdbc/spi/LogicalConnectionImplementor
instanceKlass org/hibernate/resource/jdbc/LogicalConnection
instanceKlass org/hibernate/resource/transaction/backend/jdbc/spi/JdbcResourceTransaction
instanceKlass org/hibernate/engine/jdbc/spi/MutationStatementPreparer
instanceKlass org/hibernate/engine/jdbc/spi/ResultSetReturn
instanceKlass org/hibernate/engine/jdbc/spi/StatementPreparer
instanceKlass org/hibernate/engine/jdbc/internal/JdbcCoordinatorImpl
instanceKlass org/hibernate/engine/jdbc/spi/JdbcCoordinator
instanceKlass org/hibernate/resource/transaction/backend/jdbc/spi/JdbcResourceTransactionAccess
instanceKlass org/hibernate/event/internal/EmptyEventManager
instanceKlass org/hibernate/tool/schema/internal/exec/JdbcContext
instanceKlass org/hibernate/resource/transaction/spi/TransactionCoordinator
instanceKlass org/hibernate/resource/transaction/spi/DdlTransactionIsolator
instanceKlass org/hibernate/engine/jdbc/env/internal/JdbcEnvironmentInitiator$TemporaryJdbcSessionOwner$EmptyJdbcObserver
instanceKlass org/hibernate/resource/jdbc/spi/JdbcObserver
instanceKlass org/hibernate/event/spi/EventManager
instanceKlass org/hibernate/engine/jdbc/env/internal/JdbcEnvironmentInitiator$TemporaryJdbcSessionOwner
instanceKlass org/hibernate/resource/jdbc/spi/JdbcSessionContext
instanceKlass org/hibernate/sql/exec/spi/JdbcMutationExecutor
instanceKlass org/hibernate/sql/exec/spi/JdbcSelectExecutor
instanceKlass org/hibernate/engine/jdbc/internal/JdbcServicesImpl
instanceKlass org/hibernate/engine/jdbc/env/internal/JdbcEnvironmentInitiator$ConnectionProviderJdbcConnectionAccess
instanceKlass org/hibernate/engine/jdbc/connections/internal/DriverManagerConnectionProviderImpl$PoolState
instanceKlass javax/sql/PooledConnection
instanceKlass java/sql/Savepoint
instanceKlass java/sql/DatabaseMetaData
instanceKlass java/sql/CallableStatement
instanceKlass java/sql/PreparedStatement
instanceKlass org/mariadb/jdbc/Connection
instanceKlass org/mariadb/jdbc/client/result/Result
instanceKlass java/sql/ResultSet
instanceKlass org/mariadb/jdbc/message/client/QueryPacket
instanceKlass org/mariadb/jdbc/message/client/RedoableClientMessage
instanceKlass org/mariadb/jdbc/message/server/OkPacket
instanceKlass org/mariadb/jdbc/util/ThreadUtils
instanceKlass org/mariadb/jdbc/util/VersionFactory
instanceKlass org/mariadb/jdbc/plugin/authentication/standard/NativePasswordPlugin
instanceKlass org/mariadb/jdbc/plugin/AuthenticationPlugin
instanceKlass org/mariadb/jdbc/client/Completion
instanceKlass org/mariadb/jdbc/message/client/HandshakeResponse
instanceKlass org/mariadb/jdbc/plugin/Credential
instanceKlass org/mariadb/jdbc/export/Prepare
instanceKlass org/mariadb/jdbc/client/context/BaseContext
instanceKlass org/mariadb/jdbc/util/Version
instanceKlass org/mariadb/jdbc/client/ServerVersion
instanceKlass org/mariadb/jdbc/message/server/InitialHandshakePacket
instanceKlass org/mariadb/jdbc/client/impl/StandardReadableByteBuf
instanceKlass org/mariadb/jdbc/client/socket/impl/PacketReader
instanceKlass org/mariadb/jdbc/client/socket/impl/PacketWriter
instanceKlass org/mariadb/jdbc/client/SocketHelper
instanceKlass javax/net/SocketFactory
instanceKlass org/mariadb/jdbc/client/socket/impl/SocketHandlerFunction
instanceKlass com/sun/jna/Platform
instanceKlass org/mariadb/jdbc/client/socket/impl/SocketUtility
instanceKlass org/mariadb/jdbc/client/impl/ConnectionHelper
instanceKlass java/sql/Statement
instanceKlass org/mariadb/jdbc/export/ExceptionFactory
instanceKlass org/mariadb/jdbc/client/util/MutableByte
instanceKlass org/mariadb/jdbc/client/Context
instanceKlass org/mariadb/jdbc/client/PrepareCache
instanceKlass org/mariadb/jdbc/client/socket/Reader
instanceKlass org/mariadb/jdbc/client/socket/Writer
instanceKlass org/mariadb/jdbc/message/ClientMessage
instanceKlass org/mariadb/jdbc/client/impl/StandardClient
instanceKlass org/mariadb/jdbc/Driver$ClientInstance
instanceKlass org/mariadb/jdbc/Driver$1
instanceKlass org/mariadb/jdbc/plugin/codec/ZonedDateTimeCodec
instanceKlass org/mariadb/jdbc/plugin/codec/UuidCodec
instanceKlass org/mariadb/jdbc/plugin/codec/TimestampCodec
instanceKlass org/mariadb/jdbc/plugin/codec/TimeCodec
instanceKlass org/mariadb/jdbc/plugin/codec/StringCodec
instanceKlass org/mariadb/jdbc/plugin/codec/StreamCodec
instanceKlass org/mariadb/jdbc/plugin/codec/ShortCodec
instanceKlass org/mariadb/jdbc/plugin/codec/ReaderCodec
instanceKlass org/mariadb/jdbc/plugin/codec/PolygonCodec
instanceKlass org/mariadb/jdbc/plugin/codec/PointCodec
instanceKlass org/mariadb/jdbc/plugin/codec/MultiPolygonCodec
instanceKlass org/mariadb/jdbc/plugin/codec/MultiPointCodec
instanceKlass org/mariadb/jdbc/plugin/codec/MultiLinestringCodec
instanceKlass org/mariadb/jdbc/plugin/codec/LongCodec
instanceKlass org/mariadb/jdbc/plugin/codec/LocalTimeCodec
instanceKlass org/mariadb/jdbc/plugin/codec/LocalDateTimeCodec
instanceKlass org/mariadb/jdbc/plugin/codec/LocalDateCodec
instanceKlass org/mariadb/jdbc/plugin/codec/LineStringCodec
instanceKlass org/mariadb/jdbc/plugin/codec/OffsetDateTimeCodec
instanceKlass org/mariadb/jdbc/plugin/codec/InstantCodec
instanceKlass org/mariadb/jdbc/plugin/codec/IntCodec
instanceKlass org/mariadb/jdbc/plugin/codec/GeometryCollectionCodec
instanceKlass org/mariadb/jdbc/plugin/codec/FloatCodec
instanceKlass org/mariadb/jdbc/plugin/codec/DurationCodec
instanceKlass org/mariadb/jdbc/plugin/codec/DoubleCodec
instanceKlass org/mariadb/jdbc/plugin/codec/DateCodec
instanceKlass org/mariadb/jdbc/plugin/codec/ClobCodec
instanceKlass org/mariadb/jdbc/plugin/codec/ByteCodec
instanceKlass org/mariadb/jdbc/plugin/codec/ByteArrayCodec
instanceKlass org/mariadb/jdbc/plugin/codec/BooleanCodec
instanceKlass org/mariadb/jdbc/plugin/codec/BlobCodec
instanceKlass org/mariadb/jdbc/plugin/codec/BitSetCodec
instanceKlass org/mariadb/jdbc/plugin/codec/BigIntegerCodec
instanceKlass org/mariadb/jdbc/message/server/ColumnDefinitionPacket
instanceKlass org/mariadb/jdbc/message/ServerMessage
instanceKlass org/mariadb/jdbc/client/ColumnDecoder
instanceKlass org/mariadb/jdbc/client/Column
instanceKlass org/mariadb/jdbc/client/ReadableByteBuf
instanceKlass org/mariadb/jdbc/client/DataType$ColumnConstructor
instanceKlass org/mariadb/jdbc/plugin/codec/BigDecimalCodec
instanceKlass org/mariadb/jdbc/plugin/Codec
instanceKlass org/mariadb/jdbc/plugin/CredentialPlugin
instanceKlass org/mariadb/jdbc/plugin/credential/CredentialPluginLoader
instanceKlass org/mariadb/jdbc/HostAddress
instanceKlass org/mariadb/jdbc/util/options/OptionAliases
instanceKlass org/mariadb/jdbc/Configuration$Builder
instanceKlass org/mariadb/jdbc/util/log/Slf4JLogger
instanceKlass org/mariadb/jdbc/util/log/Logger
instanceKlass org/mariadb/jdbc/util/log/Loggers$Slf4JLoggerFactory
instanceKlass org/mariadb/jdbc/util/log/Loggers$LoggerFactory
instanceKlass org/mariadb/jdbc/util/log/Loggers
instanceKlass org/mariadb/jdbc/Configuration
instanceKlass org/hibernate/engine/jdbc/connections/internal/DriverManagerConnectionProviderImpl$PooledConnections
instanceKlass org/hibernate/engine/jdbc/connections/internal/DriverManagerConnectionProviderImpl$PooledConnections$Builder
instanceKlass org/hibernate/exception/spi/SQLExceptionConversionDelegate
instanceKlass org/hibernate/engine/jdbc/connections/internal/BasicConnectionCreator
instanceKlass org/hibernate/engine/jdbc/connections/internal/ConnectionCreator
instanceKlass org/hibernate/engine/jdbc/connections/internal/ConnectionCreatorFactoryImpl
instanceKlass org/hibernate/engine/jdbc/connections/internal/ConnectionCreatorFactory
instanceKlass java/sql/DriverInfo
instanceKlass java/sql/DriverManager
instanceKlass org/mariadb/jdbc/client/Client
instanceKlass org/mariadb/jdbc/Driver
instanceKlass java/sql/Driver
instanceKlass org/hibernate/internal/log/ConnectionPoolingLogger
instanceKlass org/hibernate/Internal
instanceKlass java/sql/Connection
instanceKlass java/sql/Wrapper
instanceKlass ch/qos/logback/core/pattern/SpacePadder
instanceKlass org/slf4j/helpers/FormattingTuple
instanceKlass org/slf4j/helpers/NormalizedParameters
instanceKlass org/slf4j/helpers/MessageFormatter
instanceKlass ch/qos/logback/classic/spi/EventArgUtil
instanceKlass ch/qos/logback/classic/spi/IThrowableProxy
instanceKlass ch/qos/logback/classic/spi/LoggingEvent
instanceKlass org/hibernate/internal/util/ExceptionHelper
instanceKlass org/hibernate/engine/jdbc/dialect/internal/StandardDialectResolver
instanceKlass org/hibernate/engine/jdbc/dialect/internal/DialectResolverSet
instanceKlass org/hibernate/engine/jdbc/dialect/spi/DialectResolutionInfoSource
instanceKlass org/hibernate/engine/jdbc/dialect/internal/DialectFactoryImpl
instanceKlass org/hibernate/boot/model/relational/Database
instanceKlass org/hibernate/boot/model/TypeDefinitionRegistryStandardImpl
instanceKlass org/hibernate/internal/util/StringHelper$Renderer
instanceKlass org/hibernate/boot/model/convert/internal/AttributeConverterManager
instanceKlass org/hibernate/boot/model/TypeDefinitionRegistry
instanceKlass org/hibernate/boot/model/naming/ImplicitForeignKeyNameSource
instanceKlass org/hibernate/boot/model/naming/ImplicitConstraintNameSource
instanceKlass org/hibernate/boot/model/naming/ImplicitNameSource
instanceKlass org/hibernate/boot/spi/SecondPass
instanceKlass org/hibernate/boot/query/NamedProcedureCallDefinition
instanceKlass org/hibernate/boot/query/NamedQueryDefinition
instanceKlass org/hibernate/mapping/Table
instanceKlass org/hibernate/boot/model/relational/ContributableDatabaseObject
instanceKlass org/hibernate/boot/model/relational/Exportable
instanceKlass org/hibernate/mapping/Contributable
instanceKlass org/hibernate/boot/spi/InFlightMetadataCollector$DelayedPropertyReferenceHandler
instanceKlass org/hibernate/boot/spi/InFlightMetadataCollector$EntityTableXref
instanceKlass org/hibernate/boot/model/convert/spi/ConverterAutoApplyHandler
instanceKlass org/hibernate/boot/internal/InFlightMetadataCollectorImpl
instanceKlass org/hibernate/boot/model/convert/spi/ConverterRegistry
instanceKlass org/hibernate/bytecode/enhance/spi/DefaultEnhancementContext
instanceKlass org/hibernate/boot/archive/scan/internal/ScanResultImpl
instanceKlass org/jboss/jandex/ClassInfo$EnclosingMethodInfo
instanceKlass org/jboss/jandex/Indexer$NameAndType
instanceKlass org/jboss/jandex/RecordComponentInfo
instanceKlass org/jboss/jandex/MethodParameterInfo
instanceKlass org/jboss/jandex/GenericSignatureParser$MethodSignature
instanceKlass org/jboss/jandex/GenericSignatureParser$ClassSignature
instanceKlass org/jboss/jandex/ClassInfo$NestingInfo
instanceKlass org/jboss/jandex/Indexer$InnerClassInfo
instanceKlass org/jboss/jandex/AnnotationInstance$1
instanceKlass org/jboss/jandex/Indexer$1
instanceKlass org/jboss/jandex/FieldInfo
instanceKlass org/hibernate/boot/archive/scan/internal/ClassDescriptorImpl
instanceKlass java/io/FileFilter
instanceKlass org/jboss/jandex/Index
instanceKlass org/jboss/jandex/IndexView
instanceKlass org/jboss/jandex/Indexer$2
instanceKlass org/jboss/jandex/ClassSummary
instanceKlass org/jboss/jandex/RecordComponentInternal$NameComparator
instanceKlass java/util/IdentityHashMap$IdentityHashMapIterator
instanceKlass org/jboss/jandex/Modifiers
instanceKlass org/jboss/jandex/MethodParamList$ParamData
instanceKlass org/jboss/jandex/MethodParamList
instanceKlass org/jboss/jandex/AnnotationInstance$NameComparator
instanceKlass org/jboss/jandex/MethodInfo
instanceKlass org/jboss/jandex/Indexer$IntegerHolder
instanceKlass org/jboss/jandex/FieldInternal$NameComparator
instanceKlass org/jboss/jandex/MethodInternal$NameAndParameterComponentComparator
instanceKlass org/jboss/jandex/ClassInfo
instanceKlass org/jboss/jandex/GenericSignature
instanceKlass org/jboss/jandex/Declaration
instanceKlass org/jboss/jandex/TypeInterning
instanceKlass org/jboss/jandex/BitTricks
instanceKlass org/jboss/jandex/AnnotationInstance
instanceKlass org/jboss/jandex/GenericSignatureParser
instanceKlass org/jboss/jandex/RecordComponentInternal
instanceKlass org/jboss/jandex/FieldInternal
instanceKlass org/jboss/jandex/MethodInternal
instanceKlass org/jboss/jandex/StrongInternPool
instanceKlass org/jboss/jandex/NameTable
instanceKlass org/jboss/jandex/Utils
instanceKlass org/hibernate/boot/archive/scan/internal/MappingFileDescriptorImpl
instanceKlass org/hibernate/boot/archive/internal/ExplodedArchiveDescriptor$1
instanceKlass org/hibernate/boot/archive/internal/FileInputStreamAccess
instanceKlass org/hibernate/boot/archive/scan/spi/AbstractScannerImpl$ArchiveDescriptorInfo
instanceKlass org/hibernate/boot/archive/spi/ArchiveEntry
instanceKlass org/hibernate/boot/archive/spi/AbstractArchiveDescriptor
instanceKlass org/hibernate/boot/archive/scan/spi/MappingFileDescriptor
instanceKlass org/hibernate/boot/archive/scan/spi/NonClassFileArchiveEntryHandler
instanceKlass org/hibernate/boot/archive/scan/spi/PackageDescriptor
instanceKlass org/hibernate/boot/archive/scan/spi/PackageInfoArchiveEntryHandler
instanceKlass org/jboss/jandex/Indexer$TmpObjects
instanceKlass org/jboss/jandex/TypeTarget
instanceKlass org/jboss/jandex/AnnotationValue
instanceKlass org/jboss/jandex/Type
instanceKlass org/jboss/jandex/Descriptor
instanceKlass org/jboss/jandex/AnnotationTarget
instanceKlass org/jboss/jandex/Indexer
instanceKlass jakarta/persistence/Embeddable
instanceKlass jakarta/persistence/MappedSuperclass
instanceKlass jakarta/persistence/Entity
instanceKlass org/jboss/jandex/DotName
instanceKlass jakarta/persistence/Converter
instanceKlass org/hibernate/boot/archive/scan/spi/ClassDescriptor
instanceKlass org/hibernate/boot/archive/scan/spi/ClassFileArchiveEntryHandler
instanceKlass org/hibernate/boot/archive/spi/ArchiveEntryHandler
instanceKlass org/hibernate/boot/archive/scan/spi/AbstractScannerImpl$ArchiveContextImpl
instanceKlass org/hibernate/boot/archive/scan/spi/ScanResult
instanceKlass org/hibernate/boot/archive/scan/internal/ScanResultCollector
instanceKlass org/hibernate/boot/archive/scan/internal/StandardScanParameters
instanceKlass org/hibernate/boot/archive/spi/ArchiveDescriptor
instanceKlass org/hibernate/boot/archive/internal/StandardArchiveDescriptorFactory
instanceKlass org/hibernate/boot/archive/spi/JarFileEntryUrlAdjuster
instanceKlass org/hibernate/boot/archive/spi/ArchiveContext
instanceKlass org/hibernate/boot/archive/scan/spi/AbstractScannerImpl
instanceKlass javax/xml/stream/FactoryFinder$1
instanceKlass javax/xml/stream/FactoryFinder
instanceKlass javax/xml/stream/XMLEventFactory
instanceKlass org/hibernate/boot/jaxb/internal/stax/LocalSchemaLocator
instanceKlass org/hibernate/boot/jaxb/internal/stax/LocalXmlResourceResolver$DtdDescriptor
instanceKlass org/hibernate/boot/jaxb/internal/stax/LocalXmlResourceResolver
instanceKlass org/hibernate/boot/jaxb/internal/MappingBinder$2
instanceKlass org/hibernate/boot/jaxb/internal/MappingBinder$1
instanceKlass javax/xml/stream/XMLEventReader
instanceKlass javax/xml/stream/XMLResolver
instanceKlass jakarta/xml/bind/ValidationEventHandler
instanceKlass org/hibernate/boot/jaxb/internal/AbstractBinder
instanceKlass org/hibernate/boot/spi/XmlMappingBinderAccess
instanceKlass org/hibernate/boot/archive/spi/InputStreamAccess
instanceKlass org/hibernate/boot/archive/scan/spi/Scanner
instanceKlass org/hibernate/boot/archive/scan/spi/ScanParameters
instanceKlass org/hibernate/boot/model/process/internal/ScanningCoordinator
instanceKlass org/hibernate/boot/model/process/internal/ManagedResourcesImpl
instanceKlass org/hibernate/boot/model/source/spi/MetadataSourceProcessor
instanceKlass org/hibernate/boot/model/process/spi/ManagedResources
instanceKlass org/hibernate/type/descriptor/sql/DdlType
instanceKlass org/hibernate/boot/jaxb/internal/MappingBinder$Options
instanceKlass org/hibernate/boot/spi/AdditionalMappingContributions
instanceKlass org/hibernate/boot/spi/InFlightMetadataCollector
instanceKlass org/hibernate/boot/spi/MetadataImplementor
instanceKlass org/hibernate/boot/spi/MetadataBuildingContext
instanceKlass org/hibernate/boot/model/process/spi/MetadataBuildingProcess
instanceKlass org/hibernate/boot/spi/MetadataBuilderContributor
instanceKlass org/hibernate/jpa/boot/internal/StandardJpaScanEnvironmentImpl
instanceKlass org/hibernate/boot/spi/MetadataBuilderFactory
instanceKlass org/hibernate/boot/spi/MetadataBuilderInitializer
instanceKlass org/hibernate/boot/cfgxml/internal/CfgXmlAccessServiceImpl
instanceKlass org/hibernate/boot/spi/MetadataSourcesContributor
instanceKlass org/hibernate/internal/util/collections/CaseInsensitiveDictionary
instanceKlass org/hibernate/query/sqm/function/SqmFunctionDescriptor
instanceKlass org/hibernate/query/sqm/function/SqmFunctionRegistry
instanceKlass org/hibernate/boot/model/TypeBeanInstanceProducer
instanceKlass org/hibernate/type/spi/TypeBootstrapContext
instanceKlass org/hibernate/type/descriptor/jdbc/BasicExtractor
instanceKlass org/hibernate/type/descriptor/jdbc/ObjectJdbcType
instanceKlass org/hibernate/metamodel/mapping/SqlExpressible$1
instanceKlass org/hibernate/metamodel/mapping/JdbcMappingContainer$1
instanceKlass org/hibernate/metamodel/mapping/Bindable$JdbcValuesBiConsumer
instanceKlass org/hibernate/type/AbstractStandardBasicType
instanceKlass org/hibernate/type/ProcedureParameterNamedBinder
instanceKlass org/hibernate/type/ProcedureParameterExtractionAware
instanceKlass org/hibernate/type/CharBooleanConverter
instanceKlass org/hibernate/type/NumericBooleanConverter
instanceKlass org/hibernate/type/StandardBooleanConverter
instanceKlass org/hibernate/type/StandardConverter
instanceKlass jakarta/persistence/AttributeConverter
instanceKlass org/hibernate/type/BasicTypeReference
instanceKlass org/hibernate/type/StandardBasicTypes
instanceKlass org/hibernate/type/BasicTypeRegistry
instanceKlass org/hibernate/type/descriptor/sql/spi/DdlTypeRegistry
instanceKlass org/hibernate/type/descriptor/jdbc/RowIdJdbcType
instanceKlass org/hibernate/type/descriptor/jdbc/ClobJdbcType
instanceKlass org/hibernate/type/descriptor/jdbc/BasicBinder
instanceKlass org/hibernate/type/descriptor/jdbc/BlobJdbcType
instanceKlass org/hibernate/type/descriptor/jdbc/VarcharJdbcType
instanceKlass org/hibernate/type/descriptor/jdbc/VarbinaryJdbcType
instanceKlass org/hibernate/type/descriptor/jdbc/TimeWithTimeZoneJdbcType
instanceKlass org/hibernate/type/descriptor/jdbc/TimeJdbcType
instanceKlass org/hibernate/type/descriptor/jdbc/TimestampWithTimeZoneJdbcType
instanceKlass org/hibernate/type/descriptor/jdbc/TimestampJdbcType
instanceKlass org/hibernate/type/descriptor/jdbc/DateJdbcType
instanceKlass org/hibernate/type/descriptor/jdbc/TinyIntJdbcType
instanceKlass org/hibernate/type/descriptor/jdbc/SmallIntJdbcType
instanceKlass org/hibernate/type/descriptor/jdbc/IntegerJdbcType
instanceKlass org/hibernate/type/descriptor/jdbc/FloatJdbcType
instanceKlass org/hibernate/type/descriptor/jdbc/DoubleJdbcType
instanceKlass org/hibernate/type/descriptor/jdbc/DecimalJdbcType
instanceKlass org/hibernate/type/descriptor/jdbc/BigIntJdbcType
instanceKlass org/hibernate/type/descriptor/ValueBinder
instanceKlass org/hibernate/type/descriptor/ValueExtractor
instanceKlass org/hibernate/type/descriptor/jdbc/JdbcLiteralFormatter
instanceKlass org/hibernate/type/descriptor/jdbc/BooleanJdbcType
instanceKlass org/hibernate/type/descriptor/jdbc/AdjustableJdbcType
instanceKlass org/hibernate/type/descriptor/jdbc/internal/JdbcTypeBaseline
instanceKlass org/hibernate/type/descriptor/jdbc/spi/JdbcTypeRegistry
instanceKlass org/hibernate/type/descriptor/jdbc/internal/JdbcTypeBaseline$BaselineTarget
instanceKlass org/hibernate/collection/spi/AbstractMapSemantics
instanceKlass org/hibernate/collection/spi/MapSemantics
instanceKlass org/hibernate/collection/spi/AbstractSetSemantics
instanceKlass org/hibernate/collection/internal/StandardListSemantics
instanceKlass org/hibernate/collection/internal/StandardArraySemantics
instanceKlass org/hibernate/collection/spi/PersistentCollection
instanceKlass org/hibernate/collection/spi/LazyInitializable
instanceKlass org/hibernate/collection/spi/AbstractBagSemantics
instanceKlass org/hibernate/collection/spi/BagSemantics
instanceKlass org/hibernate/type/descriptor/java/LocaleJavaType$LocaleComparator
instanceKlass java/util/Currency
instanceKlass org/hibernate/type/descriptor/java/TimeZoneJavaType$TimeZoneComparator
instanceKlass org/hibernate/internal/util/compare/CalendarComparator
instanceKlass org/hibernate/type/descriptor/java/ZoneOffsetJavaType$ZoneOffsetComparator
instanceKlass java/time/Year
instanceKlass org/hibernate/internal/util/ZonedDateTimeComparator
instanceKlass java/time/OffsetTime
instanceKlass java/time/OffsetDateTime
instanceKlass org/hibernate/type/descriptor/java/TemporalJavaType
instanceKlass org/hibernate/type/descriptor/java/DoublePrimitiveArrayJavaType$ArrayMutabilityPlan
instanceKlass org/hibernate/type/descriptor/java/FloatPrimitiveArrayJavaType$ArrayMutabilityPlan
instanceKlass org/hibernate/type/descriptor/java/LongPrimitiveArrayJavaType$ArrayMutabilityPlan
instanceKlass org/hibernate/type/descriptor/java/IntegerPrimitiveArrayJavaType$ArrayMutabilityPlan
instanceKlass org/hibernate/type/descriptor/java/ShortPrimitiveArrayJavaType$ArrayMutabilityPlan
instanceKlass org/hibernate/type/descriptor/java/BooleanPrimitiveArrayJavaType$ArrayMutabilityPlan
instanceKlass org/hibernate/type/descriptor/converter/spi/BasicValueConverter
instanceKlass org/hibernate/type/descriptor/java/BasicPluralJavaType
instanceKlass org/hibernate/internal/util/compare/RowVersionComparator
instanceKlass org/hibernate/type/descriptor/java/MutableMutabilityPlan
instanceKlass org/hibernate/sql/ast/spi/SqlAppender
instanceKlass org/hibernate/type/descriptor/java/NClobJavaType$NClobMutabilityPlan
instanceKlass java/sql/NClob
instanceKlass org/hibernate/type/descriptor/java/ClobJavaType$ClobMutabilityPlan
instanceKlass java/sql/Clob
instanceKlass org/hibernate/type/descriptor/java/IncomparableComparator
instanceKlass org/hibernate/type/descriptor/java/BlobJavaType$BlobMutabilityPlan
instanceKlass java/sql/Blob
instanceKlass org/hibernate/type/descriptor/jdbc/JdbcType
instanceKlass java/lang/Short$ShortCache
instanceKlass org/hibernate/type/spi/TypeConfigurationAware
instanceKlass org/hibernate/internal/util/compare/ComparableComparator
instanceKlass org/hibernate/type/descriptor/java/ImmutableMutabilityPlan
instanceKlass java/lang/Byte$ByteCache
instanceKlass org/hibernate/type/descriptor/java/AbstractClassJavaType
instanceKlass org/hibernate/type/descriptor/java/VersionJavaType
instanceKlass org/hibernate/type/descriptor/java/spi/PrimitiveJavaType
instanceKlass org/hibernate/type/descriptor/java/BasicJavaType
instanceKlass org/hibernate/collection/spi/CollectionSemantics
instanceKlass org/hibernate/type/descriptor/java/spi/JavaTypeBaseline
instanceKlass org/hibernate/type/descriptor/java/MutabilityPlan
instanceKlass org/hibernate/type/descriptor/java/spi/JavaTypeRegistry
instanceKlass org/hibernate/type/descriptor/java/spi/JavaTypeBaseline$BaselineTarget
instanceKlass java/util/UUID$Holder
instanceKlass java/util/UUID
instanceKlass org/hibernate/id/uuid/LocalObjectUuidHelper
instanceKlass org/hibernate/type/spi/TypeConfiguration$Scope
instanceKlass org/hibernate/type/descriptor/jdbc/JdbcTypeIndicators
instanceKlass org/hibernate/type/BasicType
instanceKlass org/hibernate/metamodel/mapping/JdbcMapping
instanceKlass org/hibernate/metamodel/mapping/BasicValuedMapping
instanceKlass org/hibernate/metamodel/mapping/SqlExpressible
instanceKlass org/hibernate/metamodel/mapping/ValueMapping
instanceKlass org/hibernate/type/descriptor/java/JavaTypedExpressible
instanceKlass org/hibernate/metamodel/mapping/MappingModelExpressible
instanceKlass org/hibernate/metamodel/mapping/Bindable
instanceKlass org/hibernate/metamodel/mapping/JdbcMappingContainer
instanceKlass org/hibernate/metamodel/mapping/MappingType
instanceKlass org/hibernate/metamodel/model/domain/BasicDomainType
instanceKlass org/hibernate/query/ReturnableType
instanceKlass org/hibernate/query/OutputableType
instanceKlass jakarta/persistence/metamodel/BasicType
instanceKlass org/hibernate/metamodel/model/domain/SimpleDomainType
instanceKlass jakarta/persistence/metamodel/Type
instanceKlass org/hibernate/metamodel/model/domain/DomainType
instanceKlass org/hibernate/query/sqm/SqmExpressible
instanceKlass org/hibernate/query/BindableType
instanceKlass org/hibernate/type/spi/TypeConfiguration
instanceKlass org/hibernate/SessionFactoryObserver
instanceKlass org/hibernate/metamodel/spi/EntityRepresentationStrategy
instanceKlass org/hibernate/metamodel/spi/EmbeddableRepresentationStrategy
instanceKlass org/hibernate/metamodel/spi/ManagedTypeRepresentationStrategy
instanceKlass org/hibernate/metamodel/spi/EmbeddableInstantiator
instanceKlass org/hibernate/metamodel/spi/Instantiator
instanceKlass org/hibernate/metamodel/internal/ManagedTypeRepresentationResolverStandard
instanceKlass org/hibernate/boot/archive/spi/ArchiveDescriptorFactory
instanceKlass org/hibernate/boot/archive/scan/internal/StandardScanOptions
instanceKlass org/hibernate/jpa/internal/MutableJpaComplianceImpl
instanceKlass org/hibernate/boot/model/internal/XMLContext
instanceKlass org/hibernate/annotations/common/reflection/java/JavaMetadataProvider
instanceKlass org/hibernate/annotations/common/reflection/AnnotationReader
instanceKlass org/hibernate/boot/model/internal/JPAXMLOverriddenMetadataProvider
instanceKlass org/hibernate/annotations/common/reflection/XMethod
instanceKlass org/hibernate/annotations/common/reflection/XProperty
instanceKlass org/hibernate/annotations/common/reflection/XMember
instanceKlass org/hibernate/annotations/common/reflection/java/JavaXAnnotatedElement
instanceKlass org/hibernate/annotations/common/reflection/XClass
instanceKlass org/hibernate/annotations/common/reflection/java/generics/TypeEnvironment
instanceKlass org/hibernate/annotations/common/reflection/java/XTypeConstruction
instanceKlass org/hibernate/annotations/common/reflection/java/TypeEnvironmentMap
instanceKlass org/hibernate/annotations/common/reflection/XPackage
instanceKlass org/hibernate/annotations/common/reflection/XAnnotatedElement
instanceKlass org/hibernate/annotations/common/reflection/java/JavaXType
instanceKlass org/hibernate/annotations/common/reflection/java/JavaReflectionManager
instanceKlass org/hibernate/annotations/common/reflection/MetadataProviderInjector
instanceKlass org/hibernate/boot/internal/ClassLoaderAccessImpl
instanceKlass com/fasterxml/classmate/MemberResolver
instanceKlass com/fasterxml/classmate/util/ResolvedTypeCache
instanceKlass com/fasterxml/classmate/util/ClassKey
instanceKlass com/fasterxml/classmate/TypeBindings
instanceKlass com/fasterxml/classmate/members/RawMember
instanceKlass com/fasterxml/classmate/ResolvedType
instanceKlass com/fasterxml/classmate/TypeResolver
instanceKlass org/hibernate/boot/internal/ClassmateContext
instanceKlass org/hibernate/jpa/spi/MutableJpaCompliance
instanceKlass org/hibernate/jpa/spi/JpaCompliance
instanceKlass org/hibernate/annotations/common/reflection/MetadataProvider
instanceKlass org/hibernate/annotations/common/reflection/ReflectionManager
instanceKlass org/hibernate/boot/spi/ClassLoaderAccess
instanceKlass org/hibernate/boot/internal/BootstrapContextImpl
instanceKlass org/hibernate/boot/internal/MetadataBuilderImpl$MetadataBuildingOptionsImpl$2
instanceKlass org/hibernate/boot/model/naming/PhysicalNamingStrategyStandardImpl
instanceKlass org/hibernate/boot/model/naming/PhysicalNamingStrategy
instanceKlass org/hibernate/boot/internal/MetadataBuilderImpl$MetadataBuildingOptionsImpl$1
instanceKlass org/hibernate/boot/spi/SessionFactoryOptions
instanceKlass org/hibernate/query/spi/QueryEngineOptions
instanceKlass org/hibernate/cache/spi/TimestampsRegion
instanceKlass org/hibernate/cache/spi/QueryResultsRegion
instanceKlass org/hibernate/cache/spi/DirectAccessRegion
instanceKlass org/hibernate/engine/spi/SessionFactoryImplementor
instanceKlass org/hibernate/query/spi/QueryParameterBindingTypeResolver
instanceKlass org/hibernate/sql/ast/spi/SqlAstCreationContext
instanceKlass org/hibernate/query/sqm/spi/SqmCreationContext
instanceKlass org/hibernate/SessionFactory
instanceKlass javax/naming/Referenceable
instanceKlass org/hibernate/cache/spi/DomainDataRegion
instanceKlass org/hibernate/cache/spi/Region
instanceKlass org/hibernate/cache/cfg/spi/DomainDataRegionBuildingContext
instanceKlass org/hibernate/cache/cfg/spi/DomainDataRegionConfig
instanceKlass org/hibernate/cache/spi/CacheTransactionSynchronization
instanceKlass org/hibernate/cache/internal/NoCachingRegionFactory
instanceKlass org/hibernate/cache/internal/StrategyCreatorRegionFactoryImpl
instanceKlass org/hibernate/engine/jdbc/env/spi/QualifiedObjectNameFormatter
instanceKlass org/hibernate/engine/jdbc/env/spi/ExtractedDatabaseMetaData
instanceKlass org/hibernate/sql/ast/SqlAstTranslatorFactory
instanceKlass org/hibernate/exception/spi/SQLExceptionConverter
instanceKlass org/hibernate/engine/jdbc/env/spi/LobCreatorBuilder
instanceKlass org/hibernate/engine/jdbc/env/internal/JdbcEnvironmentImpl
instanceKlass org/hibernate/boot/internal/MetadataBuilderImpl$MappingDefaultsImpl
instanceKlass org/hibernate/id/factory/spi/GeneratorDefinitionResolver
instanceKlass org/hibernate/type/descriptor/java/JavaType
instanceKlass org/hibernate/id/enhanced/TableGenerator
instanceKlass org/hibernate/id/ForeignGenerator
instanceKlass org/hibernate/id/IncrementGenerator
instanceKlass org/hibernate/id/enhanced/SequenceStyleGenerator
instanceKlass org/hibernate/id/PersistentIdentifierGenerator
instanceKlass org/hibernate/id/OptimizableGenerator
instanceKlass org/hibernate/id/SelectGenerator
instanceKlass org/hibernate/id/IdentityGenerator
instanceKlass org/hibernate/id/BulkInsertionCapableIdentifierGenerator
instanceKlass org/hibernate/id/PostInsertIdentifierGenerator
instanceKlass org/hibernate/generator/OnExecutionGenerator
instanceKlass org/hibernate/id/Assigned
instanceKlass org/hibernate/id/AbstractUUIDGenerator
instanceKlass org/hibernate/id/GUIDGenerator
instanceKlass org/hibernate/id/UUIDGenerator
instanceKlass org/hibernate/id/factory/spi/StandardGenerator
instanceKlass org/hibernate/id/IdentifierGenerator
instanceKlass org/hibernate/id/Configurable
instanceKlass org/hibernate/boot/model/relational/ExportableProducer
instanceKlass org/hibernate/generator/BeforeExecutionGenerator
instanceKlass org/hibernate/id/factory/spi/GenerationTypeStrategyRegistration
instanceKlass org/hibernate/id/factory/internal/UUIDGenerationTypeStrategy
instanceKlass org/hibernate/id/factory/internal/IdentityGenerationTypeStrategy
instanceKlass org/hibernate/id/factory/internal/TableGenerationTypeStrategy
instanceKlass org/hibernate/id/factory/internal/SequenceGenerationTypeStrategy
instanceKlass org/hibernate/id/factory/internal/AutoGenerationTypeStrategy
instanceKlass org/hibernate/id/factory/spi/GenerationTypeStrategy
instanceKlass org/hibernate/id/factory/IdGenFactoryLogging
instanceKlass org/hibernate/engine/config/spi/StandardConverters
instanceKlass org/hibernate/service/spi/Startable
instanceKlass jdk/internal/vm/annotation/IntrinsicCandidate
instanceKlass org/hibernate/service/spi/InjectService
instanceKlass org/hibernate/engine/config/internal/ConfigurationServiceImpl
instanceKlass org/hibernate/resource/beans/container/spi/BeanLifecycleStrategy
instanceKlass org/hibernate/resource/beans/internal/Helper
instanceKlass org/hibernate/generator/Generator
instanceKlass org/hibernate/resource/beans/spi/BeanInstanceProducer
instanceKlass org/hibernate/id/factory/internal/StandardIdentifierGeneratorFactory
instanceKlass org/hibernate/resource/beans/container/spi/BeanContainer$LifecycleOptions
instanceKlass org/hibernate/boot/spi/MappingDefaults
instanceKlass org/hibernate/metamodel/spi/ManagedTypeRepresentationResolver
instanceKlass org/hibernate/collection/spi/CollectionSemanticsResolver
instanceKlass org/hibernate/boot/internal/MetadataBuilderImpl$MetadataBuildingOptionsImpl
instanceKlass org/hibernate/boot/spi/JpaOrmXmlPersistenceUnitDefaultAware
instanceKlass org/hibernate/boot/model/FunctionContributions
instanceKlass org/hibernate/boot/spi/MetadataBuildingOptions
instanceKlass org/hibernate/boot/model/convert/spi/ConverterDescriptor
instanceKlass org/hibernate/boot/spi/BootstrapContext
instanceKlass org/hibernate/boot/internal/MetadataBuilderImpl
instanceKlass org/hibernate/boot/model/TypeContributions
instanceKlass org/hibernate/boot/spi/MetadataBuilderImplementor
instanceKlass org/hibernate/boot/jaxb/spi/Binder
instanceKlass org/hibernate/boot/MetadataSources
instanceKlass org/hibernate/service/spi/SessionFactoryServiceRegistryFactory
instanceKlass org/hibernate/engine/jdbc/spi/SqlStatementLogger
instanceKlass org/hibernate/tool/schema/spi/SchemaManagementTool
instanceKlass org/hibernate/bytecode/spi/ProxyFactoryFactory
instanceKlass org/hibernate/internal/util/collections/CollectionHelper
instanceKlass org/hibernate/service/internal/AbstractServiceRegistryImpl
instanceKlass org/hibernate/service/spi/ServiceContributor
instanceKlass org/hibernate/engine/config/spi/ConfigurationService$Converter
instanceKlass org/hibernate/internal/util/config/ConfigurationHelper
instanceKlass org/hibernate/internal/util/NullnessHelper
instanceKlass org/hibernate/internal/util/PropertiesHelper
instanceKlass org/hibernate/internal/util/ConfigHelper
instanceKlass org/hibernate/Version
instanceKlass org/hibernate/cfg/Environment
instanceKlass org/hibernate/cfg/AvailableSettings
instanceKlass org/hibernate/cfg/ValidationSettings
instanceKlass org/hibernate/cfg/TransactionSettings
instanceKlass org/hibernate/cfg/StatisticsSettings
instanceKlass org/hibernate/cfg/SessionEventSettings
instanceKlass org/hibernate/cfg/SchemaToolingSettings
instanceKlass org/hibernate/cfg/QuerySettings
instanceKlass org/hibernate/cfg/PersistenceSettings
instanceKlass org/hibernate/cfg/MultiTenancySettings
instanceKlass org/hibernate/cfg/MappingSettings
instanceKlass org/hibernate/cfg/ManagedBeanSettings
instanceKlass org/hibernate/cfg/JpaComplianceSettings
instanceKlass org/hibernate/cfg/JdbcSettings
instanceKlass org/hibernate/cfg/ProxoolSettings
instanceKlass org/hibernate/cfg/C3p0Settings
instanceKlass org/hibernate/cfg/FetchSettings
instanceKlass org/hibernate/cfg/EnvironmentSettings
instanceKlass org/hibernate/cfg/CacheSettings
instanceKlass org/hibernate/cfg/BytecodeSettings
instanceKlass org/hibernate/cfg/BatchSettings
instanceKlass org/hibernate/jpa/boot/internal/EntityManagerFactoryBuilderImpl$MergedSettings
instanceKlass org/hibernate/loader/ast/spi/BatchLoaderFactory
instanceKlass org/hibernate/loader/ast/internal/BatchLoaderFactoryInitiator
instanceKlass org/hibernate/sql/ast/spi/ParameterMarkerStrategy
instanceKlass org/hibernate/sql/ast/internal/ParameterMarkerStrategyInitiator
instanceKlass org/hibernate/query/sqm/mutation/spi/SqmMultiTableMutationStrategyProvider
instanceKlass org/hibernate/query/sqm/mutation/internal/SqmMultiTableMutationStrategyProviderInitiator
instanceKlass org/hibernate/sql/results/jdbc/spi/JdbcValuesMappingProducerProvider
instanceKlass org/hibernate/sql/results/jdbc/internal/JdbcValuesMappingProducerProviderInitiator
instanceKlass org/hibernate/event/spi/EntityCopyObserverFactory
instanceKlass org/hibernate/event/internal/EntityCopyObserverFactoryInitiator
instanceKlass org/hibernate/resource/beans/spi/ManagedBeanRegistry
instanceKlass org/hibernate/resource/beans/spi/ManagedBeanRegistryInitiator
instanceKlass org/hibernate/resource/transaction/internal/TransactionCoordinatorBuilderInitiator
instanceKlass org/hibernate/cache/spi/RegionFactory
instanceKlass org/hibernate/cache/internal/RegionFactoryInitiator
instanceKlass org/hibernate/service/internal/SessionFactoryServiceRegistryFactoryInitiator
instanceKlass org/hibernate/engine/transaction/jta/platform/internal/JtaPlatformInitiator
instanceKlass org/hibernate/engine/transaction/jta/platform/spi/JtaPlatformResolver
instanceKlass org/hibernate/engine/transaction/jta/platform/internal/JtaPlatformResolverInitiator
instanceKlass org/hibernate/engine/jdbc/cursor/spi/RefCursorSupport
instanceKlass org/hibernate/engine/jdbc/cursor/internal/RefCursorSupportInitiator
instanceKlass org/hibernate/engine/jdbc/internal/JdbcServicesInitiator
instanceKlass org/hibernate/engine/jdbc/internal/SqlStatementLoggerInitiator
instanceKlass org/hibernate/engine/jdbc/batch/spi/BatchBuilder
instanceKlass org/hibernate/engine/jdbc/batch/internal/BatchBuilderInitiator
instanceKlass org/hibernate/engine/jdbc/mutation/spi/MutationExecutorService
instanceKlass org/hibernate/engine/jdbc/mutation/internal/MutationExecutorServiceInitiator
instanceKlass org/hibernate/engine/jdbc/dialect/spi/DialectFactory
instanceKlass org/hibernate/engine/jdbc/dialect/internal/DialectFactoryInitiator
instanceKlass org/hibernate/engine/jdbc/dialect/spi/DialectResolver
instanceKlass org/hibernate/engine/jdbc/dialect/internal/DialectResolverInitiator
instanceKlass org/hibernate/engine/jdbc/connections/spi/MultiTenantConnectionProvider
instanceKlass org/hibernate/engine/jdbc/connections/internal/MultiTenantConnectionProviderInitiator
instanceKlass org/hibernate/engine/jdbc/connections/internal/UserSuppliedConnectionProviderImpl
instanceKlass org/hibernate/engine/jdbc/connections/internal/DriverManagerConnectionProviderImpl
instanceKlass org/hibernate/engine/jdbc/connections/internal/ConnectionValidator
instanceKlass org/hibernate/engine/jdbc/connections/internal/DatasourceConnectionProviderImpl
instanceKlass org/hibernate/service/spi/Configurable
instanceKlass org/hibernate/engine/jdbc/connections/spi/ConnectionProvider
instanceKlass org/hibernate/service/spi/Wrapped
instanceKlass org/hibernate/engine/jdbc/connections/internal/ConnectionProviderInitiator
instanceKlass org/hibernate/persister/spi/PersisterFactory
instanceKlass org/hibernate/persister/internal/PersisterFactoryInitiator
instanceKlass org/hibernate/persister/spi/PersisterClassResolver
instanceKlass org/hibernate/persister/internal/PersisterClassResolverInitiator
instanceKlass org/hibernate/engine/jndi/spi/JndiService
instanceKlass org/hibernate/engine/jndi/internal/JndiServiceInitiator
instanceKlass org/hibernate/engine/jdbc/connections/spi/JdbcConnectionAccess
instanceKlass org/hibernate/engine/jdbc/env/spi/JdbcEnvironment
instanceKlass org/hibernate/jdbc/WorkExecutorVisitable
instanceKlass org/hibernate/resource/transaction/spi/TransactionCoordinatorOwner
instanceKlass org/hibernate/engine/jdbc/spi/JdbcServices
instanceKlass org/hibernate/engine/jdbc/dialect/spi/DialectResolutionInfo
instanceKlass org/hibernate/dialect/DatabaseVersion
instanceKlass org/hibernate/engine/jdbc/env/internal/JdbcEnvironmentInitiator
instanceKlass org/hibernate/tool/schema/internal/SchemaManagementToolInitiator
instanceKlass org/hibernate/tool/schema/spi/SqlScriptCommandExtractor
instanceKlass org/hibernate/tool/schema/internal/script/SqlScriptExtractorInitiator
instanceKlass org/hibernate/property/access/spi/PropertyAccessStrategyResolver
instanceKlass org/hibernate/property/access/internal/PropertyAccessStrategyResolverInitiator
instanceKlass org/hibernate/engine/config/spi/ConfigurationService
instanceKlass org/hibernate/engine/config/internal/ConfigurationServiceInitiator
instanceKlass org/hibernate/boot/cfgxml/spi/CfgXmlAccessService
instanceKlass org/hibernate/boot/cfgxml/internal/CfgXmlAccessServiceInitiator
instanceKlass org/hibernate/bytecode/internal/ProxyFactoryFactoryInitiator
instanceKlass org/hibernate/bytecode/spi/BytecodeProvider
instanceKlass org/hibernate/bytecode/internal/BytecodeProviderInitiator
instanceKlass org/hibernate/id/factory/IdentifierGeneratorFactory
instanceKlass org/hibernate/id/factory/internal/StandardIdentifierGeneratorFactoryInitiator
instanceKlass org/hibernate/boot/spi/SessionFactoryBuilderService
instanceKlass org/hibernate/boot/internal/DefaultSessionFactoryBuilderInitiator
instanceKlass org/hibernate/boot/registry/StandardServiceInitiator
instanceKlass org/hibernate/service/spi/ServiceInitiator
instanceKlass org/hibernate/service/StandardServiceInitiators
instanceKlass org/hibernate/boot/cfgxml/internal/ConfigLoader$1
instanceKlass org/hibernate/internal/util/ValueHolder$1
instanceKlass org/hibernate/internal/util/ValueHolder
instanceKlass org/hibernate/internal/util/ValueHolder$DeferredInitializer
instanceKlass org/hibernate/boot/cfgxml/internal/ConfigLoader
instanceKlass org/hibernate/boot/registry/StandardServiceRegistry
instanceKlass org/hibernate/boot/cfgxml/spi/LoadedConfig
instanceKlass org/hibernate/boot/registry/StandardServiceRegistryBuilder
instanceKlass org/hibernate/service/spi/ServiceBinding
instanceKlass org/hibernate/boot/registry/selector/StrategyRegistrationProvider
instanceKlass org/hibernate/type/format/jaxb/JaxbXmlFormatMapper
instanceKlass org/hibernate/type/format/jackson/JacksonXmlFormatMapper
instanceKlass org/hibernate/type/format/jakartajson/JsonBJsonFormatMapper
instanceKlass org/hibernate/type/format/jackson/JacksonJsonFormatMapper
instanceKlass org/hibernate/type/format/FormatMapper
instanceKlass org/hibernate/cache/internal/SimpleCacheKeysFactory
instanceKlass org/hibernate/cache/internal/DefaultCacheKeysFactory
instanceKlass org/hibernate/cache/spi/CacheKeysFactory
instanceKlass org/hibernate/boot/model/relational/ColumnOrderingStrategyLegacy
instanceKlass org/hibernate/boot/model/relational/ColumnOrderingStrategyStandard
instanceKlass org/hibernate/boot/model/relational/ColumnOrderingStrategy
instanceKlass org/hibernate/id/enhanced/LegacyNamingStrategy
instanceKlass org/hibernate/id/enhanced/SingleNamingStrategy
instanceKlass org/hibernate/id/enhanced/StandardNamingStrategy
instanceKlass org/hibernate/id/enhanced/ImplicitDatabaseObjectNamingStrategy
instanceKlass org/hibernate/boot/model/naming/ImplicitNamingStrategyJpaCompliantImpl
instanceKlass org/hibernate/boot/model/naming/ImplicitNamingStrategy
instanceKlass org/hibernate/query/sqm/mutation/internal/cte/CteMutationStrategy
instanceKlass org/hibernate/query/sqm/mutation/spi/SqmMultiTableMutationStrategy
instanceKlass org/hibernate/query/sqm/mutation/internal/temptable/PersistentTableStrategy
instanceKlass org/hibernate/query/sqm/mutation/internal/temptable/LocalTemporaryTableStrategy
instanceKlass org/hibernate/query/sqm/mutation/internal/temptable/GlobalTemporaryTableStrategy
instanceKlass org/hibernate/query/sqm/mutation/internal/cte/CteInsertStrategy
instanceKlass org/hibernate/query/sqm/mutation/spi/SqmMultiTableInsertStrategy
instanceKlass org/hibernate/resource/transaction/backend/jta/internal/JtaTransactionCoordinatorBuilderImpl
instanceKlass org/hibernate/service/spi/ServiceRegistryAwareService
instanceKlass org/hibernate/resource/transaction/backend/jdbc/internal/JdbcResourceLocalTransactionCoordinatorBuilderImpl
instanceKlass org/hibernate/resource/transaction/spi/TransactionCoordinatorBuilder
instanceKlass org/hibernate/boot/registry/selector/internal/DefaultJtaPlatformSelector
instanceKlass org/hibernate/engine/transaction/jta/platform/spi/JtaPlatform
instanceKlass org/hibernate/boot/registry/selector/internal/DefaultDialectSelector
instanceKlass org/hibernate/boot/registry/selector/internal/AggregatedDialectSelector
instanceKlass org/hibernate/boot/registry/selector/spi/DialectSelector
instanceKlass org/hibernate/dialect/Dialect
instanceKlass org/hibernate/boot/model/FunctionContributor
instanceKlass org/hibernate/boot/model/TypeContributor
instanceKlass org/hibernate/exception/spi/ConversionContext
instanceKlass org/hibernate/boot/registry/selector/spi/StrategyCreator
instanceKlass org/hibernate/boot/registry/selector/internal/StrategySelectorImpl
instanceKlass org/hibernate/boot/registry/internal/BootstrapServiceRegistryImpl
instanceKlass org/hibernate/service/spi/ServiceBinding$ServiceLifecycleOwner
instanceKlass org/hibernate/service/spi/ServiceRegistryImplementor
instanceKlass org/hibernate/boot/registry/classloading/internal/AggregatedServiceLoader
instanceKlass org/hibernate/engine/spi/SharedSessionContractImplementor
instanceKlass org/hibernate/type/descriptor/java/JavaType$CoercionContext
instanceKlass org/hibernate/query/spi/QueryProducerImplementor
instanceKlass org/hibernate/type/descriptor/WrapperOptions
instanceKlass org/hibernate/engine/jdbc/LobCreationContext
instanceKlass org/hibernate/resource/transaction/spi/TransactionCoordinatorBuilder$Options
instanceKlass org/hibernate/resource/jdbc/spi/JdbcSessionOwner
instanceKlass org/hibernate/SharedSessionContract
instanceKlass org/hibernate/query/QueryProducer
instanceKlass org/hibernate/cache/internal/CollectionCacheInvalidator
instanceKlass org/hibernate/event/spi/PostUpdateEventListener
instanceKlass org/hibernate/event/spi/PostDeleteEventListener
instanceKlass org/hibernate/event/spi/PostInsertEventListener
instanceKlass org/hibernate/event/spi/PostActionEventListener
instanceKlass org/hibernate/boot/beanvalidation/ActivationContext
instanceKlass org/hibernate/boot/beanvalidation/BeanValidationIntegrator
instanceKlass org/hibernate/integrator/spi/Integrator
instanceKlass org/hibernate/integrator/internal/IntegratorServiceImpl
instanceKlass org/hibernate/boot/registry/selector/StrategyRegistration
instanceKlass org/hibernate/boot/registry/selector/spi/StrategySelector
instanceKlass org/hibernate/boot/registry/selector/internal/LazyServiceResolver
instanceKlass org/hibernate/boot/registry/selector/internal/StrategySelectorBuilder
instanceKlass org/hibernate/boot/registry/BootstrapServiceRegistry
instanceKlass org/hibernate/integrator/spi/IntegratorService
instanceKlass org/hibernate/boot/registry/BootstrapServiceRegistryBuilder
instanceKlass org/hibernate/jpa/internal/util/LogHelper
instanceKlass jakarta/persistence/EntityManagerFactory
instanceKlass org/hibernate/boot/Metadata
instanceKlass org/hibernate/engine/spi/Mapping
instanceKlass org/hibernate/service/ServiceRegistry
instanceKlass org/hibernate/tool/schema/spi/DelayedDropRegistry
instanceKlass org/hibernate/proxy/EntityNotFoundDelegate
instanceKlass org/hibernate/boot/MetadataBuilder
instanceKlass org/hibernate/bytecode/enhance/spi/EnhancementContext
instanceKlass org/hibernate/boot/archive/scan/spi/ScanOptions
instanceKlass org/hibernate/boot/archive/scan/spi/ScanEnvironment
instanceKlass org/hibernate/jpa/boot/internal/EntityManagerFactoryBuilderImpl
instanceKlass org/hibernate/jpa/boot/spi/EntityManagerFactoryBuilder
instanceKlass org/hibernate/jpa/boot/spi/Bootstrap
instanceKlass org/hibernate/jpa/boot/spi/ProviderChecker
instanceKlass org/hibernate/jpa/internal/util/ConfigurationHelper
instanceKlass org/hibernate/type/Type
instanceKlass org/hibernate/internal/util/collections/ArrayHelper
instanceKlass org/hibernate/internal/util/StringHelper
instanceKlass org/hibernate/jpa/boot/internal/ParsedPersistenceXmlDescriptor
instanceKlass org/hibernate/boot/archive/internal/ArchiveHelper
instanceKlass org/w3c/dom/Comment
instanceKlass com/sun/org/apache/xerces/internal/dom/CharacterDataImpl$1
instanceKlass org/w3c/dom/Text
instanceKlass org/w3c/dom/CharacterData
instanceKlass com/sun/org/apache/xerces/internal/xs/ShortList
instanceKlass com/sun/org/apache/xerces/internal/xs/datatypes/ObjectList
instanceKlass com/sun/org/apache/xerces/internal/impl/xs/AttributePSVImpl
instanceKlass com/sun/org/apache/xerces/internal/xs/AttributePSVI
instanceKlass com/sun/org/apache/xerces/internal/jaxp/validation/DOMResultBuilder
instanceKlass com/sun/org/apache/xerces/internal/jaxp/validation/DOMResultAugmentor
instanceKlass com/sun/org/apache/xerces/internal/jaxp/validation/DOMDocumentHandler
instanceKlass com/sun/org/apache/xerces/internal/jaxp/validation/DOMValidatorHelper$DOMNamespaceContext
instanceKlass com/sun/org/apache/xerces/internal/jaxp/validation/DOMValidatorHelper
instanceKlass com/sun/org/apache/xerces/internal/impl/validation/EntityState
instanceKlass com/sun/org/apache/xerces/internal/jaxp/validation/ValidatorHelper
instanceKlass javax/xml/transform/sax/SAXSource
instanceKlass javax/xml/transform/dom/DOMSource
instanceKlass org/hibernate/jpa/boot/internal/PersistenceXmlParser$ErrorHandlerImpl
instanceKlass com/sun/org/apache/xerces/internal/impl/xs/XMLSchemaValidator$LocalIDKey
instanceKlass com/sun/org/apache/xerces/internal/impl/xs/XMLSchemaValidator$ValueStoreCache
instanceKlass com/sun/org/apache/xerces/internal/impl/xs/identity/XPathMatcher
instanceKlass com/sun/org/apache/xerces/internal/impl/xs/XMLSchemaValidator$XPathMatcherStack
instanceKlass com/sun/org/apache/xerces/internal/impl/xs/XSNotationDecl
instanceKlass com/sun/org/apache/xerces/internal/xs/XSNotationDeclaration
instanceKlass com/sun/org/apache/xerces/internal/impl/xs/XMLSchemaValidator$XSIErrorReporter
instanceKlass com/sun/org/apache/xerces/internal/impl/xs/ElementPSVImpl
instanceKlass com/sun/org/apache/xerces/internal/xs/ElementPSVI
instanceKlass com/sun/org/apache/xerces/internal/xs/ItemPSVI
instanceKlass com/sun/org/apache/xerces/internal/impl/xs/XMLSchemaValidator
instanceKlass com/sun/org/apache/xerces/internal/impl/xs/identity/FieldActivator
instanceKlass javax/xml/validation/Validator
instanceKlass javax/xml/validation/Schema
instanceKlass com/sun/org/apache/xerces/internal/jaxp/validation/XSGrammarPoolContainer
instanceKlass com/sun/org/apache/xerces/internal/impl/dtd/models/CMStateSet
instanceKlass com/sun/org/apache/xerces/internal/impl/xs/models/XSDFACM
instanceKlass com/sun/org/apache/xerces/internal/impl/dtd/models/CMNode
instanceKlass com/sun/org/apache/xerces/internal/impl/xs/XSConstraints$1
instanceKlass com/sun/org/apache/xerces/internal/impl/xs/XSConstraints
instanceKlass com/sun/org/apache/xerces/internal/impl/dv/xs/XSSimpleTypeDecl$ValidationContextImpl
instanceKlass com/sun/org/apache/xerces/internal/util/IntStack
instanceKlass com/sun/org/apache/xerces/internal/impl/xpath/regex/RegularExpression$ClosureContext
instanceKlass com/sun/org/apache/xerces/internal/impl/xpath/regex/RegularExpression$ExpressionTarget
instanceKlass com/sun/org/apache/xerces/internal/impl/xpath/regex/RegularExpression$Context
instanceKlass com/sun/org/apache/xerces/internal/impl/xpath/regex/Op
instanceKlass com/sun/org/apache/xerces/internal/impl/xs/util/XSObjectListImpl$EmptyIterator
instanceKlass com/sun/org/apache/xerces/internal/xs/XSObjectList
instanceKlass com/sun/org/apache/xerces/internal/impl/xs/traversers/XSDAbstractTraverser$FacetInfo
instanceKlass com/sun/org/apache/xerces/internal/xs/datatypes/XSQName
instanceKlass com/sun/org/apache/xerces/internal/impl/xs/XSAnnotationImpl
instanceKlass com/sun/org/apache/xerces/internal/xs/XSAnnotation
instanceKlass com/sun/org/apache/xerces/internal/impl/xs/opti/NamedNodeMapImpl
instanceKlass com/sun/org/apache/xerces/internal/impl/xs/identity/IdentityConstraint
instanceKlass com/sun/org/apache/xerces/internal/xs/XSIDCDefinition
instanceKlass com/sun/org/apache/xerces/internal/impl/xs/traversers/XSDAbstractParticleTraverser$ParticleArray
instanceKlass com/sun/org/apache/xerces/internal/impl/xs/traversers/XSDAbstractTraverser
instanceKlass com/sun/org/apache/xerces/internal/impl/xs/traversers/Container
instanceKlass com/sun/org/apache/xerces/internal/impl/xs/traversers/OneAttr
instanceKlass com/sun/org/apache/xerces/internal/impl/xs/XSAttributeDecl
instanceKlass com/sun/org/apache/xerces/internal/xs/XSAttributeDeclaration
instanceKlass com/sun/org/apache/xerces/internal/impl/xs/XSGroupDecl
instanceKlass com/sun/org/apache/xerces/internal/xs/XSModelGroupDefinition
instanceKlass com/sun/org/apache/xerces/internal/impl/xs/XSAttributeUseImpl
instanceKlass com/sun/org/apache/xerces/internal/xs/XSAttributeUse
instanceKlass com/sun/org/apache/xerces/internal/impl/xs/XSAttributeGroupDecl
instanceKlass com/sun/org/apache/xerces/internal/xs/XSAttributeGroupDefinition
instanceKlass com/sun/org/apache/xerces/internal/impl/xs/XSModelGroupImpl
instanceKlass com/sun/org/apache/xerces/internal/xs/XSModelGroup
instanceKlass com/sun/org/apache/xerces/internal/impl/xs/XSWildcardDecl
instanceKlass com/sun/org/apache/xerces/internal/xs/XSWildcard
instanceKlass com/sun/org/apache/xerces/internal/impl/xs/XSComplexTypeDecl
instanceKlass com/sun/org/apache/xerces/internal/xs/XSComplexTypeDefinition
instanceKlass com/sun/org/apache/xerces/internal/impl/xs/SchemaGrammar
instanceKlass com/sun/org/apache/xerces/internal/xs/XSNamespaceItem
instanceKlass com/sun/org/apache/xerces/internal/xni/grammars/XSGrammar
instanceKlass com/sun/org/apache/xerces/internal/impl/xs/util/XInt
instanceKlass com/sun/org/apache/xerces/internal/impl/xs/util/XIntPool
instanceKlass com/sun/org/apache/xerces/internal/impl/xs/traversers/XSAttributeChecker
instanceKlass com/sun/org/apache/xerces/internal/impl/xs/traversers/XSDHandler$XSDKey
instanceKlass com/sun/org/apache/xerces/internal/util/DOMUtil
instanceKlass com/sun/org/apache/xerces/internal/util/NamespaceSupport$Prefixes
instanceKlass com/sun/org/apache/xerces/internal/impl/xs/SchemaSymbols
instanceKlass com/sun/org/apache/xerces/internal/impl/xs/opti/DefaultNode
instanceKlass com/sun/org/apache/xerces/internal/xni/grammars/Grammar
instanceKlass com/sun/org/apache/xerces/internal/impl/xpath/regex/Token
instanceKlass com/sun/org/apache/xerces/internal/impl/xpath/regex/RegexParser
instanceKlass com/sun/org/apache/xerces/internal/impl/xpath/regex/REUtil
instanceKlass com/sun/org/apache/xerces/internal/impl/xpath/regex/RegularExpression
instanceKlass com/sun/org/apache/xerces/internal/impl/dv/xs/DecimalDV$XDecimal
instanceKlass com/sun/org/apache/xerces/internal/xs/datatypes/XSDecimal
instanceKlass com/sun/org/apache/xerces/internal/impl/dv/ValidatedInfo
instanceKlass com/sun/org/apache/xerces/internal/xs/XSValue
instanceKlass com/sun/org/apache/xerces/internal/impl/dv/XSFacets
instanceKlass com/sun/org/apache/xerces/internal/impl/dv/xs/XSSimpleTypeDecl$4
instanceKlass com/sun/org/apache/xerces/internal/impl/dv/xs/XSSimpleTypeDecl$1
instanceKlass com/sun/org/apache/xerces/internal/impl/dv/xs/AbstractDateTimeDV$DateTimeData
instanceKlass com/sun/org/apache/xerces/internal/xs/datatypes/XSDateTime
instanceKlass javax/xml/datatype/DatatypeFactory
instanceKlass com/sun/org/apache/xerces/internal/impl/dv/xs/TypeValidator
instanceKlass com/sun/org/apache/xerces/internal/impl/dv/xs/XSSimpleTypeDecl
instanceKlass com/sun/org/apache/xerces/internal/impl/dv/XSSimpleType
instanceKlass com/sun/org/apache/xerces/internal/xs/XSSimpleTypeDefinition
instanceKlass com/sun/org/apache/xerces/internal/xs/XSTypeDefinition
instanceKlass com/sun/org/apache/xerces/internal/utils/ObjectFactory
instanceKlass com/sun/org/apache/xerces/internal/impl/dv/SchemaDVFactory
instanceKlass com/sun/org/apache/xerces/internal/util/XMLGrammarPoolImpl$Entry
instanceKlass com/sun/org/apache/xerces/internal/util/XMLGrammarPoolImpl
instanceKlass jdk/xml/internal/JdkXmlFeatures
instanceKlass com/sun/org/apache/xerces/internal/jaxp/validation/XMLSchemaFactory$XMLGrammarPoolWrapper
instanceKlass com/sun/org/apache/xerces/internal/xni/grammars/XMLGrammarPool
instanceKlass com/sun/org/apache/xerces/internal/util/DOMEntityResolverWrapper
instanceKlass com/sun/org/apache/xerces/internal/jaxp/validation/DraconianErrorHandler
instanceKlass com/sun/org/apache/xerces/internal/impl/xs/opti/SchemaDOMParser$BooleanStack
instanceKlass com/sun/org/apache/xerces/internal/impl/xs/opti/DefaultXMLDocumentHandler
instanceKlass com/sun/org/apache/xerces/internal/impl/xs/util/SimpleLocator
instanceKlass com/sun/org/apache/xerces/internal/util/SymbolHash$Entry
instanceKlass com/sun/org/apache/xerces/internal/util/SymbolHash
instanceKlass com/sun/org/apache/xerces/internal/impl/xs/traversers/XSDocumentInfo
instanceKlass com/sun/org/apache/xerces/internal/impl/xs/XSParticleDecl
instanceKlass com/sun/org/apache/xerces/internal/xs/XSParticle
instanceKlass com/sun/org/apache/xerces/internal/impl/xs/traversers/XSDHandler
instanceKlass com/sun/org/apache/xerces/internal/impl/xs/models/XSEmptyCM
instanceKlass com/sun/org/apache/xerces/internal/impl/xs/models/XSCMValidator
instanceKlass com/sun/org/apache/xerces/internal/impl/xs/models/CMBuilder
instanceKlass com/sun/org/apache/xerces/internal/impl/xs/SubstitutionGroupHandler$OneSubGroup
instanceKlass com/sun/org/apache/xerces/internal/impl/xs/XSElementDecl
instanceKlass com/sun/org/apache/xerces/internal/xs/XSElementDeclaration
instanceKlass com/sun/org/apache/xerces/internal/xs/XSTerm
instanceKlass com/sun/org/apache/xerces/internal/xs/XSObject
instanceKlass com/sun/org/apache/xerces/internal/impl/xs/SubstitutionGroupHandler
instanceKlass com/sun/org/apache/xerces/internal/impl/xs/XSGrammarBucket
instanceKlass com/sun/org/apache/xerces/internal/impl/xs/XSMessageFormatter
instanceKlass com/sun/org/apache/xerces/internal/util/DefaultErrorHandler
instanceKlass com/sun/org/apache/xerces/internal/xni/grammars/XMLSchemaDescription
instanceKlass com/sun/org/apache/xerces/internal/impl/xs/models/CMNodeFactory
instanceKlass com/sun/org/apache/xerces/internal/impl/xs/XMLSchemaLoader
instanceKlass org/w3c/dom/DOMConfiguration
instanceKlass com/sun/org/apache/xerces/internal/xs/XSLoader
instanceKlass com/sun/org/apache/xerces/internal/impl/xs/XSElementDeclHelper
instanceKlass com/sun/org/apache/xerces/internal/xni/grammars/XMLGrammarLoader
instanceKlass javax/xml/validation/SchemaFactoryFinder$2
instanceKlass javax/xml/validation/SchemaFactoryFinder
instanceKlass javax/xml/validation/SchemaFactory
instanceKlass javax/xml/transform/stream/StreamSource
instanceKlass org/hibernate/boot/xsd/LocalXsdResolver
instanceKlass org/hibernate/boot/xsd/XsdDescriptor
instanceKlass org/hibernate/boot/xsd/ConfigXsdSupport
instanceKlass org/w3c/dom/Attr
instanceKlass com/sun/org/apache/xerces/internal/dom/NamedNodeMapImpl
instanceKlass org/w3c/dom/NamedNodeMap
instanceKlass com/sun/org/apache/xerces/internal/dom/DeferredDocumentImpl$RefCount
instanceKlass com/sun/org/apache/xerces/internal/dom/NodeListCache
instanceKlass org/w3c/dom/TypeInfo
instanceKlass org/w3c/dom/ElementTraversal
instanceKlass org/w3c/dom/Element
instanceKlass org/w3c/dom/DocumentType
instanceKlass com/sun/org/apache/xerces/internal/dom/NodeImpl
instanceKlass org/w3c/dom/events/EventTarget
instanceKlass org/w3c/dom/NodeList
instanceKlass org/w3c/dom/Document
instanceKlass org/w3c/dom/ranges/DocumentRange
instanceKlass org/w3c/dom/events/DocumentEvent
instanceKlass org/w3c/dom/traversal/DocumentTraversal
instanceKlass com/sun/org/apache/xerces/internal/dom/DeferredNode
instanceKlass javax/xml/parsers/DocumentBuilder
instanceKlass jdk/xml/internal/XMLSecurityManager
instanceKlass javax/xml/parsers/DocumentBuilderFactory
instanceKlass org/hibernate/boot/registry/classloading/internal/AggregatedClassLoader$4
instanceKlass org/hibernate/boot/registry/classloading/internal/AggregatedClassLoader$2
instanceKlass org/hibernate/boot/registry/classloading/internal/ClassLoaderServiceImpl$1
instanceKlass org/hibernate/internal/CoreLogging
instanceKlass org/hibernate/boot/registry/classloading/internal/ClassLoaderServiceImpl
instanceKlass org/jboss/logging/DelegatingBasicLogger
instanceKlass org/jboss/logging/LoggingLocale
instanceKlass org/hibernate/internal/EntityManagerMessageLogger
instanceKlass org/hibernate/internal/CoreMessageLogger
instanceKlass org/hibernate/internal/HEMLogging
instanceKlass javax/xml/transform/Source
instanceKlass org/w3c/dom/Node
instanceKlass org/hibernate/boot/registry/classloading/spi/ClassLoaderService
instanceKlass org/hibernate/service/spi/Stoppable
instanceKlass org/hibernate/service/Service
instanceKlass org/hibernate/boot/ResourceStreamLocator
instanceKlass org/hibernate/boot/ResourceLocator
instanceKlass org/hibernate/jpa/boot/internal/PersistenceXmlParser
instanceKlass org/hibernate/jpa/HibernatePersistenceProvider$1
instanceKlass org/hibernate/jpa/internal/util/PersistenceUtilHelper
instanceKlass org/hibernate/jpa/internal/util/PersistenceUtilHelper$MetadataCache
instanceKlass org/jboss/logging/Slf4jLocationAwareLogger$1
instanceKlass ch/qos/logback/classic/util/LogbackMDCAdapter
instanceKlass ch/qos/logback/core/util/StatusPrinter
instanceKlass ch/qos/logback/core/status/StatusUtil
instanceKlass ch/qos/logback/core/spi/AppenderAttachableImpl
instanceKlass ch/qos/logback/classic/util/LoggerNameUtil
instanceKlass ch/qos/logback/core/util/CharSequenceState
instanceKlass ch/qos/logback/core/util/CharSequenceToRegexMapper
instanceKlass ch/qos/logback/core/util/DatePatternToRegexUtil
instanceKlass java/time/Instant$1
instanceKlass java/text/DontCareFieldPosition$1
instanceKlass java/text/Format$FieldDelegate
instanceKlass java/text/DigitList
instanceKlass java/text/FieldPosition
instanceKlass java/lang/StringUTF16$CharsSpliterator
instanceKlass java/util/stream/Sink$ChainedInt
instanceKlass java/util/OptionalInt
instanceKlass java/util/stream/Sink$OfInt
instanceKlass java/util/function/IntConsumer
instanceKlass java/util/function/IntPredicate
instanceKlass java/lang/StringLatin1$CharsSpliterator
instanceKlass java/text/DecimalFormatSymbols
instanceKlass java/util/Calendar$Builder
instanceKlass java/text/AttributedCharacterIterator$Attribute
instanceKlass java/text/Format
instanceKlass ch/qos/logback/core/rolling/helper/RollingCalendar$1
instanceKlass java/time/format/DateTimeFormatterBuilder$2
instanceKlass java/time/temporal/TemporalQueries$7
instanceKlass java/time/temporal/TemporalQueries$6
instanceKlass java/time/temporal/TemporalQueries$5
instanceKlass java/time/temporal/TemporalQueries$4
instanceKlass java/time/temporal/TemporalQueries$3
instanceKlass java/time/temporal/TemporalQueries$2
instanceKlass java/time/temporal/TemporalQueries$1
instanceKlass java/time/temporal/TemporalQueries
instanceKlass java/time/format/DateTimePrintContext
instanceKlass sun/util/locale/provider/CalendarDataUtility$CalendarWeekParameterGetter
instanceKlass ch/qos/logback/core/rolling/helper/Compressor$1
instanceKlass ch/qos/logback/core/rolling/helper/FileFilterUtil
instanceKlass ch/qos/logback/core/rolling/helper/MonoTypedConverter
instanceKlass ch/qos/logback/core/util/SimpleInvocationGate
instanceKlass ch/qos/logback/core/util/InvocationGate
instanceKlass ch/qos/logback/core/rolling/helper/ArchiveRemover
instanceKlass java/util/regex/Pattern$1
instanceKlass ch/qos/logback/core/rolling/TimeBasedFileNamingAndTriggeringPolicy
instanceKlass ch/qos/logback/core/rolling/RollingPolicy
instanceKlass ch/qos/logback/core/rolling/TriggeringPolicy
instanceKlass ch/qos/logback/core/util/FileSize
instanceKlass ch/qos/logback/classic/pattern/TargetLengthBasedClassNameAbbreviator
instanceKlass ch/qos/logback/core/util/CachingDateFormatter$CacheTuple
instanceKlass java/time/Period
instanceKlass java/time/chrono/ChronoPeriod
instanceKlass java/time/format/DateTimeFormatterBuilder$TextPrinterParser
instanceKlass java/time/format/DateTimeTextProvider$1
instanceKlass java/time/format/DateTimeTextProvider
instanceKlass java/time/format/DateTimeTextProvider$LocaleStore
instanceKlass java/time/format/DateTimeFormatterBuilder$InstantPrinterParser
instanceKlass java/time/format/DateTimeFormatterBuilder$StringLiteralPrinterParser
instanceKlass java/time/format/DateTimeFormatterBuilder$ZoneIdPrinterParser
instanceKlass java/time/format/DateTimeFormatterBuilder$OffsetIdPrinterParser
instanceKlass java/time/format/DecimalStyle
instanceKlass java/time/format/DateTimeFormatterBuilder$CompositePrinterParser
instanceKlass java/time/format/DateTimeFormatterBuilder$CharLiteralPrinterParser
instanceKlass java/time/format/DateTimeFormatterBuilder$NumberPrinterParser
instanceKlass java/time/format/DateTimeFormatterBuilder$DateTimePrinterParser
instanceKlass java/time/temporal/JulianFields
instanceKlass java/time/temporal/IsoFields
instanceKlass java/lang/Character$CharacterCache
instanceKlass java/time/temporal/TemporalQuery
instanceKlass java/time/format/DateTimeFormatterBuilder
instanceKlass java/time/format/DateTimeFormatter
instanceKlass ch/qos/logback/core/util/CachingDateFormatter
instanceKlass ch/qos/logback/core/pattern/ConverterUtil
instanceKlass ch/qos/logback/classic/pattern/NamedConverter$CacheMissCalculator
instanceKlass ch/qos/logback/classic/pattern/Abbreviator
instanceKlass ch/qos/logback/core/pattern/FormatInfo
instanceKlass ch/qos/logback/core/pattern/util/AsIsEscapeUtil
instanceKlass ch/qos/logback/core/pattern/parser/OptionTokenizer
instanceKlass ch/qos/logback/core/pattern/util/RestrictedEscapeUtil
instanceKlass ch/qos/logback/core/pattern/parser/TokenStream
instanceKlass ch/qos/logback/core/pattern/util/RegularEscapeUtil
instanceKlass ch/qos/logback/classic/pattern/EnsureExceptionHandling
instanceKlass ch/qos/logback/core/pattern/Converter
instanceKlass ch/qos/logback/core/pattern/parser/Token
instanceKlass ch/qos/logback/core/pattern/util/IEscapeUtil
instanceKlass ch/qos/logback/core/pattern/parser/Node
instanceKlass ch/qos/logback/core/pattern/PostCompileProcessor
instanceKlass ch/qos/logback/core/joran/spi/NoAutoStart
instanceKlass ch/qos/logback/core/joran/spi/NoAutoStartUtil
instanceKlass ch/qos/logback/core/CoreConstants
instanceKlass jdk/internal/loader/BootLoader$PackageHelper
instanceKlass ch/qos/logback/core/model/processor/ImplicitModelHandler$1
instanceKlass ch/qos/logback/core/joran/util/StringToObjectConverter
instanceKlass ch/qos/logback/core/joran/util/beans/BeanDescription
instanceKlass ch/qos/logback/core/joran/util/beans/BeanUtil
instanceKlass ch/qos/logback/core/util/COWArrayList
instanceKlass ch/qos/logback/core/spi/FilterAttachableImpl
instanceKlass ch/qos/logback/core/model/processor/DefaultProcessor$TraverseMethod
instanceKlass ch/qos/logback/core/model/processor/DependencyDefinition
instanceKlass ch/qos/logback/core/subst/NodeToStringTransformer$1
instanceKlass ch/qos/logback/core/subst/Node
instanceKlass ch/qos/logback/core/subst/Parser$1
instanceKlass ch/qos/logback/core/subst/Parser
instanceKlass ch/qos/logback/core/subst/Token
instanceKlass ch/qos/logback/core/subst/Tokenizer
instanceKlass ch/qos/logback/core/subst/NodeToStringTransformer
instanceKlass ch/qos/logback/core/util/Duration
instanceKlass ch/qos/logback/core/model/processor/ChainedModelFilter$1
instanceKlass ch/qos/logback/core/model/processor/AllowAllModelFilter
instanceKlass ch/qos/logback/core/model/processor/DenyAllModelFilter
instanceKlass ch/qos/logback/core/sift/AppenderFactory
instanceKlass ch/qos/logback/core/joran/action/ImplicitModelData
instanceKlass ch/qos/logback/core/hook/ShutdownHook
instanceKlass ch/qos/logback/core/model/processor/AllowModelFilter
instanceKlass ch/qos/logback/core/model/processor/DefaultProcessor$1
instanceKlass ch/qos/logback/core/model/processor/PhaseIndicator
instanceKlass ch/qos/logback/core/model/ModelHandlerFactoryMethod
instanceKlass ch/qos/logback/core/joran/ModelClassToModelHandlerLinkerBase
instanceKlass ch/qos/logback/core/model/processor/ChainedModelFilter
instanceKlass ch/qos/logback/core/model/processor/ModelFilter
instanceKlass ch/qos/logback/core/net/ssl/SSLComponent
instanceKlass ch/qos/logback/core/net/ssl/SSLNestedComponentRegistryRules
instanceKlass ch/qos/logback/core/boolex/EventEvaluator
instanceKlass ch/qos/logback/core/joran/spi/HostClassAndPropertyDouble
instanceKlass ch/qos/logback/core/Appender
instanceKlass ch/qos/logback/core/spi/FilterAttachable
instanceKlass ch/qos/logback/core/net/ssl/SecureRandomFactoryBean
instanceKlass ch/qos/logback/core/net/ssl/TrustManagerFactoryFactoryBean
instanceKlass ch/qos/logback/core/net/ssl/KeyManagerFactoryFactoryBean
instanceKlass ch/qos/logback/core/net/ssl/KeyStoreFactoryBean
instanceKlass ch/qos/logback/core/net/ssl/SSLContextFactoryBean
instanceKlass ch/qos/logback/core/Layout
instanceKlass ch/qos/logback/core/encoder/Encoder
instanceKlass ch/qos/logback/core/joran/util/ParentTag_Tag_Class_Tuple
instanceKlass ch/qos/logback/classic/model/processor/LogbackClassicDefaultNestedComponentRules
instanceKlass ch/qos/logback/core/joran/spi/DefaultNestedComponentRegistry
instanceKlass ch/qos/logback/core/joran/sanity/Pair
instanceKlass java/util/stream/MatchOps$BooleanTerminalSink
instanceKlass java/util/stream/MatchOps$MatchOp
instanceKlass java/util/stream/MatchOps
instanceKlass ch/qos/logback/core/joran/spi/EventPlayer
instanceKlass ch/qos/logback/core/joran/spi/SaxEventInterpreter
instanceKlass ch/qos/logback/core/model/INamedModel
instanceKlass ch/qos/logback/core/model/Model
instanceKlass org/xml/sax/helpers/AttributesImpl
instanceKlass org/xml/sax/helpers/LocatorImpl
instanceKlass ch/qos/logback/core/joran/event/SaxEvent
instanceKlass com/sun/org/apache/xerces/internal/impl/Constants$ArrayEnumeration
instanceKlass com/sun/org/apache/xerces/internal/impl/Constants
instanceKlass com/sun/org/apache/xerces/internal/parsers/AbstractSAXParser$LocatorProxy
instanceKlass org/xml/sax/ext/Locator2
instanceKlass org/xml/sax/Locator
instanceKlass com/sun/org/apache/xerces/internal/util/XMLSymbols
instanceKlass com/sun/org/apache/xerces/internal/util/XMLChar
instanceKlass com/sun/xml/internal/stream/Entity
instanceKlass com/sun/xml/internal/stream/util/BufferAllocator
instanceKlass com/sun/xml/internal/stream/util/ThreadLocalBufferAllocator
instanceKlass com/sun/org/apache/xerces/internal/impl/XMLEntityManager$EncodingInfo
instanceKlass com/sun/org/apache/xerces/internal/util/URI
instanceKlass com/sun/org/apache/xerces/internal/utils/XMLLimitAnalyzer
instanceKlass com/sun/org/apache/xerces/internal/xni/parser/XMLInputSource
instanceKlass com/sun/org/apache/xerces/internal/util/ErrorHandlerWrapper
instanceKlass com/sun/org/apache/xerces/internal/xni/parser/XMLErrorHandler
instanceKlass com/sun/org/apache/xerces/internal/impl/ExternalSubsetResolver
instanceKlass com/sun/org/apache/xerces/internal/util/EntityResolverWrapper
instanceKlass org/xml/sax/ext/EntityResolver2
instanceKlass com/sun/org/apache/xerces/internal/parsers/AbstractSAXParser$AttributesProxy
instanceKlass org/xml/sax/ext/Attributes2
instanceKlass org/xml/sax/Attributes
instanceKlass org/xml/sax/AttributeList
instanceKlass com/sun/org/apache/xerces/internal/util/FeatureState
instanceKlass com/sun/org/apache/xerces/internal/util/PropertyState
instanceKlass com/sun/org/apache/xerces/internal/impl/msg/XMLMessageFormatter
instanceKlass com/sun/org/apache/xerces/internal/util/MessageFormatter
instanceKlass com/sun/org/apache/xerces/internal/impl/XMLVersionDetector
instanceKlass com/sun/org/apache/xerces/internal/impl/validation/ValidationManager
instanceKlass com/sun/org/apache/xerces/internal/impl/dv/dtd/NMTOKENDatatypeValidator
instanceKlass com/sun/org/apache/xerces/internal/impl/dv/dtd/NOTATIONDatatypeValidator
instanceKlass com/sun/org/apache/xerces/internal/impl/dv/dtd/ENTITYDatatypeValidator
instanceKlass com/sun/org/apache/xerces/internal/impl/dv/dtd/ListDatatypeValidator
instanceKlass com/sun/org/apache/xerces/internal/impl/dv/dtd/IDREFDatatypeValidator
instanceKlass com/sun/org/apache/xerces/internal/impl/dv/dtd/IDDatatypeValidator
instanceKlass com/sun/org/apache/xerces/internal/impl/dv/dtd/StringDatatypeValidator
instanceKlass com/sun/org/apache/xerces/internal/impl/dv/DatatypeValidator
instanceKlass com/sun/org/apache/xerces/internal/impl/dv/DTDDVFactory
instanceKlass com/sun/org/apache/xerces/internal/impl/dtd/DTDGrammarBucket
instanceKlass com/sun/org/apache/xerces/internal/impl/dtd/XMLAttributeDecl
instanceKlass com/sun/org/apache/xerces/internal/impl/dtd/XMLSimpleType
instanceKlass com/sun/org/apache/xerces/internal/impl/dtd/XMLElementDecl
instanceKlass com/sun/org/apache/xerces/internal/impl/validation/ValidationState
instanceKlass com/sun/org/apache/xerces/internal/impl/dv/ValidationContext
instanceKlass com/sun/org/apache/xerces/internal/impl/dtd/XMLDTDValidator
instanceKlass com/sun/org/apache/xerces/internal/impl/RevalidationHandler
instanceKlass com/sun/org/apache/xerces/internal/impl/dtd/XMLDTDValidatorFilter
instanceKlass com/sun/org/apache/xerces/internal/xni/parser/XMLDocumentFilter
instanceKlass com/sun/org/apache/xerces/internal/impl/dtd/XMLEntityDecl
instanceKlass com/sun/org/apache/xerces/internal/impl/dtd/XMLDTDProcessor
instanceKlass com/sun/org/apache/xerces/internal/xni/parser/XMLDTDContentModelFilter
instanceKlass com/sun/org/apache/xerces/internal/xni/parser/XMLDTDFilter
instanceKlass com/sun/org/apache/xerces/internal/xni/parser/XMLDTDScanner
instanceKlass com/sun/org/apache/xerces/internal/xni/parser/XMLDTDContentModelSource
instanceKlass com/sun/org/apache/xerces/internal/xni/parser/XMLDTDSource
instanceKlass com/sun/org/apache/xerces/internal/xni/grammars/XMLDTDDescription
instanceKlass com/sun/org/apache/xerces/internal/xni/grammars/XMLGrammarDescription
instanceKlass com/sun/org/apache/xerces/internal/impl/XMLDocumentScannerImpl$TrailingMiscDriver
instanceKlass com/sun/org/apache/xerces/internal/impl/XMLDocumentScannerImpl$PrologDriver
instanceKlass com/sun/org/apache/xerces/internal/impl/XMLDocumentScannerImpl$XMLDeclDriver
instanceKlass com/sun/org/apache/xerces/internal/util/NamespaceSupport
instanceKlass com/sun/org/apache/xerces/internal/xni/NamespaceContext
instanceKlass com/sun/org/apache/xerces/internal/util/XMLAttributesImpl$Attribute
instanceKlass com/sun/org/apache/xerces/internal/util/XMLAttributesImpl
instanceKlass com/sun/org/apache/xerces/internal/xni/XMLAttributes
instanceKlass com/sun/org/apache/xerces/internal/impl/XMLDocumentFragmentScannerImpl$FragmentContentDriver
instanceKlass com/sun/org/apache/xerces/internal/impl/XMLDocumentFragmentScannerImpl$Driver
instanceKlass com/sun/org/apache/xerces/internal/impl/XMLDocumentFragmentScannerImpl$ElementStack2
instanceKlass com/sun/org/apache/xerces/internal/xni/QName
instanceKlass com/sun/org/apache/xerces/internal/impl/XMLDocumentFragmentScannerImpl$ElementStack
instanceKlass com/sun/org/apache/xerces/internal/xni/XMLString
instanceKlass com/sun/org/apache/xerces/internal/impl/XMLScanner
instanceKlass com/sun/xml/internal/stream/XMLBufferListener
instanceKlass com/sun/org/apache/xerces/internal/impl/XMLEntityHandler
instanceKlass com/sun/org/apache/xerces/internal/xni/parser/XMLDocumentScanner
instanceKlass com/sun/org/apache/xerces/internal/xni/parser/XMLDocumentSource
instanceKlass com/sun/org/apache/xerces/internal/impl/XMLErrorReporter
instanceKlass com/sun/org/apache/xerces/internal/impl/XMLEntityScanner
instanceKlass com/sun/org/apache/xerces/internal/xni/XMLLocator
instanceKlass com/sun/xml/internal/stream/XMLEntityStorage
instanceKlass com/sun/org/apache/xerces/internal/util/AugmentationsImpl$AugmentationsItemsContainer
instanceKlass com/sun/org/apache/xerces/internal/util/AugmentationsImpl
instanceKlass com/sun/org/apache/xerces/internal/xni/Augmentations
instanceKlass com/sun/org/apache/xerces/internal/util/XMLResourceIdentifierImpl
instanceKlass com/sun/org/apache/xerces/internal/xni/XMLResourceIdentifier
instanceKlass com/sun/org/apache/xerces/internal/impl/XMLEntityManager
instanceKlass com/sun/org/apache/xerces/internal/xni/parser/XMLEntityResolver
instanceKlass com/sun/org/apache/xerces/internal/xni/parser/XMLComponent
instanceKlass com/sun/org/apache/xerces/internal/util/SymbolTable$Entry
instanceKlass com/sun/org/apache/xerces/internal/util/SymbolTable
instanceKlass jdk/xml/internal/JdkConstants
instanceKlass jdk/xml/internal/JdkXmlUtils
instanceKlass com/sun/org/apache/xerces/internal/util/ParserConfigurationSettings
instanceKlass com/sun/org/apache/xerces/internal/parsers/XML11Configurable
instanceKlass com/sun/org/apache/xerces/internal/xni/parser/XMLPullParserConfiguration
instanceKlass com/sun/org/apache/xerces/internal/xni/parser/XMLParserConfiguration
instanceKlass com/sun/org/apache/xerces/internal/xni/parser/XMLComponentManager
instanceKlass com/sun/org/apache/xerces/internal/parsers/XMLParser
instanceKlass com/sun/org/apache/xerces/internal/xni/XMLDTDContentModelHandler
instanceKlass com/sun/org/apache/xerces/internal/xni/XMLDTDHandler
instanceKlass com/sun/org/apache/xerces/internal/xni/XMLDocumentHandler
instanceKlass org/xml/sax/XMLReader
instanceKlass org/xml/sax/Parser
instanceKlass com/sun/org/apache/xerces/internal/utils/XMLSecurityPropertyManager
instanceKlass com/sun/org/apache/xerces/internal/utils/XMLSecurityManager
instanceKlass javax/xml/parsers/SAXParser
instanceKlass com/sun/org/apache/xerces/internal/xs/PSVIProvider
instanceKlass com/sun/org/apache/xerces/internal/jaxp/JAXPConstants
instanceKlass javax/xml/parsers/FactoryFinder$1
instanceKlass jdk/xml/internal/SecuritySupport
instanceKlass javax/xml/parsers/FactoryFinder
instanceKlass javax/xml/parsers/SAXParserFactory
instanceKlass ch/qos/logback/core/joran/spi/ElementPath
instanceKlass org/xml/sax/helpers/DefaultHandler
instanceKlass org/xml/sax/ErrorHandler
instanceKlass org/xml/sax/ContentHandler
instanceKlass org/xml/sax/DTDHandler
instanceKlass org/xml/sax/EntityResolver
instanceKlass ch/qos/logback/core/spi/ConfigurationEventListener
instanceKlass ch/qos/logback/core/spi/ConfigurationEvent
instanceKlass org/xml/sax/InputSource
instanceKlass java/net/URLEncoder
instanceKlass java/net/URLDecoder
instanceKlass ch/qos/logback/core/joran/util/ConfigurationWatchListUtil
instanceKlass ch/qos/logback/core/joran/sanity/SanityChecker
instanceKlass ch/qos/logback/core/joran/spi/RuleStore
instanceKlass ch/qos/logback/core/spi/ContextAwareBase
instanceKlass ch/qos/logback/classic/util/ClassicEnvUtil
instanceKlass ch/qos/logback/core/status/StatusListener
instanceKlass ch/qos/logback/core/util/StatusListenerConfigHelper
instanceKlass ch/qos/logback/core/status/StatusBase
instanceKlass ch/qos/logback/core/util/EnvUtil
instanceKlass java/security/PermissionsEnumerator
instanceKlass java/io/FilePermissionCollection$1
instanceKlass java/util/PropertyPermissionCollection$1
instanceKlass sun/security/provider/PolicyFile$8
instanceKlass sun/security/provider/PolicyFile$6
instanceKlass sun/security/util/PolicyUtil
instanceKlass sun/security/provider/PolicyFile$4
instanceKlass java/net/HostPortrange
instanceKlass java/net/URLPermission$Authority
instanceKlass sun/security/provider/PolicyFile$PolicyEntry
instanceKlass sun/security/util/PropertyExpander
instanceKlass sun/security/provider/PolicyParser$PermissionEntry
instanceKlass sun/security/provider/PolicyParser$GrantEntry
instanceKlass java/io/StreamTokenizer
instanceKlass sun/security/provider/PolicyParser
instanceKlass java/nio/channels/Channels
instanceKlass sun/nio/ch/FileChannelImpl$Closer
instanceKlass sun/nio/ch/NativeThreadSet
instanceKlass sun/nio/fs/WindowsChannelFactory$Flags
instanceKlass sun/nio/fs/WindowsChannelFactory$1
instanceKlass sun/nio/fs/WindowsChannelFactory
instanceKlass sun/nio/fs/WindowsSecurityDescriptor
instanceKlass sun/security/provider/PolicyFile$2
instanceKlass java/security/ProtectionDomain$JavaSecurityAccessImpl$1
instanceKlass jdk/internal/access/JavaSecurityAccess$ProtectionDomainCache
instanceKlass sun/security/provider/PolicyFile$PolicyInfo
instanceKlass sun/security/provider/PolicyFile$1
instanceKlass java/security/Policy$1
instanceKlass java/security/Policy$PolicyInfo
instanceKlass java/security/Policy
instanceKlass ch/qos/logback/core/util/Loader$1
instanceKlass ch/qos/logback/core/util/OptionHelper
instanceKlass ch/qos/logback/core/util/Loader
instanceKlass ch/qos/logback/classic/spi/Configurator
instanceKlass ch/qos/logback/core/spi/ContextAwareImpl
instanceKlass ch/qos/logback/classic/util/ContextInitializer$1
instanceKlass ch/qos/logback/core/spi/ContextAware
instanceKlass ch/qos/logback/classic/util/ContextInitializer
instanceKlass ch/qos/logback/classic/Level
instanceKlass ch/qos/logback/classic/spi/ILoggingEvent
instanceKlass ch/qos/logback/core/spi/DeferredProcessingAware
instanceKlass org/slf4j/spi/LoggingEventBuilder
instanceKlass ch/qos/logback/classic/spi/LoggerContextVO
instanceKlass ch/qos/logback/core/spi/LogbackLock
instanceKlass ch/qos/logback/core/helpers/CyclicBuffer
instanceKlass ch/qos/logback/core/BasicStatusManager
instanceKlass ch/qos/logback/core/status/Status
instanceKlass ch/qos/logback/core/status/StatusManager
instanceKlass ch/qos/logback/core/ContextBase
instanceKlass ch/qos/logback/core/spi/LifeCycle
instanceKlass ch/qos/logback/core/Context
instanceKlass ch/qos/logback/core/spi/PropertyContainer
instanceKlass ch/qos/logback/classic/spi/LogbackServiceProvider
instanceKlass org/slf4j/helpers/Util
instanceKlass org/slf4j/helpers/NOPMDCAdapter
instanceKlass org/slf4j/helpers/NOPLoggerFactory
instanceKlass org/slf4j/helpers/NOP_FallbackServiceProvider
instanceKlass org/slf4j/helpers/ThreadLocalMapOfStacks
instanceKlass org/slf4j/helpers/BasicMDCAdapter
instanceKlass org/slf4j/Marker
instanceKlass org/slf4j/helpers/BasicMarkerFactory
instanceKlass org/slf4j/helpers/SubstituteLoggerFactory
instanceKlass org/slf4j/ILoggerFactory
instanceKlass org/slf4j/spi/MDCAdapter
instanceKlass org/slf4j/IMarkerFactory
instanceKlass org/slf4j/helpers/SubstituteServiceProvider
instanceKlass org/slf4j/event/LoggingEvent
instanceKlass org/slf4j/spi/SLF4JServiceProvider
instanceKlass org/slf4j/LoggerFactory
instanceKlass org/jboss/logging/AbstractLoggerProvider
instanceKlass ch/qos/logback/classic/Logger
instanceKlass ch/qos/logback/core/spi/AppenderAttachable
instanceKlass org/slf4j/spi/LoggingEventAware
instanceKlass org/slf4j/spi/LocationAwareLogger
instanceKlass org/slf4j/Logger
instanceKlass org/jboss/logging/SecurityActions
instanceKlass org/jboss/logging/LoggerProvider
instanceKlass org/jboss/logging/LoggerProviders
instanceKlass org/jboss/logging/Logger
instanceKlass org/jboss/logging/BasicLogger
instanceKlass org/hibernate/jpa/boot/spi/PersistenceUnitDescriptor
instanceKlass jakarta/persistence/spi/ProviderUtil
instanceKlass org/hibernate/jpa/HibernatePersistenceProvider
instanceKlass jakarta/persistence/spi/PersistenceProvider
instanceKlass jakarta/persistence/spi/PersistenceProviderResolverHolder$DefaultPersistenceProviderResolver$CacheKeyReference
instanceKlass jakarta/persistence/spi/PersistenceProviderResolverHolder$DefaultPersistenceProviderResolver$CacheKey
instanceKlass jakarta/persistence/spi/PersistenceProviderResolverHolder$DefaultPersistenceProviderResolver
instanceKlass jakarta/persistence/spi/PersistenceProviderResolver
instanceKlass jakarta/persistence/spi/PersistenceProviderResolverHolder
instanceKlass jakarta/persistence/PersistenceUtil
instanceKlass jakarta/persistence/Persistence
instanceKlass iuh/fit/infrastructure/db/JpaConfig
instanceKlass javafx/scene/text/HitInfo
instanceKlass com/sun/javafx/scene/text/TextLayout$Hit
instanceKlass com/sun/javafx/tk/TKDragSourceListener
instanceKlass javafx/scene/input/Clipboard
instanceKlass javafx/scene/Scene$DnDGesture
instanceKlass com/sun/glass/ui/win/WinClipboardDelegate
instanceKlass com/sun/glass/ui/Clipboard
instanceKlass com/sun/javafx/geometry/BoundsUtils
instanceKlass com/sun/javafx/scene/input/KeyCodeMap
instanceKlass com/sun/prism/impl/ps/CachingShapeRepState$CSRDisposerRecord
instanceKlass com/sun/prism/impl/ps/CachingShapeRepState$MaskTexData
instanceKlass com/sun/prism/impl/ps/CachingShapeRepState$CacheEntry
instanceKlass com/sun/prism/impl/ps/CachingShapeRepState$MaskCache
instanceKlass com/sun/prism/impl/ps/CachingShapeRepState
instanceKlass com/sun/prism/impl/ps/CachingShapeRep
instanceKlass com/sun/javafx/geom/DirtyRegionPool$PoolItem
instanceKlass com/sun/javafx/geom/transform/TransformHelper
instanceKlass com/sun/prism/shader/FillRoundRect_LinearGradient_PAD_Loader
instanceKlass com/sun/javafx/image/impl/ByteGray$Accessor
instanceKlass com/sun/javafx/image/impl/ByteGray
instanceKlass com/sun/prism/shader/Texture_Color_Loader
instanceKlass com/sun/marlin/ArrayCacheConst
instanceKlass com/sun/marlin/MaskMarlinAlphaConsumer
instanceKlass com/sun/marlin/Helpers
instanceKlass com/sun/prism/impl/shape/DMarlinPrismUtils
instanceKlass com/sun/marlin/DPQSSorterContext
instanceKlass com/sun/marlin/Dasher$LengthIterator
instanceKlass com/sun/marlin/Dasher
instanceKlass com/sun/marlin/Stroker
instanceKlass com/sun/marlin/ArrayCacheIntClean$Reference
instanceKlass com/sun/marlin/RendererContext$RendererSharedMemory
instanceKlass com/sun/marlin/ArrayCacheInt$Reference
instanceKlass com/sun/marlin/Helpers$IndexStack
instanceKlass com/sun/marlin/TransformingPathConsumer2D$PathClipFilter
instanceKlass com/sun/marlin/TransformingPathConsumer2D$StartFlagPathConsumer2D
instanceKlass com/sun/marlin/ArrayCacheByte$Reference
instanceKlass com/sun/marlin/ArrayCacheDouble$Reference
instanceKlass com/sun/marlin/Helpers$PolyStack
instanceKlass com/sun/marlin/TransformingPathConsumer2D$ClosedPathDetector
instanceKlass com/sun/marlin/TransformingPathConsumer2D$PathTracer
instanceKlass com/sun/marlin/TransformingPathConsumer2D$DeltaTransformFilter
instanceKlass com/sun/marlin/TransformingPathConsumer2D$DeltaScaleFilter
instanceKlass com/sun/marlin/TransformingPathConsumer2D$Path2DWrapper
instanceKlass com/sun/marlin/TransformingPathConsumer2D
instanceKlass com/sun/marlin/TransformingPathConsumer2D$CurveClipSplitter
instanceKlass com/sun/marlin/TransformingPathConsumer2D$CurveBasicMonotonizer
instanceKlass com/sun/marlin/ArrayCacheByte
instanceKlass com/sun/marlin/ArrayCacheDouble
instanceKlass com/sun/marlin/ArrayCacheInt
instanceKlass com/sun/marlin/ArrayCacheIntClean
instanceKlass com/sun/marlin/PathSimplifier
instanceKlass com/sun/marlin/CollinearSimplifier
instanceKlass com/sun/marlin/Curve
instanceKlass sun/misc/Unsafe
instanceKlass com/sun/marlin/OffHeapArray$1
instanceKlass com/sun/marlin/OffHeapArray
instanceKlass com/sun/marlin/MergeSort
instanceKlass jdk/internal/math/FDBigInteger
instanceKlass com/sun/marlin/Version
instanceKlass jdk/internal/ref/CleanerImpl$InnocuousThreadFactory
instanceKlass com/sun/marlin/FloatMath
instanceKlass com/sun/marlin/MarlinUtils
instanceKlass com/sun/marlin/Renderer
instanceKlass com/sun/marlin/MarlinRenderer
instanceKlass com/sun/marlin/DPathConsumer2D
instanceKlass com/sun/util/reentrant/ReentrantContextProvider
instanceKlass com/sun/util/reentrant/ReentrantContext
instanceKlass com/sun/marlin/DMarlinRenderingEngine
instanceKlass com/sun/marlin/MarlinConst
instanceKlass com/sun/marlin/MarlinProperties
instanceKlass com/sun/marlin/MarlinAlphaConsumer
instanceKlass com/sun/openpisces/AlphaConsumer
instanceKlass com/sun/prism/impl/shape/DMarlinRasterizer
instanceKlass com/sun/prism/impl/shape/ShapeUtil$1
instanceKlass com/sun/prism/impl/shape/ShapeRasterizer
instanceKlass com/sun/prism/impl/shape/ShapeUtil
instanceKlass com/sun/prism/shader/Solid_TextureSecondPassLCD_Loader
instanceKlass com/sun/prism/shader/Solid_TextureFirstPassLCD_Loader
instanceKlass com/sun/prism/impl/packrect/Level
instanceKlass com/sun/prism/impl/shape/MaskData
instanceKlass com/sun/javafx/font/directwrite/D2D1_POINT_2F
instanceKlass com/sun/javafx/font/directwrite/D2D1_PIXEL_FORMAT
instanceKlass com/sun/javafx/font/directwrite/D2D1_RENDER_TARGET_PROPERTIES
instanceKlass com/sun/prism/impl/GlyphCache$GlyphData
instanceKlass com/sun/prism/shader/Texture_LinearGradient_PAD_Loader
instanceKlass com/sun/prism/impl/packrect/RectanglePacker
instanceKlass com/sun/prism/impl/GlyphCache
instanceKlass com/sun/javafx/font/directwrite/DWRITE_MATRIX
instanceKlass com/sun/prism/PrinterGraphics
instanceKlass com/sun/scenario/effect/impl/BufferUtil
instanceKlass com/sun/scenario/effect/impl/state/BoxRenderState$1
instanceKlass com/sun/prism/shader/Solid_TextureRGB_Loader
instanceKlass com/sun/prism/MultiTexture
instanceKlass javafx/util/Pair
instanceKlass com/sun/prism/shader/DrawRoundRect_Color_Loader
instanceKlass com/sun/prism/shader/FillRoundRect_Color_Loader
instanceKlass com/sun/javafx/geom/transform/AffineBase$1
instanceKlass com/sun/scenario/effect/impl/prism/ps/PPSRenderer$2
instanceKlass com/sun/scenario/effect/impl/prism/ps/PPSRenderer$1
instanceKlass com/sun/scenario/effect/impl/hw/d3d/D3DShaderSource
instanceKlass com/sun/scenario/effect/impl/hw/ShaderSource
instanceKlass com/sun/scenario/effect/FloatMap
instanceKlass com/sun/scenario/effect/impl/EffectPeer
instanceKlass com/sun/prism/ResourceFactoryListener
instanceKlass com/sun/prism/d3d/D3DPipeline$1
instanceKlass com/sun/scenario/effect/impl/prism/PrTexture
instanceKlass com/sun/scenario/effect/impl/PoolFilterable
instanceKlass com/sun/scenario/effect/impl/RendererFactory
instanceKlass com/sun/scenario/effect/impl/Renderer
instanceKlass com/sun/javafx/sg/prism/NodeEffectInput$1
instanceKlass com/sun/scenario/effect/ImageData
instanceKlass com/sun/scenario/effect/impl/ImagePool
instanceKlass com/sun/scenario/effect/impl/prism/PrRenderInfo
instanceKlass com/sun/scenario/effect/ImageDataRenderer
instanceKlass com/sun/javafx/geom/transform/Affine2D$1
instanceKlass com/sun/scenario/effect/impl/prism/PrEffectHelper
instanceKlass com/sun/prism/d3d/D3DTexture$1
instanceKlass com/sun/prism/impl/ps/BaseShaderContext$1
instanceKlass com/sun/prism/d3d/D3DContext$1
instanceKlass com/sun/scenario/animation/AnimationPulse$PulseData
instanceKlass com/sun/scenario/animation/AnimationPulse$PulseData$Accessor
instanceKlass java/util/concurrent/ConcurrentLinkedQueue$Node
instanceKlass com/sun/scenario/animation/AnimationPulse$AnimationPulseHolder
instanceKlass com/sun/prism/shader/FillPgram_LinearGradient_PAD_Loader
instanceKlass com/sun/scenario/animation/AnimationPulse
instanceKlass com/sun/scenario/animation/AnimationPulseMBean
instanceKlass com/sun/prism/impl/BufferUtil
instanceKlass com/sun/prism/impl/ps/PaintHelper
instanceKlass com/sun/javafx/geom/transform/Affine3D$1
instanceKlass com/sun/prism/impl/BaseGraphicsResource
instanceKlass com/sun/prism/impl/Disposer$Target
instanceKlass com/sun/prism/impl/Disposer
instanceKlass com/sun/prism/impl/PrismTrace
instanceKlass com/sun/prism/d3d/D3DResource$D3DRecord
instanceKlass com/sun/prism/impl/Disposer$Record
instanceKlass com/sun/prism/impl/BaseTexture
instanceKlass com/sun/prism/d3d/D3DContextSource
instanceKlass com/sun/prism/ReadbackRenderTarget
instanceKlass com/sun/prism/d3d/D3DRenderTarget
instanceKlass java/util/EnumMap$EnumMapIterator
instanceKlass com/sun/javafx/scene/input/PickResultChooser
instanceKlass com/sun/prism/impl/BaseResourcePool$WeakLinkedList
instanceKlass com/sun/javafx/geom/PickRay
instanceKlass com/sun/javafx/scene/input/InputEventUtils
instanceKlass com/sun/prism/impl/ManagedResource
instanceKlass javafx/scene/input/PickResult
instanceKlass com/sun/prism/impl/BaseResourcePool$Predicate
instanceKlass javafx/scene/input/MouseEvent$Flags
instanceKlass com/sun/prism/impl/BaseResourcePool
instanceKlass com/sun/glass/ui/Size
instanceKlass com/sun/javafx/tk/quantum/CursorUtils$1
instanceKlass com/sun/javafx/tk/quantum/CursorUtils
instanceKlass com/sun/prism/paint/Stop
instanceKlass com/sun/prism/image/CompoundImage
instanceKlass com/sun/javafx/sg/prism/EffectFilter
instanceKlass com/sun/scenario/effect/GaussianShadow$1
instanceKlass com/sun/javafx/tk/Toolkit$1
instanceKlass com/sun/scenario/effect/impl/state/LinearConvolveRenderState
instanceKlass com/sun/scenario/effect/Color4f
instanceKlass com/sun/scenario/effect/impl/state/LinearConvolveKernel
instanceKlass com/sun/scenario/effect/impl/state/RenderState
instanceKlass javafx/scene/effect/Effect$2
instanceKlass javafx/scene/control/TextInputControl$TextInputControlFromatterAccessor
instanceKlass javafx/scene/control/TextFormatter$Change
instanceKlass javafx/animation/Animation$7
instanceKlass com/sun/javafx/scene/traversal/TabOrderHelper
instanceKlass com/sun/javafx/tk/quantum/PixelUtils
instanceKlass com/sun/javafx/image/impl/IntArgbPre$Accessor
instanceKlass com/sun/javafx/image/impl/IntArgbPre
instanceKlass com/sun/javafx/image/impl/IntArgb$Accessor
instanceKlass com/sun/javafx/image/IntPixelAccessor
instanceKlass com/sun/javafx/image/IntToBytePixelConverter
instanceKlass com/sun/javafx/image/IntPixelSetter
instanceKlass com/sun/javafx/image/IntPixelGetter
instanceKlass com/sun/javafx/image/impl/IntArgb
instanceKlass com/sun/javafx/image/impl/BaseByteToIntConverter
instanceKlass com/sun/javafx/image/ByteToIntPixelConverter
instanceKlass com/sun/javafx/iio/common/SmoothMinifier
instanceKlass com/sun/javafx/iio/common/PushbroomScaler
instanceKlass com/sun/javafx/iio/common/ScalerFactory
instanceKlass com/sun/javafx/binding/Logging
instanceKlass javafx/beans/binding/When$WhenListener
instanceKlass javafx/beans/binding/When$NumberConditionBuilder
instanceKlass com/sun/javafx/binding/DoubleConstant
instanceKlass javafx/beans/binding/When
instanceKlass javafx/animation/Interpolator
instanceKlass javafx/scene/layout/Region$12
instanceKlass com/sun/javafx/font/PrismFontFactory$TTFilter
instanceKlass jdk/internal/icu/util/VersionInfo
instanceKlass jdk/internal/icu/impl/UCharacterProperty$IsAcceptable
instanceKlass jdk/internal/icu/impl/UCharacterProperty$IntProperty
instanceKlass jdk/internal/icu/impl/UCharacterProperty
instanceKlass com/sun/javafx/scene/control/behavior/MnemonicInfo
instanceKlass com/sun/javafx/text/ScriptMapper
instanceKlass jdk/internal/icu/text/BidiLine
instanceKlass jdk/internal/icu/text/UTF16
instanceKlass jdk/internal/icu/impl/Trie2$UTrie2Header
instanceKlass jdk/internal/icu/impl/Trie2$1
instanceKlass jdk/internal/icu/impl/Trie2$ValueMapper
instanceKlass jdk/internal/icu/impl/Trie2
instanceKlass jdk/internal/icu/impl/UBiDiProps$IsAcceptable
instanceKlass jdk/internal/icu/impl/ICUBinary$Authenticate
instanceKlass jdk/internal/icu/impl/ICUBinary$1
instanceKlass jdk/internal/icu/impl/ICUBinary
instanceKlass jdk/internal/icu/impl/UBiDiProps
instanceKlass jdk/internal/icu/text/BidiBase$Point
instanceKlass jdk/internal/icu/text/BidiBase$InsertPoints
instanceKlass jdk/internal/icu/text/BidiRun
instanceKlass jdk/internal/icu/text/BidiBase$ImpTabPair
instanceKlass jdk/internal/icu/text/BidiBase
instanceKlass java/text/Bidi
instanceKlass javafx/scene/Parent$5
instanceKlass javafx/scene/control/skin/ProgressBarSkin$StyleableProperties
instanceKlass com/sun/javafx/font/directwrite/DWRITE_GLYPH_METRICS
instanceKlass com/sun/javafx/font/directwrite/DWRITE_GLYPH_RUN
instanceKlass com/sun/javafx/font/directwrite/RECT
instanceKlass com/sun/javafx/font/directwrite/D2D1_MATRIX_3X2_F
instanceKlass com/sun/javafx/font/directwrite/D2D1_COLOR_F
instanceKlass com/sun/javafx/font/directwrite/DWGlyph
instanceKlass com/sun/javafx/font/CMap
instanceKlass com/sun/javafx/font/Glyph
instanceKlass java/lang/FdLibm
instanceKlass java/lang/FdLibm$Hypot
instanceKlass com/sun/javafx/geom/Path2D$Iterator
instanceKlass com/sun/javafx/scene/shape/PathUtils
instanceKlass javafx/scene/control/skin/TextFieldSkin$8
instanceKlass javafx/scene/control/skin/TextInputControlSkin$StyleableProperties
instanceKlass javafx/scene/control/skin/TextInputControlSkin$6
instanceKlass javafx/scene/shape/LineTo$1
instanceKlass com/sun/javafx/scene/shape/LineToHelper$LineToAccessor
instanceKlass com/sun/javafx/util/WeakReferenceQueue$1
instanceKlass javafx/scene/shape/MoveTo$1
instanceKlass com/sun/javafx/scene/shape/PathElementHelper
instanceKlass javafx/scene/shape/PathElement$1
instanceKlass com/sun/javafx/scene/shape/MoveToHelper$MoveToAccessor
instanceKlass com/sun/javafx/scene/shape/PathElementHelper$PathElementAccessor
instanceKlass javafx/scene/text/Text$10
instanceKlass com/sun/javafx/text/TextLine
instanceKlass com/sun/javafx/font/PrismMetrics
instanceKlass com/sun/javafx/text/LayoutCache
instanceKlass com/sun/javafx/text/TextRun
instanceKlass javafx/scene/shape/Shape$StrokeAttributes
instanceKlass javafx/beans/binding/Bindings$ShortCircuitAndInvalidator
instanceKlass javafx/beans/property/StringPropertyBase$Listener
instanceKlass javafx/scene/shape/Rectangle$StyleableProperties
instanceKlass javafx/scene/Group$1
instanceKlass com/sun/javafx/scene/GroupHelper$GroupAccessor
instanceKlass javafx/stage/PopupWindow$3
instanceKlass com/sun/javafx/util/TempState
instanceKlass javafx/stage/PopupWindow$2
instanceKlass javafx/stage/PopupWindow$1
instanceKlass com/sun/javafx/stage/PopupWindowHelper$PopupWindowAccessor
instanceKlass com/sun/javafx/scene/control/behavior/TextInputControlBehavior$2
instanceKlass java/util/AbstractList$RandomAccessSpliterator
instanceKlass com/sun/javafx/scene/control/behavior/FocusTraversalInputMap
instanceKlass com/sun/javafx/scene/control/inputmap/KeyBinding$1
instanceKlass com/sun/javafx/scene/control/inputmap/KeyBinding
instanceKlass com/sun/javafx/scene/control/inputmap/InputMap$Mapping
instanceKlass com/sun/javafx/scene/control/inputmap/InputMap
instanceKlass com/sun/javafx/scene/control/skin/resources/ControlResources
instanceKlass javafx/scene/control/MenuItem
instanceKlass com/sun/javafx/geom/PathIterator
instanceKlass javafx/scene/shape/Rectangle$1
instanceKlass com/sun/javafx/scene/shape/RectangleHelper$RectangleAccessor
instanceKlass javafx/scene/shape/Path$1
instanceKlass com/sun/javafx/scene/shape/PathHelper$PathAccessor
instanceKlass javafx/animation/KeyValue
instanceKlass com/sun/scenario/animation/shared/InterpolationInterval
instanceKlass com/sun/scenario/animation/shared/ClipInterpolator
instanceKlass javafx/animation/KeyFrame
instanceKlass com/sun/scenario/animation/shared/TimelineClipCore
instanceKlass com/sun/scenario/animation/shared/ClipEnvelope
instanceKlass javafx/animation/Animation$1
instanceKlass javafx/util/Duration
instanceKlass com/sun/scenario/animation/shared/AnimationAccessor
instanceKlass javafx/animation/Animation
instanceKlass javafx/scene/control/skin/TextInputControlSkin$CaretBlinking
instanceKlass com/sun/javafx/scene/control/Properties
instanceKlass com/sun/javafx/scene/control/behavior/BehaviorBase
instanceKlass javafx/scene/control/SkinBase$StyleableProperties
instanceKlass com/sun/javafx/scene/control/Logging
instanceKlass javafx/beans/value/WeakChangeListener
instanceKlass com/sun/javafx/scene/control/LambdaMultiplePropertyChangeListenerHandler
instanceKlass javafx/beans/property/DoublePropertyBase$Listener
instanceKlass javafx/beans/property/BooleanPropertyBase$Listener
instanceKlass javafx/beans/property/ObjectPropertyBase$Listener
instanceKlass javafx/scene/text/Text$TextAttribute
instanceKlass com/sun/javafx/font/Disposer$1
instanceKlass com/sun/javafx/font/Disposer
instanceKlass com/sun/javafx/font/CompositeStrikeDisposer
instanceKlass com/sun/javafx/font/Metrics
instanceKlass com/sun/javafx/font/CompositeStrike
instanceKlass com/sun/javafx/font/FontStrikeDesc
instanceKlass javafx/scene/shape/Shape$StyleableProperties
instanceKlass javafx/scene/text/Text$StyleableProperties
instanceKlass com/sun/javafx/scene/control/ListenerHelper$EvHa
instanceKlass com/sun/javafx/scene/control/ListenerHelper$ChLi
instanceKlass com/sun/javafx/scene/control/ListenerHelper$InLi
instanceKlass javafx/collections/MapChangeListener
instanceKlass com/sun/javafx/scene/control/ListenerHelper
instanceKlass com/sun/javafx/scene/control/IDisconnectable
instanceKlass javafx/scene/control/SkinBase
instanceKlass javafx/scene/layout/BorderStroke
instanceKlass javafx/scene/layout/BorderStrokeStyle
instanceKlass javafx/scene/layout/BackgroundFill
instanceKlass com/sun/javafx/css/StyleCacheEntry
instanceKlass javafx/css/Style
instanceKlass javafx/css/Match
instanceKlass com/sun/javafx/css/CalculatedValue
instanceKlass com/sun/javafx/css/StyleCacheEntry$Key
instanceKlass com/sun/javafx/css/StyleCache
instanceKlass javafx/scene/layout/HBox$StyleableProperties
instanceKlass javafx/scene/layout/VBox$StyleableProperties
instanceKlass javafx/scene/layout/StackPane$StyleableProperties
instanceKlass javafx/scene/Node$22
instanceKlass com/sun/javafx/logging/PrintLogger$PulseData
instanceKlass com/sun/javafx/logging/Logger
instanceKlass com/sun/javafx/logging/PulseLogger
instanceKlass com/sun/javafx/geom/DirtyRegionContainer
instanceKlass com/sun/javafx/geom/DirtyRegionPool
instanceKlass com/sun/javafx/sg/prism/NodePath
instanceKlass javafx/scene/Scene$InputMethodRequestsDelegate
instanceKlass com/sun/javafx/scene/input/ExtendedInputMethodRequests
instanceKlass javafx/scene/Scene$DropTargetListener
instanceKlass com/sun/scenario/effect/impl/state/AccessHelper
instanceKlass com/sun/scenario/effect/impl/state/AccessHelper$StateAccessor
instanceKlass com/sun/javafx/geom/Rectangle
instanceKlass com/sun/javafx/geom/Point2D
instanceKlass com/sun/prism/paint/Paint
instanceKlass javafx/scene/Scene$ScenePeerPaintListener
instanceKlass javafx/scene/Scene$ScenePeerListener
instanceKlass com/sun/javafx/tk/quantum/SwipeGestureRecognizer$CenterComputer
instanceKlass com/sun/javafx/tk/quantum/SwipeGestureRecognizer$MultiTouchTracker
instanceKlass com/sun/javafx/tk/quantum/SwipeGestureRecognizer
instanceKlass com/sun/javafx/tk/quantum/GestureRecognizers
instanceKlass com/sun/javafx/tk/quantum/GlassSceneDnDEventHandler
instanceKlass com/sun/javafx/tk/quantum/GlassViewEventHandler$ViewEventNotification
instanceKlass com/sun/javafx/tk/quantum/GlassViewEventHandler$MouseEventNotification
instanceKlass com/sun/javafx/tk/quantum/GlassViewEventHandler$KeyEventNotification
instanceKlass com/sun/javafx/tk/quantum/GestureRecognizer
instanceKlass com/sun/javafx/tk/quantum/GlassTouchEventListener
instanceKlass com/sun/prism/PresentableState
instanceKlass com/sun/javafx/tk/quantum/ViewPainter
instanceKlass com/sun/glass/ui/View$EventHandler
instanceKlass com/sun/glass/ui/ClipboardAssistance
instanceKlass javafx/application/Platform
instanceKlass java/lang/StrictMath
instanceKlass com/sun/glass/ui/TouchInputSupport$TouchCountListener
instanceKlass com/sun/glass/ui/TouchInputSupport
instanceKlass com/sun/glass/ui/GestureSupport$GestureState
instanceKlass com/sun/glass/ui/GestureSupport
instanceKlass com/sun/glass/ui/win/WinGestureSupport
instanceKlass com/sun/javafx/tk/quantum/WindowStage$1
instanceKlass javafx/scene/input/KeyCombination$Modifier
instanceKlass com/sun/glass/ui/Window$EventHandler
instanceKlass com/sun/javafx/tk/quantum/GlassStage
instanceKlass com/sun/javafx/event/EventUtil
instanceKlass com/sun/javafx/util/WeakReferenceQueue
instanceKlass com/sun/javafx/scene/transform/TransformUtils
instanceKlass javafx/scene/Node$NodeTransformation
instanceKlass javafx/scene/ParallelCamera$1
instanceKlass javafx/scene/Camera$1
instanceKlass com/sun/javafx/scene/ParallelCameraHelper$ParallelCameraAccessor
instanceKlass com/sun/javafx/scene/CameraHelper$CameraAccessor
instanceKlass javafx/scene/paint/Color$NamedColors
instanceKlass javafx/scene/control/TextInputControl$StyleableProperties
instanceKlass javafx/scene/control/TextField$StyleableProperties
instanceKlass javafx/css/CssParser$Term
instanceKlass com/sun/javafx/logging/PlatformLogger$1
instanceKlass com/sun/javafx/css/parser/Token
instanceKlass com/sun/javafx/css/parser/Recognizer
instanceKlass com/sun/javafx/css/parser/LexerState
instanceKlass javafx/css/CssLexer
instanceKlass javafx/css/FontFace
instanceKlass javafx/css/CssParser$ParseError
instanceKlass javafx/css/CssParser
instanceKlass javafx/scene/layout/BorderWidths
instanceKlass com/sun/javafx/scene/layout/region/BorderImageSlices
instanceKlass javafx/scene/layout/Border
instanceKlass javafx/scene/layout/BackgroundSize
instanceKlass javafx/scene/layout/BackgroundPosition
instanceKlass com/sun/javafx/scene/layout/region/RepeatStruct
instanceKlass javafx/scene/layout/CornerRadii
instanceKlass javafx/scene/layout/Background
instanceKlass javafx/scene/layout/Region$StyleableProperties
instanceKlass javafx/scene/control/Control$StyleableProperties
instanceKlass javafx/scene/control/Labeled$StyleableProperties
instanceKlass com/sun/javafx/css/StyleCache$Key
instanceKlass javafx/scene/CssStyleHelper$CacheContainer
instanceKlass com/sun/javafx/css/StyleManager$Cache$Key
instanceKlass javafx/css/converter/CursorConverter$Holder
instanceKlass javafx/scene/Node$StyleableProperties
instanceKlass javafx/scene/image/ImageView$StyleableProperties
instanceKlass com/sun/javafx/css/CascadingStyle
instanceKlass com/sun/javafx/css/StyleMap
instanceKlass com/sun/javafx/css/StyleManager$Cache
instanceKlass com/sun/javafx/css/StyleManager$Key
instanceKlass com/sun/javafx/css/StyleManager$CacheContainer
instanceKlass javafx/css/converter/FontConverter$FontStyleConverter$Holder
instanceKlass javafx/css/converter/FontConverter$Holder
instanceKlass javafx/scene/CssStyleHelper
instanceKlass javafx/scene/Scene$ClickCounter
instanceKlass javafx/scene/Scene$ClickGenerator
instanceKlass javafx/scene/Scene$MouseHandler$1
instanceKlass com/sun/javafx/event/EventQueue
instanceKlass javafx/scene/Scene$MouseHandler
instanceKlass com/sun/javafx/scene/traversal/TraversalEngine$BaseEngineContext
instanceKlass com/sun/javafx/scene/traversal/ContainerTabOrder
instanceKlass com/sun/javafx/scene/traversal/Algorithm
instanceKlass com/sun/javafx/scene/traversal/TraversalContext
instanceKlass javafx/scene/Scene$TouchMap
instanceKlass javafx/scene/Scene$TouchGesture
instanceKlass javafx/scene/Scene$TargetWrapper
instanceKlass javafx/scene/Scene$ScenePulseListener
instanceKlass javafx/scene/SceneAntialiasing
instanceKlass com/sun/javafx/scene/SceneHelper
instanceKlass javafx/scene/Scene$2
instanceKlass javafx/scene/input/InputMethodRequests
instanceKlass com/sun/javafx/tk/TKDropTargetListener
instanceKlass com/sun/javafx/tk/TKScenePaintListener
instanceKlass com/sun/javafx/tk/TKSceneListener
instanceKlass com/sun/javafx/scene/SceneHelper$SceneAccessor
instanceKlass com/sun/javafx/perf/PerformanceTracker$SceneAccessor
instanceKlass com/sun/javafx/scene/traversal/TraversalEngine
instanceKlass com/sun/javafx/scene/EventHandlerProperties
instanceKlass com/sun/javafx/cursor/CursorFrame
instanceKlass javafx/scene/Cursor
instanceKlass javafx/beans/value/WritableLongValue
instanceKlass javafx/beans/value/WritableFloatValue
instanceKlass com/sun/javafx/binding/BidirectionalBinding
instanceKlass javafx/beans/value/ObservableFloatValue
instanceKlass javafx/beans/value/ObservableLongValue
instanceKlass javafx/beans/binding/Bindings
instanceKlass com/sun/javafx/collections/VetoableListDecorator$ModCountAccessorImpl
instanceKlass com/sun/javafx/collections/VetoableListDecorator$VetoableIteratorDecorator
instanceKlass javafx/beans/property/IntegerPropertyBase$Listener
instanceKlass com/sun/javafx/binding/BindingHelperObserver
instanceKlass javafx/scene/control/TextInputControl$UndoRedoChange
instanceKlass javafx/scene/control/IndexRange
instanceKlass javafx/scene/control/TextInputControl$ContentBase
instanceKlass javafx/scene/control/TextInputControl$Content
instanceKlass com/sun/javafx/scene/control/FormatterAccessor
instanceKlass javafx/scene/paint/Stop
instanceKlass javafx/css/CssMetaData
instanceKlass com/sun/javafx/font/PrismFont
instanceKlass com/sun/javafx/font/FallbackResource
instanceKlass com/sun/javafx/font/PrismCompositeFontResource
instanceKlass java/io/RandomAccessFile$1
instanceKlass com/sun/javafx/font/PrismFontFile$DirectoryEntry
instanceKlass com/sun/javafx/font/FontFileReader$Buffer
instanceKlass com/sun/javafx/font/FontFileReader
instanceKlass com/sun/javafx/font/PrismFontStrike
instanceKlass com/sun/javafx/font/DisposerRecord
instanceKlass com/sun/javafx/font/WindowsFontMap$FamilyDescription
instanceKlass com/sun/javafx/font/WindowsFontMap
instanceKlass com/sun/javafx/font/CharToGlyphMapper
instanceKlass com/sun/javafx/font/FontStrike
instanceKlass com/sun/javafx/font/LogicalFont
instanceKlass com/sun/javafx/font/CompositeFontResource
instanceKlass com/sun/javafx/font/directwrite/IUnknown
instanceKlass com/sun/javafx/font/directwrite/OS
instanceKlass com/sun/javafx/font/FontFallbackInfo
instanceKlass com/sun/javafx/text/GlyphLayout
instanceKlass com/sun/javafx/font/PrismFontFile
instanceKlass com/sun/javafx/font/FontConstants
instanceKlass com/sun/javafx/scene/text/FontHelper
instanceKlass javafx/scene/text/Font$1
instanceKlass com/sun/javafx/scene/text/FontHelper$FontAccessor
instanceKlass javafx/beans/value/ChangeListener
instanceKlass javafx/event/WeakEventHandler
instanceKlass com/sun/javafx/event/CompositeEventHandler$EventProcessorRecord
instanceKlass com/sun/javafx/event/CompositeEventHandler
instanceKlass javafx/event/EventType
instanceKlass javafx/event/EventHandler
instanceKlass java/util/WeakHashMap$HashIterator
instanceKlass com/sun/javafx/css/StyleManager$RefList
instanceKlass javafx/css/converter/FontConverter$FontWeightConverter$Holder
instanceKlass javafx/css/converter/StringConverter$Holder
instanceKlass javafx/css/converter/FontConverter$FontSizeConverter$Holder
instanceKlass javafx/css/converter/EffectConverter$Holder
instanceKlass com/sun/javafx/scene/layout/region/Margins
instanceKlass com/sun/javafx/scene/layout/region/Margins$Holder
instanceKlass javafx/css/converter/BooleanConverter$Holder
instanceKlass javafx/css/converter/SizeConverter$Holder
instanceKlass javafx/css/converter/InsetsConverter$Holder
instanceKlass com/sun/javafx/css/SelectorPartitioning$Slot
instanceKlass com/sun/javafx/css/BitSet$1
instanceKlass com/sun/javafx/css/SelectorPartitioning$Partition
instanceKlass javafx/css/converter/PaintConverter$Holder
instanceKlass javafx/css/converter/StopConverter$Holder
instanceKlass javafx/css/converter/LadderConverter$Holder
instanceKlass javafx/css/converter/DeriveColorConverter$Holder
instanceKlass javafx/css/converter/URLConverter$Holder
instanceKlass javafx/css/StyleConverter
instanceKlass javafx/css/Size
instanceKlass javafx/css/ParsedValue
instanceKlass javafx/css/Declaration
instanceKlass javafx/css/Rule$Observables
instanceKlass com/sun/javafx/css/SelectorPartitioning$PartitionKey
instanceKlass com/sun/javafx/css/SelectorPartitioning
instanceKlass com/sun/javafx/css/StyleManager$StylesheetContainer
instanceKlass java/util/AbstractList$SubList$1
instanceKlass javafx/collections/ModifiableObservableListBase$SubObservableList
instanceKlass javafx/css/StyleClass
instanceKlass javafx/css/Selector
instanceKlass javafx/css/Rule
instanceKlass javafx/css/StyleConverter$StringStore
instanceKlass javafx/css/Stylesheet
instanceKlass javafx/geometry/Point2D
instanceKlass java/io/FilenameFilter
instanceKlass com/sun/javafx/font/FontResource
instanceKlass com/sun/javafx/font/PGFont
instanceKlass com/sun/javafx/font/PrismFontFactory
instanceKlass com/sun/javafx/scene/text/TextLine
instanceKlass java/text/CharacterIterator
instanceKlass com/sun/javafx/scene/text/GlyphList
instanceKlass com/sun/javafx/text/PrismTextLayout
instanceKlass com/sun/javafx/scene/text/TextLayout
instanceKlass com/sun/javafx/text/PrismTextLayoutFactory
instanceKlass javafx/scene/text/Text$1
instanceKlass javafx/scene/shape/Shape$1
instanceKlass com/sun/javafx/scene/text/TextSpan
instanceKlass com/sun/javafx/scene/shape/TextHelper$TextAccessor
instanceKlass com/sun/javafx/scene/shape/ShapeHelper$ShapeAccessor
instanceKlass com/sun/javafx/scene/control/skin/Utils
instanceKlass com/sun/javafx/css/StyleManager$ImageCache
instanceKlass com/sun/javafx/css/StyleManager$InstanceHolder
instanceKlass com/sun/javafx/css/StyleManager
instanceKlass java/util/ResourceBundle$Control$2
instanceKlass java/util/ImmutableCollections$Access$1
instanceKlass jdk/internal/access/JavaUtilCollectionAccess
instanceKlass java/util/ImmutableCollections$Access
instanceKlass java/util/spi/ResourceBundleControlProvider
instanceKlass java/util/ResourceBundle$ResourceBundleControlProviderHolder
instanceKlass com/sun/javafx/tk/quantum/QuantumToolkit$6
instanceKlass com/sun/javafx/application/PlatformImpl$2
instanceKlass javafx/scene/control/Control$1
instanceKlass javafx/scene/control/Skin
instanceKlass com/sun/javafx/scene/control/ControlHelper$ControlAccessor
instanceKlass javafx/scene/control/Skinnable
instanceKlass javafx/scene/Scene
instanceKlass javafx/scene/text/Font
instanceKlass com/sun/prism/Image$Serial
instanceKlass com/sun/javafx/image/impl/ByteRgba$Accessor
instanceKlass com/sun/javafx/image/impl/ByteRgba
instanceKlass com/sun/javafx/image/impl/ByteBgraPre$Accessor
instanceKlass com/sun/javafx/image/impl/ByteBgraPre
instanceKlass com/sun/javafx/image/impl/BaseByteToByteConverter
instanceKlass com/sun/javafx/image/ByteToBytePixelConverter
instanceKlass com/sun/javafx/image/PixelConverter
instanceKlass com/sun/javafx/image/impl/ByteBgra$Accessor
instanceKlass com/sun/javafx/image/BytePixelAccessor
instanceKlass com/sun/javafx/image/BytePixelSetter
instanceKlass com/sun/javafx/image/PixelSetter
instanceKlass com/sun/javafx/image/BytePixelGetter
instanceKlass com/sun/javafx/image/impl/ByteBgra
instanceKlass com/sun/prism/Image$1
instanceKlass javafx/scene/image/PixelFormat
instanceKlass com/sun/javafx/image/PixelGetter
instanceKlass com/sun/prism/Image$Accessor
instanceKlass com/sun/prism/Image
instanceKlass com/sun/javafx/iio/ImageFrame
instanceKlass com/sun/javafx/iio/ImageMetadata
instanceKlass com/sun/javafx/iio/common/ImageLoaderImpl
instanceKlass java/util/Vector$1
instanceKlass com/sun/javafx/iio/common/ImageTools
instanceKlass com/sun/javafx/iio/ImageFormatDescription$Signature
instanceKlass com/sun/javafx/iio/common/ImageDescriptor
instanceKlass com/sun/javafx/iio/bmp/BMPImageLoaderFactory
instanceKlass com/sun/javafx/iio/png/PNGImageLoaderFactory
instanceKlass com/sun/javafx/iio/jpeg/JPEGImageLoaderFactory
instanceKlass com/sun/javafx/iio/ImageLoader
instanceKlass com/sun/javafx/iio/ImageFormatDescription
instanceKlass com/sun/javafx/iio/gif/GIFImageLoaderFactory
instanceKlass com/sun/javafx/iio/ImageLoaderFactory
instanceKlass com/sun/javafx/iio/ImageStorage$InstanceHolder
instanceKlass com/sun/javafx/iio/ImageStorage
instanceKlass com/sun/javafx/tk/quantum/PrismImageLoader2$PrismLoadListener
instanceKlass com/sun/javafx/iio/ImageLoadListener
instanceKlass com/sun/javafx/tk/quantum/PrismImageLoader2
instanceKlass sun/net/DefaultProgressMeteringPolicy
instanceKlass sun/net/ProgressMeteringPolicy
instanceKlass sun/net/ProgressMonitor
instanceKlass javafx/scene/image/ImageView$1
instanceKlass com/sun/javafx/scene/ImageViewHelper$ImageViewAccessor
instanceKlass javafx/beans/WeakInvalidationListener
instanceKlass com/sun/javafx/beans/event/AbstractNotifyListener
instanceKlass javafx/scene/Node$MiscProperties
instanceKlass javafx/scene/paint/Paint$1
instanceKlass com/sun/javafx/tk/Toolkit$PaintAccessor
instanceKlass com/sun/scenario/effect/EffectHelper
instanceKlass javafx/scene/effect/Effect$1
instanceKlass com/sun/scenario/effect/Effect
instanceKlass com/sun/scenario/effect/EffectHelper$EffectAccessor
instanceKlass javafx/beans/value/ObservableIntegerValue
instanceKlass javafx/beans/value/WritableIntegerValue
instanceKlass com/sun/javafx/scene/layout/ScaledMath
instanceKlass javafx/collections/SetChangeListener
instanceKlass javafx/geometry/Insets
instanceKlass javafx/scene/layout/Pane$1
instanceKlass com/sun/javafx/geom/Vec2d
instanceKlass javafx/scene/layout/Region$1
instanceKlass javafx/scene/Parent$1
instanceKlass javafx/scene/PropertyHelper
instanceKlass com/sun/javafx/scene/BoundsAccessor
instanceKlass javafx/collections/SetChangeListener$Change
instanceKlass javafx/css/PseudoClass
instanceKlass javafx/geometry/Point3D
instanceKlass com/sun/javafx/scene/transform/TransformHelper
instanceKlass javafx/scene/transform/Transform$1
instanceKlass com/sun/javafx/scene/transform/TransformHelper$TransformAccessor
instanceKlass javafx/scene/transform/Transform
instanceKlass com/sun/javafx/scene/NodeHelper
instanceKlass javafx/scene/Node$1
instanceKlass com/sun/javafx/scene/layout/PaneHelper$PaneAccessor
instanceKlass com/sun/javafx/scene/layout/RegionHelper$RegionAccessor
instanceKlass com/sun/javafx/sg/prism/NGNode
instanceKlass com/sun/javafx/scene/ParentHelper$ParentAccessor
instanceKlass com/sun/glass/ui/Accessible$EventHandler
instanceKlass javafx/css/StyleableProperty
instanceKlass com/sun/javafx/scene/NodeHelper$NodeAccessor
instanceKlass javafx/scene/effect/Effect
instanceKlass iuh/fit/presentation/controller/LoginController
instanceKlass iuh/fit/core/service/impl/ChiTietHoaDonServiceImpl
instanceKlass iuh/fit/core/service/impl/HoaDonServiceImpl
instanceKlass iuh/fit/core/service/impl/DichVuServiceImpl
instanceKlass iuh/fit/core/service/impl/AuthenticationServiceImpl
instanceKlass iuh/fit/core/service/impl/PhieuDatPhongServiceImpl
instanceKlass iuh/fit/core/service/impl/PhongServiceImpl
instanceKlass iuh/fit/core/service/impl/NhanVienServiceImpl
instanceKlass iuh/fit/core/service/impl/KhachHangServiceImpl
instanceKlass iuh/fit/infrastructure/persistence/KhuyenMaiRepositoryImpl
instanceKlass iuh/fit/infrastructure/persistence/ChiTietPhieuDatPhongRepositoryImpl
instanceKlass iuh/fit/infrastructure/persistence/ChiTietHoaDonRepositoryImpl
instanceKlass iuh/fit/infrastructure/persistence/HoaDonRepositoryImpl
instanceKlass iuh/fit/infrastructure/persistence/DichVuRepositoryImpl
instanceKlass iuh/fit/infrastructure/persistence/TaiKhoanRepositoryImpl
instanceKlass iuh/fit/infrastructure/persistence/PhieuDatPhongRepositoryImpl
instanceKlass iuh/fit/infrastructure/persistence/PhongRepositoryImpl
instanceKlass iuh/fit/infrastructure/persistence/NhanVienRepositoryImpl
instanceKlass iuh/fit/infrastructure/persistence/KhachHangRepositoryImpl
instanceKlass com/sun/javafx/collections/VetoableListDecorator$ModCountAccessor
instanceKlass com/sun/javafx/collections/VetoableListDecorator
instanceKlass com/sun/javafx/event/EventDispatchChainImpl
instanceKlass javafx/event/EventDispatchChain
instanceKlass com/sun/javafx/event/BasicEventDispatcher
instanceKlass javafx/event/EventDispatcher
instanceKlass javafx/beans/binding/NumberBinding
instanceKlass javafx/stage/Window$TKBoundsConfigurator
instanceKlass com/sun/javafx/tk/TKPulseListener
instanceKlass javafx/stage/Stage$2
instanceKlass javafx/stage/Stage$1
instanceKlass com/sun/javafx/stage/WindowHelper
instanceKlass javafx/stage/Window$1
instanceKlass com/sun/javafx/stage/WindowPeerListener
instanceKlass com/sun/javafx/tk/TKStageListener
instanceKlass javafx/beans/binding/StringExpression
instanceKlass javafx/beans/value/ObservableStringValue
instanceKlass javafx/beans/value/WritableStringValue
instanceKlass com/sun/javafx/stage/StagePeerListener$StageAccessor
instanceKlass com/sun/javafx/stage/StageHelper$StageAccessor
instanceKlass javafx/scene/Node
instanceKlass javafx/css/Styleable
instanceKlass com/sun/javafx/stage/WindowHelper$WindowAccessor
instanceKlass javafx/beans/value/WritableDoubleValue
instanceKlass javafx/beans/value/WritableNumberValue
instanceKlass javafx/stage/Window
instanceKlass javafx/event/EventTarget
instanceKlass com/sun/scenario/animation/AbstractPrimaryTimer$MainLoop
instanceKlass com/sun/scenario/DelayedRunnable
instanceKlass com/sun/glass/ui/InvokeLaterDispatcher$Future
instanceKlass com/sun/scenario/animation/shared/TimerReceiver
instanceKlass com/sun/scenario/animation/shared/PulseReceiver
instanceKlass java/util/concurrent/LinkedBlockingDeque$Node
instanceKlass com/sun/javafx/animation/TickCalculation
instanceKlass com/sun/scenario/Settings
instanceKlass com/sun/javafx/application/LauncherImpl$1
instanceKlass javafx/collections/ListChangeBuilder$SubChange
instanceKlass javafx/collections/ListChangeBuilder
instanceKlass javafx/geometry/Rectangle2D
instanceKlass com/sun/javafx/tk/TKScreenConfigurationListener
instanceKlass com/sun/javafx/binding/ExpressionHelperBase
instanceKlass javafx/collections/WeakListChangeListener
instanceKlass javafx/beans/WeakListener
instanceKlass javafx/collections/ListChangeListener
instanceKlass javafx/collections/ListChangeListener$Change
instanceKlass javafx/util/Callback
instanceKlass com/sun/javafx/collections/SortableList
instanceKlass javafx/collections/FXCollections$EmptyObservableSet$1
instanceKlass javafx/collections/FXCollections$EmptyObservableList$1
instanceKlass javafx/collections/ObservableFloatArray
instanceKlass javafx/collections/ObservableIntegerArray
instanceKlass javafx/collections/ObservableArray
instanceKlass javafx/collections/ObservableSet
instanceKlass javafx/collections/ObservableMap
instanceKlass javafx/collections/ObservableList
instanceKlass javafx/collections/FXCollections
instanceKlass javafx/stage/Screen
instanceKlass com/sun/prism/impl/ps/BaseShaderContext$State
instanceKlass com/sun/javafx/geom/Vec3d
instanceKlass com/sun/prism/impl/VertexBuffer
instanceKlass com/sun/javafx/geom/BaseBounds
instanceKlass com/sun/javafx/geom/transform/GeneralTransform3D
instanceKlass com/sun/javafx/geom/transform/BaseTransform
instanceKlass com/sun/javafx/geom/transform/CanTransformVec3d
instanceKlass com/sun/prism/MaskTextureGraphics
instanceKlass com/sun/prism/ReadbackGraphics
instanceKlass com/sun/prism/ps/ShaderGraphics
instanceKlass com/sun/prism/impl/BaseGraphics
instanceKlass com/sun/prism/RectShadowGraphics
instanceKlass com/sun/prism/Graphics
instanceKlass javax/management/openmbean/CompositeDataSupport
instanceKlass com/sun/prism/impl/BaseContext
instanceKlass com/sun/prism/ps/Shader
instanceKlass com/sun/prism/PhongMaterial
instanceKlass com/sun/prism/Material
instanceKlass com/sun/prism/impl/TextureResourcePool
instanceKlass com/sun/prism/impl/ResourcePool
instanceKlass com/sun/prism/Mesh
instanceKlass com/sun/prism/MeshView
instanceKlass com/sun/prism/Presentable
instanceKlass com/sun/prism/RTTexture
instanceKlass com/sun/prism/RenderTarget
instanceKlass com/sun/prism/Surface
instanceKlass com/sun/prism/Texture
instanceKlass com/sun/prism/shape/ShapeRep
instanceKlass java/util/concurrent/BlockingDeque
instanceKlass java/lang/ProcessEnvironment$CheckedEntry
instanceKlass java/lang/ProcessEnvironment$CheckedEntrySet$1
instanceKlass java/lang/ProcessEnvironment$EntryComparator
instanceKlass java/lang/ProcessEnvironment$NameComparator
instanceKlass com/sun/glass/ui/win/WinApplication$1
instanceKlass com/sun/glass/ui/Timer
instanceKlass com/sun/glass/ui/Accessible
instanceKlass com/sun/glass/ui/GlassRobot
instanceKlass com/sun/glass/ui/Window
instanceKlass com/sun/glass/ui/Pixels
instanceKlass com/sun/glass/ui/Cursor
instanceKlass com/sun/glass/ui/View
instanceKlass com/sun/glass/ui/delegate/MenuItemDelegate
instanceKlass com/sun/glass/ui/delegate/MenuBarDelegate
instanceKlass com/sun/glass/ui/delegate/ClipboardDelegate
instanceKlass com/sun/glass/ui/delegate/MenuDelegate
instanceKlass com/sun/glass/ui/InvokeLaterDispatcher$InvokeLaterSubmitter
instanceKlass com/sun/glass/ui/Platform
instanceKlass com/sun/glass/ui/PlatformFactory
instanceKlass java/lang/invoke/MethodHandle$1
instanceKlass com/sun/javafx/tk/quantum/GlassScene
instanceKlass com/sun/javafx/tk/TKScene
instanceKlass com/sun/javafx/tk/quantum/PaintCollector
instanceKlass java/util/concurrent/ForkJoinPool$WorkQueue
instanceKlass com/sun/javafx/tk/CompletionListener
instanceKlass java/util/concurrent/ForkJoinPool$DefaultCommonPoolForkJoinWorkerThreadFactory
instanceKlass java/util/concurrent/ForkJoinPool$1
instanceKlass java/util/concurrent/ForkJoinPool$DefaultForkJoinWorkerThreadFactory
instanceKlass java/util/concurrent/ForkJoinPool$ForkJoinWorkerThreadFactory
instanceKlass com/sun/glass/ui/View$Capability
instanceKlass com/sun/glass/ui/Screen
instanceKlass com/sun/prism/impl/BaseResourceFactory
instanceKlass com/sun/prism/ps/ShaderFactory
instanceKlass com/sun/prism/ResourceFactory
instanceKlass com/sun/prism/GraphicsResource
instanceKlass com/sun/javafx/font/FontFactory
instanceKlass com/sun/prism/GraphicsPipeline
instanceKlass com/sun/javafx/tk/quantum/QuantumRenderer$PipelineRunnable
instanceKlass com/sun/javafx/tk/quantum/QuantumRenderer$QuantumThreadFactory
instanceKlass java/util/concurrent/Executors$DefaultThreadFactory
instanceKlass java/util/concurrent/LinkedBlockingQueue$Node
instanceKlass java/util/concurrent/atomic/AtomicReference
instanceKlass com/sun/glass/ui/MenuItem$Callback
instanceKlass javafx/scene/input/KeyCombination
instanceKlass com/sun/glass/ui/Menu$EventHandler
instanceKlass com/sun/javafx/menu/MenuItemBase
instanceKlass com/sun/javafx/tk/quantum/GlassSystemMenu
instanceKlass com/sun/prism/impl/PrismSettings
instanceKlass com/sun/javafx/tk/quantum/PerformanceTrackerHelper$1
instanceKlass com/sun/javafx/tk/quantum/PerformanceTrackerHelper
instanceKlass com/sun/javafx/tk/quantum/QuantumToolkit$PulseTask
instanceKlass com/sun/javafx/geom/PathConsumer2D
instanceKlass com/sun/javafx/geom/Shape
instanceKlass com/sun/prism/BasicStroke
instanceKlass com/sun/javafx/tk/quantum/QuantumToolkit$3
instanceKlass com/sun/glass/ui/Application$EventHandler
instanceKlass com/sun/javafx/tk/ScreenConfigurationAccessor
instanceKlass com/sun/javafx/tk/TKSystemMenu
instanceKlass com/sun/scenario/effect/FilterContext
instanceKlass com/sun/javafx/tk/FontLoader
instanceKlass com/sun/javafx/runtime/async/AbstractAsyncOperation
instanceKlass com/sun/javafx/runtime/async/AsyncOperation
instanceKlass com/sun/scenario/animation/AbstractPrimaryTimer
instanceKlass com/sun/scenario/effect/Filterable
instanceKlass com/sun/scenario/effect/LockableResource
instanceKlass com/sun/javafx/tk/ImageLoader
instanceKlass javafx/scene/shape/PathElement
instanceKlass com/sun/javafx/tk/TKStage
instanceKlass com/sun/glass/ui/Screen$EventHandler
instanceKlass com/sun/javafx/tk/PlatformImage
instanceKlass com/sun/javafx/scene/text/TextLayoutFactory
instanceKlass com/sun/javafx/perf/PerformanceTracker
instanceKlass sun/reflect/misc/Trampoline
instanceKlass sun/reflect/misc/MethodUtil$1
instanceKlass javax/management/remote/rmi/RMIConnectionImpl$PrivilegedOperation
instanceKlass java/util/stream/IntStream
instanceKlass sun/rmi/transport/DGCAckHandler$1
instanceKlass sun/rmi/transport/DGCAckHandler
instanceKlass javax/management/remote/NotificationResult
instanceKlass javax/security/auth/Subject
instanceKlass java/rmi/MarshalledObject
instanceKlass com/sun/jmx/remote/internal/ServerCommunicatorAdmin$Timeout
instanceKlass com/sun/jmx/remote/internal/ServerCommunicatorAdmin
instanceKlass javax/management/remote/rmi/RMIConnectionImpl$3
instanceKlass javax/management/remote/rmi/RMIConnectionImpl$2
instanceKlass javax/management/remote/rmi/RMIConnectionImpl$1
instanceKlass com/sun/jmx/remote/security/SubjectDelegator
instanceKlass javax/management/remote/rmi/RMIConnectionImpl
instanceKlass java/rmi/server/Unreferenced
instanceKlass java/io/ObjectStreamClass$5
instanceKlass java/io/ObjectStreamClass$4
instanceKlass java/io/ObjectStreamClass$3
instanceKlass java/io/ObjectStreamClass$MemberSignature
instanceKlass java/io/ObjectStreamClass$1
instanceKlass java/util/concurrent/TimeUnit$1
instanceKlass sun/rmi/server/MarshalOutputStream$1
instanceKlass sun/rmi/transport/SequenceEntry
instanceKlass java/util/concurrent/Executors$RunnableAdapter
instanceKlass java/util/concurrent/Executors
instanceKlass java/util/concurrent/FutureTask$WaitNode
instanceKlass java/util/concurrent/FutureTask
instanceKlass sun/rmi/transport/DGCImpl$1
instanceKlass sun/rmi/transport/DGCImpl$LeaseInfo
instanceKlass java/rmi/dgc/VMID
instanceKlass java/rmi/dgc/Lease
instanceKlass java/io/ObjectInputStream$GetField
instanceKlass java/io/ObjectStreamClass$ExceptionInfo
instanceKlass java/io/ObjectInputStream$Logging
instanceKlass java/io/ObjectInputStream$FilterValues
instanceKlass sun/rmi/server/LoaderHandler
instanceKlass java/rmi/server/RMIClassLoader$1
instanceKlass java/rmi/server/RMIClassLoaderSpi
instanceKlass java/rmi/server/RMIClassLoader
instanceKlass sun/rmi/transport/Transport$1
instanceKlass java/io/ObjectInputStream$ValidationList
instanceKlass java/io/ObjectInputStream$HandleTable$HandleList
instanceKlass java/io/ObjectInputStream$HandleTable
instanceKlass java/rmi/registry/Registry
instanceKlass jdk/internal/access/JavaObjectInputStreamReadString
instanceKlass jdk/internal/access/JavaObjectInputStreamAccess
instanceKlass sun/rmi/transport/StreamRemoteCall
instanceKlass java/rmi/server/RemoteCall
instanceKlass sun/rmi/transport/tcp/TCPConnection
instanceKlass sun/rmi/transport/Connection
instanceKlass sun/rmi/transport/tcp/TCPChannel
instanceKlass sun/rmi/transport/Channel
instanceKlass sun/nio/ch/ExtendedSocketOption$1
instanceKlass sun/nio/ch/ExtendedSocketOption
instanceKlass sun/nio/ch/OptionKey
instanceKlass sun/nio/ch/SocketOptionRegistry$LazyInitialization
instanceKlass sun/nio/ch/SocketOptionRegistry$RegistryKey
instanceKlass sun/nio/ch/SocketOptionRegistry
instanceKlass java/net/StandardSocketOptions$StdSocketOption
instanceKlass java/net/StandardSocketOptions
instanceKlass sun/rmi/transport/tcp/TCPTransport$ConnectionHandler
instanceKlass sun/nio/ch/IOStatus
instanceKlass sun/util/cldr/CLDRBaseLocaleDataMetaInfo$TZCanonicalIDMapHolder
instanceKlass sun/util/locale/provider/LocaleResources
instanceKlass sun/util/resources/provider/NonBaseLocaleDataMetaInfo
instanceKlass sun/util/locale/provider/BaseLocaleDataMetaInfo
instanceKlass sun/util/locale/provider/TimeZoneNameUtility$TimeZoneNameGetter
instanceKlass sun/util/locale/provider/LocaleServiceProviderPool$LocalizedObjectGetter
instanceKlass sun/util/locale/provider/LocaleServiceProviderPool
instanceKlass sun/util/locale/provider/TimeZoneNameUtility
instanceKlass sun/util/calendar/CalendarUtils
instanceKlass sun/util/calendar/CalendarDate
instanceKlass sun/nio/cs/Surrogate
instanceKlass sun/nio/cs/Surrogate$Parser
instanceKlass sun/management/counter/Units
instanceKlass jdk/internal/agent/ConnectorAddressLink
instanceKlass java/io/SerialCallbackContext
instanceKlass java/io/ObjectStreamClass$ClassDataSlot
instanceKlass java/io/ObjectStreamClass$FieldReflector
instanceKlass java/io/ObjectStreamClass$FieldReflectorKey
instanceKlass java/io/ObjectInput
instanceKlass java/io/ObjectStreamClass$2
instanceKlass java/io/ClassCache
instanceKlass java/io/ObjectStreamClass$Caches
instanceKlass java/io/ObjectStreamClass
instanceKlass java/io/Bits
instanceKlass java/io/ObjectOutputStream$ReplaceTable
instanceKlass java/io/ObjectOutputStream$HandleTable
instanceKlass java/io/ObjectStreamConstants
instanceKlass java/io/ObjectOutput
instanceKlass sun/rmi/server/UnicastServerRef$HashToMethod_Maps$1
instanceKlass sun/rmi/server/WeakClassHashMap$ValueCell
instanceKlass sun/rmi/transport/tcp/TCPTransport$AcceptLoop
instanceKlass sun/rmi/runtime/NewThreadAction$2
instanceKlass sun/rmi/runtime/NewThreadAction$1
instanceKlass sun/rmi/runtime/NewThreadAction
instanceKlass java/util/LinkedList$ListItr
instanceKlass java/net/Inet4AddressImpl
instanceKlass java/net/ServerSocket
instanceKlass sun/rmi/transport/ObjectEndpoint
instanceKlass sun/rmi/transport/DGCImpl$2$1
instanceKlass java/net/SocketPermissionCollection$1
instanceKlass sun/rmi/transport/DGCImpl_Skel
instanceKlass java/rmi/server/Skeleton
instanceKlass java/rmi/server/Operation
instanceKlass java/io/ObjectInputFilter$FilterInfo
instanceKlass sun/rmi/transport/DGCImpl$2
instanceKlass java/util/concurrent/RunnableScheduledFuture
instanceKlass java/util/concurrent/ScheduledFuture
instanceKlass java/util/concurrent/Delayed
instanceKlass java/util/concurrent/RunnableFuture
instanceKlass java/util/concurrent/Future
instanceKlass sun/rmi/runtime/RuntimeUtil$1
instanceKlass java/util/concurrent/ScheduledExecutorService
instanceKlass sun/rmi/runtime/RuntimeUtil
instanceKlass sun/rmi/runtime/RuntimeUtil$GetInstanceAction
instanceKlass sun/rmi/transport/DGCImpl
instanceKlass java/rmi/dgc/DGC
instanceKlass sun/rmi/transport/ObjectTable
instanceKlass sun/rmi/transport/Target
instanceKlass javax/management/remote/rmi/RMIConnection
instanceKlass java/rmi/server/RemoteObject
instanceKlass java/rmi/server/RMISocketFactory
instanceKlass java/rmi/server/RMIClientSocketFactory
instanceKlass java/util/concurrent/locks/AbstractQueuedSynchronizer$ConditionObject
instanceKlass java/util/concurrent/locks/Condition
instanceKlass sun/rmi/transport/tcp/TCPTransport$1
instanceKlass java/util/concurrent/SynchronousQueue$TransferStack$SNode
instanceKlass java/util/concurrent/ForkJoinPool$ManagedBlocker
instanceKlass java/util/concurrent/SynchronousQueue$Transferer
instanceKlass java/util/concurrent/BlockingQueue
instanceKlass java/util/concurrent/ThreadPoolExecutor$AbortPolicy
instanceKlass java/util/concurrent/RejectedExecutionHandler
instanceKlass java/util/concurrent/AbstractExecutorService
instanceKlass java/util/concurrent/ExecutorService
instanceKlass sun/rmi/transport/Transport
instanceKlass java/net/InetAddress$CachedLocalHost
instanceKlass sun/rmi/transport/tcp/TCPEndpoint
instanceKlass sun/rmi/transport/Endpoint
instanceKlass sun/security/provider/AbstractDrbg$NonceProvider
instanceKlass sun/nio/fs/BasicFileAttributesHolder
instanceKlass sun/nio/fs/WindowsDirectoryStream$WindowsDirectoryIterator
instanceKlass sun/nio/fs/WindowsDirectoryStream
instanceKlass java/nio/file/DirectoryStream
instanceKlass java/nio/file/Files$AcceptAllFilter
instanceKlass java/nio/file/DirectoryStream$Filter
instanceKlass jdk/internal/misc/ScopedMemoryAccess$Scope
instanceKlass java/net/NetworkInterface$1
instanceKlass java/net/DefaultInterface
instanceKlass java/net/InterfaceAddress
instanceKlass java/net/NetworkInterface
instanceKlass sun/security/provider/ByteArrayAccess$BE
instanceKlass sun/security/provider/SeedGenerator$1
instanceKlass sun/security/provider/ByteArrayAccess
instanceKlass sun/security/provider/SeedGenerator
instanceKlass sun/security/provider/AbstractDrbg$SeederHolder
instanceKlass java/security/DrbgParameters$NextBytes
instanceKlass sun/security/provider/EntropySource
instanceKlass java/lang/constant/DynamicConstantDesc
instanceKlass sun/security/provider/AbstractDrbg
instanceKlass java/lang/constant/DirectMethodHandleDesc$1
instanceKlass java/security/DrbgParameters$Instantiation
instanceKlass java/lang/constant/DirectMethodHandleDescImpl$1
instanceKlass java/security/DrbgParameters
instanceKlass sun/security/provider/MoreDrbgParameters
instanceKlass java/lang/constant/DirectMethodHandleDescImpl
instanceKlass java/lang/constant/DirectMethodHandleDesc
instanceKlass java/lang/constant/MethodHandleDesc$1
instanceKlass java/lang/constant/MethodHandleDesc
instanceKlass java/lang/constant/MethodTypeDescImpl
instanceKlass java/lang/constant/MethodTypeDesc
instanceKlass java/security/SecureRandomSpi
instanceKlass java/util/AbstractList$Itr
instanceKlass java/lang/constant/ReferenceClassDescImpl
instanceKlass java/lang/constant/ConstantUtils
instanceKlass java/lang/constant/ClassDesc
instanceKlass java/rmi/server/UID
instanceKlass java/rmi/server/ObjID
instanceKlass java/lang/constant/ConstantDescs
instanceKlass sun/rmi/transport/LiveRef
instanceKlass java/lang/invoke/VarHandle$2
instanceKlass sun/rmi/server/WeakClassHashMap
instanceKlass java/lang/invoke/VarHandle$TypesAndInvokers
instanceKlass java/lang/invoke/VarHandleByteArrayBase
instanceKlass sun/security/provider/ByteArrayAccess$LE
instanceKlass sun/security/util/MessageDigestSpi2
instanceKlass sun/security/jca/GetInstance$Instance
instanceKlass sun/rmi/runtime/Log$LoggerLog$1
instanceKlass java/util/logging/Logger$SystemLoggerHelper$1
instanceKlass java/util/logging/Logger$SystemLoggerHelper
instanceKlass jdk/internal/event/Event
instanceKlass sun/rmi/runtime/Log$LoggerLogFactory
instanceKlass sun/rmi/runtime/Log$LogFactory
instanceKlass sun/rmi/runtime/Log
instanceKlass sun/rmi/server/Util
instanceKlass sun/rmi/server/UnicastRef
instanceKlass sun/rmi/server/Dispatcher
instanceKlass java/rmi/server/ServerRef
instanceKlass java/rmi/server/RemoteRef
instanceKlass java/io/ObjectInputFilter$Config$Global
instanceKlass jdk/internal/access/JavaObjectInputFilterAccess
instanceKlass java/io/ObjectInputFilter$Config$BuiltinFilterFactory
instanceKlass java/io/ObjectInputFilter
instanceKlass java/io/ObjectInputFilter$Config
instanceKlass javax/management/remote/rmi/RMIServerImpl
instanceKlass javax/management/remote/rmi/RMIServer
instanceKlass java/rmi/Remote
instanceKlass com/sun/jmx/remote/protocol/rmi/ServerProvider
instanceKlass javax/management/remote/JMXConnectorFactory$ProviderFinder
instanceKlass java/util/ServiceLoader$ProviderSpliterator
instanceKlass javax/management/remote/JMXConnectorProvider
instanceKlass javax/management/remote/JMXAddressable
instanceKlass javax/management/remote/JMXConnectorServerMBean
instanceKlass javax/management/remote/JMXConnectorFactory$ConnectorFactory
instanceKlass javax/management/remote/JMXConnectorFactory$1
instanceKlass javax/management/remote/JMXConnectorFactory
instanceKlass sun/security/util/SecurityProviderConstants
instanceKlass javax/management/remote/JMXConnectorServerProvider
instanceKlass java/security/Provider$UString
instanceKlass java/security/Provider$Service
instanceKlass com/sun/jmx/remote/util/EnvHelp
instanceKlass sun/security/provider/NativePRNG$NonBlocking
instanceKlass sun/security/provider/NativePRNG$Blocking
instanceKlass sun/security/provider/NativePRNG
instanceKlass javax/management/remote/JMXConnectorServerFactory
instanceKlass sun/security/provider/SunEntries$1
instanceKlass sun/security/provider/SunEntries
instanceKlass sun/management/jmxremote/LocalRMIServerSocketFactory
instanceKlass java/rmi/server/RMIServerSocketFactory
instanceKlass java/util/BitSet
instanceKlass sun/security/jca/ProviderList$2
instanceKlass javax/management/remote/JMXServiceURL
instanceKlass javax/security/auth/login/Configuration$Parameters
instanceKlass java/security/Policy$Parameters
instanceKlass java/security/cert/CertStoreParameters
instanceKlass java/security/SecureRandomParameters
instanceKlass java/security/Provider$EngineDescription
instanceKlass java/security/Provider$ServiceKey
instanceKlass sun/security/jca/ProviderConfig
instanceKlass sun/security/jca/ProviderList
instanceKlass sun/security/jca/Providers
instanceKlass sun/security/jca/GetInstance
instanceKlass sun/security/util/CryptoAlgorithmConstraints$CryptoHolder
instanceKlass jdk/management/jfr/FlightRecorderMXBeanImpl$MXBeanListener
instanceKlass jdk/jfr/FlightRecorderListener
instanceKlass sun/security/util/AbstractAlgorithmConstraints
instanceKlass jdk/jfr/FlightRecorder
instanceKlass java/security/AlgorithmConstraints
instanceKlass jdk/jfr/Recording
instanceKlass java/security/MessageDigestSpi
instanceKlass javax/management/NotificationFilter
instanceKlass javax/management/NotificationListener
instanceKlass java/util/EventListener
instanceKlass javax/management/StandardMBean$MBeanInfoSafeAction
instanceKlass jdk/jfr/internal/management/StreamManager
instanceKlass sun/net/www/MessageHeader
instanceKlass jdk/management/jfr/EventTypeInfo
instanceKlass jdk/management/jfr/ConfigurationInfo
instanceKlass sun/net/www/protocol/jar/JarFileFactory
instanceKlass sun/net/www/protocol/jar/URLJarFile$URLJarFileCloseController
instanceKlass java/net/URLConnection
instanceKlass jdk/management/jfr/RecordingInfo
instanceKlass sun/reflect/generics/tree/VoidDescriptor
instanceKlass sun/reflect/generics/tree/LongSignature
instanceKlass jdk/management/jfr/SettingDescriptorInfo$1
instanceKlass jdk/management/jfr/SettingDescriptorInfo
instanceKlass sun/management/ManagementFactoryHelper$1
instanceKlass java/lang/management/BufferPoolMXBean
instanceKlass sun/nio/ch/FileChannelImpl$2
instanceKlass sun/nio/ch/FileChannelImpl$1
instanceKlass java/nio/file/attribute/FileAttribute
instanceKlass java/nio/channels/spi/AbstractInterruptibleChannel
instanceKlass java/nio/channels/InterruptibleChannel
instanceKlass java/nio/channels/ScatteringByteChannel
instanceKlass java/nio/channels/GatheringByteChannel
instanceKlass java/nio/channels/SeekableByteChannel
instanceKlass java/nio/channels/ByteChannel
instanceKlass java/nio/channels/WritableByteChannel
instanceKlass java/nio/channels/ReadableByteChannel
instanceKlass java/nio/channels/Channel
instanceKlass jdk/internal/misc/VM$BufferPoolsHolder
instanceKlass com/sun/management/VMOption
instanceKlass com/sun/management/internal/HotSpotDiagnostic
instanceKlass com/sun/management/HotSpotDiagnosticMXBean
instanceKlass com/sun/management/GcInfo
instanceKlass javax/management/openmbean/CompositeDataView
instanceKlass com/sun/glass/utils/NativeLibLoader
instanceKlass jdk/internal/math/FloatingDecimal$ASCIIToBinaryBuffer
instanceKlass jdk/internal/math/FloatingDecimal$PreparedASCIIToBinaryBuffer
instanceKlass jdk/internal/math/FloatingDecimal$ASCIIToBinaryConverter
instanceKlass jdk/internal/math/FloatingDecimal$BinaryToASCIIBuffer
instanceKlass jdk/internal/math/FloatingDecimal$ExceptionalBinaryToASCIIBuffer
instanceKlass jdk/internal/math/FloatingDecimal$BinaryToASCIIConverter
instanceKlass jdk/internal/math/FloatingDecimal
instanceKlass jdk/internal/reflect/ClassDefiner$1
instanceKlass jdk/internal/reflect/ClassDefiner
instanceKlass jdk/internal/reflect/MethodAccessorGenerator$1
instanceKlass jdk/internal/reflect/Label$PatchInfo
instanceKlass jdk/internal/reflect/Label
instanceKlass jdk/internal/reflect/UTF8
instanceKlass jdk/internal/reflect/ClassFileAssembler
instanceKlass jdk/internal/reflect/ByteVectorImpl
instanceKlass jdk/internal/reflect/ByteVector
instanceKlass com/sun/javafx/PlatformUtil
instanceKlass jdk/internal/reflect/ByteVectorFactory
instanceKlass jdk/internal/reflect/AccessorGenerator
instanceKlass jdk/internal/reflect/ClassFileConstants
instanceKlass com/sun/javafx/runtime/VersionInfo
instanceKlass javafx/scene/image/Image$1
instanceKlass com/sun/javafx/tk/Toolkit$ImageAccessor
instanceKlass javafx/scene/image/PixelReader
instanceKlass javafx/beans/binding/NumberExpressionBase
instanceKlass javafx/beans/binding/NumberExpression
instanceKlass java/util/stream/AbstractSpinedBuffer
instanceKlass java/util/stream/Node$Builder
instanceKlass java/util/stream/Node$OfDouble
instanceKlass java/util/stream/Node$OfLong
instanceKlass javafx/beans/value/ObservableDoubleValue
instanceKlass java/util/stream/Node$OfInt
instanceKlass java/util/stream/Node$OfPrimitive
instanceKlass javafx/beans/value/ObservableNumberValue
instanceKlass java/util/stream/Nodes$EmptyNode
instanceKlass java/util/stream/Node
instanceKlass java/util/stream/Nodes
instanceKlass java/util/function/IntFunction
instanceKlass java/lang/StringLatin1$LinesSpliterator
instanceKlass com/sun/management/internal/DiagnosticCommandImpl$Wrapper
instanceKlass javafx/geometry/Bounds
instanceKlass com/sun/javafx/util/Utils
instanceKlass javafx/scene/image/Image
instanceKlass jdk/jfr/internal/dcmd/AbstractDCmd
instanceKlass com/sun/management/internal/DiagnosticCommandArgumentInfo
instanceKlass com/sun/management/internal/DiagnosticCommandInfo
instanceKlass com/sun/management/internal/DiagnosticCommandImpl$OperationInfoComparator
instanceKlass javafx/animation/Interpolatable
instanceKlass sun/management/ClassLoadingImpl
instanceKlass java/lang/management/ClassLoadingMXBean
instanceKlass javax/management/MBeanInfo$ArrayGettersSafeAction
instanceKlass javafx/scene/paint/Paint
instanceKlass javax/management/openmbean/OpenMBeanOperationInfo
instanceKlass com/sun/javafx/tk/TKClipboard
instanceKlass java/util/logging/Logging
instanceKlass com/sun/javafx/tk/Toolkit
instanceKlass java/util/logging/LoggingMXBean
instanceKlass sun/management/ManagementFactoryHelper$PlatformLoggingImpl
instanceKlass java/lang/management/PlatformLoggingMXBean
instanceKlass com/sun/javafx/application/PlatformImpl$1
instanceKlass sun/management/CompilationImpl
instanceKlass java/lang/management/CompilationMXBean
instanceKlass sun/management/VMManagementImpl$1
instanceKlass java/util/Formattable
instanceKlass java/time/LocalTime$1
instanceKlass sun/util/resources/Bundles$CacheKeyReference
instanceKlass sun/util/resources/Bundles$CacheKey
instanceKlass sun/util/resources/Bundles
instanceKlass sun/util/resources/LocaleData$LocaleDataStrategy
instanceKlass sun/util/resources/Bundles$Strategy
instanceKlass sun/util/resources/LocaleData$1
instanceKlass sun/util/resources/LocaleData
instanceKlass java/util/Locale$Builder
instanceKlass sun/util/locale/provider/CalendarDataUtility
instanceKlass java/lang/management/MemoryUsage
instanceKlass sun/management/Sensor
instanceKlass sun/management/MemoryPoolImpl
instanceKlass java/lang/management/MemoryPoolMXBean
instanceKlass java/util/StringTokenizer
instanceKlass sun/util/locale/provider/AvailableLanguageTags
instanceKlass sun/util/resources/cldr/provider/CLDRLocaleDataMetaInfo
instanceKlass jdk/internal/module/ModulePatcher$PatchedModuleReader
instanceKlass sun/management/Util
instanceKlass sun/util/locale/BaseLocale$Key
instanceKlass sun/util/locale/InternalLocaleBuilder$CaseInsensitiveChar
instanceKlass sun/util/locale/InternalLocaleBuilder
instanceKlass sun/util/locale/StringTokenIterator
instanceKlass sun/util/locale/ParseStatus
instanceKlass sun/util/locale/LanguageTag
instanceKlass sun/util/cldr/CLDRBaseLocaleDataMetaInfo
instanceKlass sun/util/locale/provider/LocaleDataMetaInfo
instanceKlass sun/util/locale/provider/ResourceBundleBasedAdapter
instanceKlass sun/util/locale/provider/LocaleProviderAdapter$1
instanceKlass sun/util/locale/provider/LocaleProviderAdapter
instanceKlass java/util/spi/LocaleServiceProvider
instanceKlass java/text/DateFormatSymbols
instanceKlass java/time/LocalDate$1
instanceKlass java/time/ZonedDateTime$1
instanceKlass java/util/Calendar
instanceKlass java/util/Formatter$FixedString
instanceKlass java/util/Formatter$DateTime
instanceKlass java/util/Formatter$Flags
instanceKlass java/util/Formatter$FormatSpecifier
instanceKlass java/util/Formatter$FormatString
instanceKlass java/util/regex/ASCII
instanceKlass java/util/regex/IntHashSet
instanceKlass java/util/regex/Matcher
instanceKlass java/util/regex/MatchResult
instanceKlass java/util/Formatter$Conversion
instanceKlass java/util/regex/Pattern$TreeInfo
instanceKlass com/sun/management/GarbageCollectorMXBean
instanceKlass java/lang/management/GarbageCollectorMXBean
instanceKlass java/util/regex/Pattern$BitClass
instanceKlass java/lang/management/MemoryManagerMXBean
instanceKlass java/lang/management/MemoryMXBean
instanceKlass java/util/regex/CharPredicates
instanceKlass java/util/regex/Pattern$BmpCharPredicate
instanceKlass java/util/regex/Pattern$CharPredicate
instanceKlass java/util/regex/Pattern$Node
instanceKlass java/util/regex/Pattern
instanceKlass java/util/Formatter
instanceKlass javax/management/DescriptorKey
instanceKlass java/lang/annotation/Target
instanceKlass java/lang/reflect/Proxy$ProxyBuilder$1
instanceKlass java/util/ResourceBundle$ResourceBundleProviderHelper
instanceKlass java/util/ResourceBundle$3
instanceKlass java/util/ResourceBundle$CacheKeyReference
instanceKlass java/util/ResourceBundle$CacheKey
instanceKlass jdk/internal/org/objectweb/asm/Edge
instanceKlass sun/util/locale/LocaleObjectCache
instanceKlass java/util/ResourceBundle$Control
instanceKlass java/lang/reflect/ProxyGenerator$PrimitiveTypeInfo
instanceKlass java/util/ResourceBundle$1
instanceKlass jdk/internal/access/JavaUtilResourceBundleAccess
instanceKlass java/util/ResourceBundle
instanceKlass java/util/logging/Level$RbAccess
instanceKlass java/lang/invoke/LambdaFormEditor$1
instanceKlass java/util/StringJoiner
instanceKlass java/lang/reflect/ProxyGenerator$ProxyMethod
instanceKlass jdk/internal/module/Checks
instanceKlass java/lang/module/ModuleDescriptor$Builder
instanceKlass java/lang/reflect/Proxy$ProxyBuilder
instanceKlass java/lang/ClassValue$Version
instanceKlass java/lang/ClassValue$Identity
instanceKlass java/lang/ClassValue
instanceKlass java/lang/reflect/Proxy
instanceKlass sun/reflect/annotation/AnnotationInvocationHandler
instanceKlass java/lang/reflect/InvocationHandler
instanceKlass sun/reflect/annotation/AnnotationParser$1
instanceKlass java/lang/StackStreamFactory$FrameBuffer
instanceKlass java/lang/annotation/Documented
instanceKlass java/lang/StackStreamFactory$1
instanceKlass java/lang/annotation/Inherited
instanceKlass java/lang/annotation/Retention
instanceKlass sun/reflect/annotation/ExceptionProxy
instanceKlass java/lang/StackStreamFactory
instanceKlass sun/reflect/annotation/AnnotationType$1
instanceKlass sun/reflect/annotation/AnnotationType
instanceKlass java/lang/Deprecated
instanceKlass sun/management/BaseOperatingSystemImpl
instanceKlass com/sun/management/OperatingSystemMXBean
instanceKlass java/lang/management/OperatingSystemMXBean
instanceKlass java/util/logging/LogRecord$CallerFinder
instanceKlass java/time/ZonedDateTime
instanceKlass java/time/chrono/ChronoZonedDateTime
instanceKlass com/sun/jmx/mbeanserver/PerInterface$MethodAndSig
instanceKlass java/time/chrono/AbstractChronology
instanceKlass java/time/chrono/Chronology
instanceKlass java/time/LocalTime
instanceKlass java/time/temporal/ValueRange
instanceKlass java/time/Duration
instanceKlass java/time/temporal/TemporalAmount
instanceKlass java/time/temporal/TemporalUnit
instanceKlass java/time/temporal/TemporalField
instanceKlass java/time/LocalDate
instanceKlass java/time/chrono/ChronoLocalDate
instanceKlass java/time/zone/ZoneOffsetTransition
instanceKlass java/time/LocalDateTime
instanceKlass java/time/chrono/ChronoLocalDateTime
instanceKlass java/time/zone/ZoneOffsetTransitionRule
instanceKlass java/time/zone/ZoneRules
instanceKlass java/time/zone/Ser
instanceKlass java/io/Externalizable
instanceKlass java/time/zone/ZoneRulesProvider$1
instanceKlass java/time/zone/ZoneRulesProvider
instanceKlass sun/util/calendar/ZoneInfoFile$ZoneOffsetTransitionRule
instanceKlass sun/util/calendar/ZoneInfoFile$1
instanceKlass sun/util/calendar/ZoneInfoFile
instanceKlass java/util/TimeZone
instanceKlass java/time/ZoneId
instanceKlass java/util/logging/LogManager$CloseOnReset
instanceKlass java/lang/management/LockInfo
instanceKlass java/util/logging/StreamHandler$1
instanceKlass java/util/logging/Handler$1
instanceKlass java/util/logging/ErrorManager
instanceKlass java/lang/management/ThreadInfo
instanceKlass jdk/internal/logger/SimpleConsoleLogger$Formatting
instanceKlass sun/management/ThreadImpl
instanceKlass java/util/logging/Formatter
instanceKlass com/sun/management/ThreadMXBean
instanceKlass java/lang/management/ThreadMXBean
instanceKlass java/time/Clock
instanceKlass java/time/InstantSource
instanceKlass com/sun/jmx/mbeanserver/WeakIdentityHashMap
instanceKlass java/time/Instant
instanceKlass java/time/temporal/TemporalAdjuster
instanceKlass java/time/temporal/Temporal
instanceKlass java/time/temporal/TemporalAccessor
instanceKlass com/sun/jmx/mbeanserver/MXBeanLookup
instanceKlass java/util/logging/LogRecord
instanceKlass java/util/logging/LogManager$4
instanceKlass jdk/internal/logger/BootstrapLogger$BootstrapExecutors
instanceKlass java/util/stream/Streams
instanceKlass java/util/stream/Stream$Builder
instanceKlass java/util/stream/Streams$AbstractStreamBuilderImpl
instanceKlass java/util/ArrayList$ArrayListSpliterator
instanceKlass java/util/Hashtable$Enumerator
instanceKlass java/util/Collections$SynchronizedCollection
instanceKlass java/util/Properties$EntrySet
instanceKlass java/util/Collections$3
instanceKlass java/util/logging/LogManager$LoggerContext$1
instanceKlass java/util/logging/LogManager$VisitedLoggers
instanceKlass java/util/logging/Logger$ConfigurationData
instanceKlass java/util/logging/Logger$LoggerBundle
instanceKlass java/util/logging/Handler
instanceKlass java/util/logging/Logger
instanceKlass java/util/logging/LogManager$2
instanceKlass java/util/logging/LogManager$LoggingProviderAccess
instanceKlass java/lang/Shutdown$Lock
instanceKlass java/lang/Shutdown
instanceKlass java/lang/ApplicationShutdownHooks$1
instanceKlass java/lang/ApplicationShutdownHooks
instanceKlass java/util/Collections$SynchronizedMap
instanceKlass com/sun/jmx/mbeanserver/PerInterface$InitMaps
instanceKlass java/util/logging/LogManager$LogNode
instanceKlass java/util/logging/LogManager$LoggerContext
instanceKlass java/util/logging/LogManager$1
instanceKlass com/sun/jmx/mbeanserver/PerInterface
instanceKlass java/util/logging/Level
instanceKlass sun/security/util/SecurityConstants
instanceKlass jdk/internal/logger/LoggerFinderLoader
instanceKlass javax/management/openmbean/OpenMBeanAttributeInfo
instanceKlass javax/management/openmbean/OpenMBeanParameterInfo
instanceKlass com/sun/jmx/mbeanserver/MBeanIntrospector$MBeanInfoMaker
instanceKlass com/sun/jmx/mbeanserver/MBeanAnalyzer$MBeanVisitor
instanceKlass com/sun/javafx/logging/PlatformLogger
instanceKlass com/sun/javafx/util/Logging
instanceKlass java/lang/reflect/GenericArrayType
instanceKlass sun/reflect/generics/reflectiveObjects/LazyReflectiveObjectGenerator
instanceKlass sun/reflect/generics/tree/TypeVariableSignature
instanceKlass sun/reflect/generics/tree/ClassSignature
instanceKlass sun/reflect/generics/reflectiveObjects/ParameterizedTypeImpl
instanceKlass java/lang/reflect/ParameterizedType
instanceKlass sun/reflect/generics/visitor/Reifier
instanceKlass sun/reflect/generics/visitor/TypeTreeVisitor
instanceKlass sun/reflect/generics/tree/MethodTypeSignature
instanceKlass sun/reflect/generics/tree/Signature
instanceKlass sun/reflect/generics/tree/ClassTypeSignature
instanceKlass sun/reflect/generics/tree/SimpleClassTypeSignature
instanceKlass sun/reflect/generics/tree/FieldTypeSignature
instanceKlass sun/reflect/generics/tree/TypeArgument
instanceKlass sun/reflect/generics/tree/BaseType
instanceKlass sun/reflect/generics/tree/TypeSignature
instanceKlass sun/reflect/generics/tree/ReturnType
instanceKlass sun/reflect/generics/tree/FormalTypeParameter
instanceKlass sun/reflect/generics/tree/TypeTree
instanceKlass sun/reflect/generics/tree/Tree
instanceKlass java/lang/invoke/MethodHandles$1
instanceKlass sun/reflect/generics/parser/SignatureParser
instanceKlass java/lang/Long$LongCache
instanceKlass java/lang/reflect/TypeVariable
instanceKlass sun/reflect/generics/repository/AbstractRepository
instanceKlass sun/reflect/generics/factory/CoreReflectionFactory
instanceKlass sun/reflect/generics/factory/GenericsFactory
instanceKlass sun/reflect/generics/scope/AbstractScope
instanceKlass sun/reflect/generics/scope/Scope
instanceKlass com/sun/jmx/mbeanserver/MBeanAnalyzer$AttrMethods
instanceKlass jdk/internal/reflect/UnsafeFieldAccessorFactory
instanceKlass com/sun/jmx/mbeanserver/MXBeanMapping
instanceKlass javax/management/openmbean/TabularData
instanceKlass javax/management/openmbean/CompositeData
instanceKlass javax/management/openmbean/OpenType
instanceKlass com/sun/jmx/mbeanserver/MXBeanMappingFactory
instanceKlass com/sun/jmx/mbeanserver/ConvertingMethod
instanceKlass java/util/TimSort
instanceKlass com/sun/jmx/mbeanserver/MBeanAnalyzer$MethodOrder
instanceKlass java/util/LinkedHashMap$LinkedHashIterator
instanceKlass java/lang/PublicMethods
instanceKlass com/sun/jmx/mbeanserver/MBeanAnalyzer
instanceKlass com/sun/jmx/mbeanserver/MBeanIntrospector
instanceKlass sun/reflect/misc/ReflectUtil
instanceKlass java/lang/Class$AnnotationData
instanceKlass javax/management/MXBean
instanceKlass com/sun/jmx/mbeanserver/MBeanSupport
instanceKlass com/sun/jmx/mbeanserver/DescriptorCache
instanceKlass javax/management/JMX
instanceKlass javax/management/StandardMBean
instanceKlass javafx/beans/InvalidationListener
instanceKlass java/util/Collections$2
instanceKlass java/util/AbstractMap$SimpleImmutableEntry
instanceKlass sun/management/RuntimeImpl
instanceKlass java/lang/management/RuntimeMXBean
instanceKlass java/util/stream/ForEachOps$ForEachOp
instanceKlass java/util/stream/ForEachOps
instanceKlass javafx/beans/value/WritableObjectValue
instanceKlass java/util/HashMap$HashMapSpliterator
instanceKlass java/util/Collections$1
instanceKlass jdk/management/jfr/internal/FlightRecorderMXBeanProvider$SingleMBeanComponent
instanceKlass jdk/management/jfr/FlightRecorderMXBean
instanceKlass java/lang/management/PlatformManagedObject
instanceKlass java/lang/management/DefaultPlatformMBeanProvider$11
instanceKlass java/lang/management/DefaultPlatformMBeanProvider$10
instanceKlass java/lang/management/DefaultPlatformMBeanProvider$9
instanceKlass java/util/logging/LogManager
instanceKlass sun/management/ManagementFactoryHelper$LoggingMXBeanAccess$1
instanceKlass sun/management/ManagementFactoryHelper$LoggingMXBeanAccess
instanceKlass java/lang/management/DefaultPlatformMBeanProvider$8
instanceKlass java/lang/management/DefaultPlatformMBeanProvider$7
instanceKlass java/lang/management/DefaultPlatformMBeanProvider$6
instanceKlass java/lang/management/DefaultPlatformMBeanProvider$5
instanceKlass java/lang/management/DefaultPlatformMBeanProvider$4
instanceKlass java/lang/management/DefaultPlatformMBeanProvider$3
instanceKlass java/lang/management/DefaultPlatformMBeanProvider$2
instanceKlass java/lang/management/DefaultPlatformMBeanProvider$1
instanceKlass java/util/concurrent/Callable
instanceKlass javafx/beans/binding/Binding
instanceKlass com/sun/management/internal/PlatformMBeanProviderImpl$5
instanceKlass sun/management/VMManagementImpl
instanceKlass sun/management/VMManagement
instanceKlass sun/management/ManagementFactoryHelper
instanceKlass javafx/beans/binding/ObjectExpression
instanceKlass sun/management/NotificationEmitterSupport
instanceKlass com/sun/management/DiagnosticCommandMBean
instanceKlass javafx/beans/value/ObservableObjectValue
instanceKlass com/sun/management/internal/PlatformMBeanProviderImpl$4
instanceKlass com/sun/management/internal/PlatformMBeanProviderImpl$3
instanceKlass com/sun/management/internal/PlatformMBeanProviderImpl$2
instanceKlass com/sun/management/internal/PlatformMBeanProviderImpl$1
instanceKlass sun/management/spi/PlatformMBeanProvider$PlatformComponent
instanceKlass javafx/beans/binding/BooleanExpression
instanceKlass javafx/beans/value/ObservableBooleanValue
instanceKlass javafx/beans/value/WritableBooleanValue
instanceKlass sun/management/spi/PlatformMBeanProvider
instanceKlass javafx/beans/property/Property
instanceKlass sun/security/util/SecurityProperties
instanceKlass sun/security/util/FilePermCompat
instanceKlass java/io/FilePermission$1
instanceKlass jdk/internal/access/JavaIOFilePermissionAccess
instanceKlass javafx/beans/value/WritableValue
instanceKlass java/lang/management/ManagementFactory$PlatformMBeanFinder$1
instanceKlass java/lang/management/ManagementFactory$PlatformMBeanFinder
instanceKlass javafx/beans/property/ReadOnlyProperty
instanceKlass javafx/beans/value/ObservableValue
instanceKlass javafx/beans/Observable
instanceKlass com/sun/jmx/mbeanserver/JmxMBeanServer$3
instanceKlass javax/management/ObjectInstance
instanceKlass sun/util/calendar/CalendarSystem$GregorianHolder
instanceKlass sun/util/calendar/CalendarSystem
instanceKlass java/util/Date
instanceKlass java/util/EventObject
instanceKlass com/sun/jmx/mbeanserver/NamedObject
instanceKlass com/sun/jmx/interceptor/DefaultMBeanServerInterceptor$ResourceContext$1
instanceKlass com/sun/jmx/interceptor/DefaultMBeanServerInterceptor$ResourceContext
instanceKlass com/sun/jmx/mbeanserver/Repository$RegistrationContext
instanceKlass com/sun/jmx/mbeanserver/DynamicMBean2
instanceKlass sun/util/logging/PlatformLogger
instanceKlass sun/util/logging/PlatformLogger$ConfigurableBridge$LoggerConfiguration
instanceKlass jdk/internal/logger/BootstrapLogger$RedirectedLoggers
instanceKlass com/sun/javafx/tk/TKListener
instanceKlass com/sun/jmx/defaults/JmxProperties
instanceKlass com/sun/jmx/mbeanserver/Introspector
instanceKlass com/sun/jmx/mbeanserver/JmxMBeanServer$2
instanceKlass com/sun/jmx/interceptor/DefaultMBeanServerInterceptor
instanceKlass com/sun/jmx/interceptor/MBeanServerInterceptor
instanceKlass java/util/concurrent/locks/ReentrantReadWriteLock$WriteLock
instanceKlass java/util/concurrent/locks/ReentrantReadWriteLock$ReadLock
instanceKlass com/sun/javafx/application/PlatformImpl
instanceKlass java/util/concurrent/locks/ReentrantReadWriteLock
instanceKlass java/util/concurrent/locks/ReadWriteLock
instanceKlass com/sun/jmx/mbeanserver/Repository
instanceKlass com/sun/jmx/mbeanserver/JmxMBeanServer$1
instanceKlass com/sun/jmx/mbeanserver/SecureClassLoaderRepository
instanceKlass com/sun/jmx/mbeanserver/MBeanInstantiator
instanceKlass com/sun/jmx/mbeanserver/ClassLoaderRepositorySupport$LoaderEntry
instanceKlass com/sun/jmx/mbeanserver/ClassLoaderRepositorySupport
instanceKlass com/sun/jmx/mbeanserver/ModifiableClassLoaderRepository
instanceKlass javax/management/loading/ClassLoaderRepository
instanceKlass javax/management/ImmutableDescriptor
instanceKlass javax/management/Descriptor
instanceKlass com/sun/jmx/remote/util/ClassLogger
instanceKlass java/util/concurrent/locks/AbstractQueuedSynchronizer$Node
instanceKlass javax/management/NotificationBroadcasterSupport$1
instanceKlass java/util/concurrent/Executor
instanceKlass javax/management/NotificationBroadcasterSupport
instanceKlass java/util/ComparableTimSort
instanceKlass java/util/Arrays$LegacyMergeSort
instanceKlass javax/management/ObjectName$Property
instanceKlass javax/management/ObjectName
instanceKlass javax/management/QueryExp
instanceKlass com/sun/jmx/mbeanserver/Util
instanceKlass javax/management/MBeanInfo
instanceKlass javax/management/MBeanFeatureInfo
instanceKlass javax/management/DescriptorRead
instanceKlass java/nio/DirectByteBuffer$Deallocator
instanceKlass javax/management/MBeanServerDelegate
instanceKlass javax/management/NotificationEmitter
instanceKlass javax/management/NotificationBroadcaster
instanceKlass javax/management/MBeanServerDelegateMBean
instanceKlass sun/nio/ch/Util$BufferCache
instanceKlass javax/management/MBeanRegistration
instanceKlass java/util/concurrent/CountDownLatch
instanceKlass javax/management/DynamicMBean
instanceKlass sun/nio/ch/Util
instanceKlass com/sun/jmx/mbeanserver/JmxMBeanServer
instanceKlass com/sun/jmx/mbeanserver/SunJmxMBeanServer
instanceKlass javax/management/MBeanServer
instanceKlass javax/management/MBeanServerConnection
instanceKlass javax/management/MBeanServerBuilder
instanceKlass com/sun/glass/ui/Application
instanceKlass com/sun/jmx/mbeanserver/GetPropertyAction
instanceKlass javax/management/MBeanServerFactory
instanceKlass sun/nio/ch/NativeThread
instanceKlass sun/net/NetHooks
instanceKlass sun/net/spi/DefaultProxySelector$3
instanceKlass sun/net/spi/DefaultProxySelector$NonProxyInfo
instanceKlass java/util/concurrent/atomic/AtomicBoolean
instanceKlass sun/net/spi/DefaultProxySelector$1
instanceKlass java/net/Proxy
instanceKlass java/lang/management/ManagementFactory
instanceKlass java/net/ProxySelector
instanceKlass java/util/concurrent/atomic/Striped64$1
instanceKlass java/net/SocksSocketImpl$3
instanceKlass com/sun/javafx/application/PlatformImpl$FinishListener
instanceKlass jdk/internal/util/random/RandomSupport
instanceKlass java/util/Random
instanceKlass java/util/random/RandomGenerator
instanceKlass java/lang/invoke/VarHandle$AccessDescriptor
instanceKlass java/net/InetAddress$CachedAddresses
instanceKlass sun/net/InetAddressCachePolicy$2
instanceKlass javafx/application/Application$Parameters
instanceKlass java/security/Security$2
instanceKlass jdk/internal/access/JavaSecurityPropertiesAccess
instanceKlass java/util/concurrent/ConcurrentHashMap$MapEntry
instanceKlass com/sun/javafx/application/LauncherImpl
instanceKlass java/lang/StackTraceElement$HashedModules
instanceKlass iuh/fit/core/service/IAuthenticationService
instanceKlass jdk/net/ExtendedSocketOptions$PlatformSocketOptions$1
instanceKlass jdk/net/ExtendedSocketOptions$PlatformSocketOptions
instanceKlass jdk/net/ExtendedSocketOptions$ExtSocketOption
instanceKlass java/net/SocketOption
instanceKlass iuh/fit/core/service/IKhachHangService
instanceKlass jdk/net/ExtendedSocketOptions
instanceKlass sun/net/ext/ExtendedSocketOptions
instanceKlass java/security/Security$1
instanceKlass java/security/Security
instanceKlass sun/net/InetAddressCachePolicy$1
instanceKlass sun/nio/ch/Net$1
instanceKlass java/net/ProtocolFamily
instanceKlass sun/net/InetAddressCachePolicy
instanceKlass iuh/fit/core/service/INhanVienService
instanceKlass sun/nio/ch/Net
instanceKlass iuh/fit/core/service/IPhongService
instanceKlass iuh/fit/core/service/IPhieuDatPhongService
instanceKlass java/net/SocksConsts
instanceKlass iuh/fit/core/service/IDichVuService
instanceKlass iuh/fit/core/service/IHoaDonService
instanceKlass iuh/fit/core/service/IChiTietHoaDonService
instanceKlass iuh/fit/core/repository/IHoaDonRepository
instanceKlass iuh/fit/core/repository/IChiTietHoaDonRepository
instanceKlass sun/nio/ch/IOUtil
instanceKlass sun/nio/ch/NativeDispatcher
instanceKlass iuh/fit/core/repository/IChiTietPhieuDatPhongRepository
instanceKlass iuh/fit/core/repository/IKhuyenMaiRepository
instanceKlass sun/net/PlatformSocketImpl
instanceKlass iuh/fit/core/repository/IDichVuRepository
instanceKlass iuh/fit/core/repository/ITaiKhoanRepository
instanceKlass java/util/Properties$LineReader
instanceKlass iuh/fit/core/repository/IPhieuDatPhongRepository
instanceKlass iuh/fit/core/repository/IPhongRepository
instanceKlass sun/net/NetProperties$1
instanceKlass sun/net/NetProperties
instanceKlass iuh/fit/core/repository/INhanVienRepository
instanceKlass iuh/fit/core/repository/IKhachHangRepository
instanceKlass jdk/internal/org/objectweb/asm/ClassReader
instanceKlass javafx/application/Application
instanceKlass java/net/Inet6Address$Inet6AddressHolder
instanceKlass java/net/InetAddress$NameServiceAddresses
instanceKlass java/net/InetAddress$Addresses
instanceKlass java/net/SocketImpl
instanceKlass java/net/SocketOptions
instanceKlass java/util/concurrent/ConcurrentSkipListMap$Iter
instanceKlass java/net/InetSocketAddress$InetSocketAddressHolder
instanceKlass java/net/InetAddress$PlatformNameService
instanceKlass java/net/InetAddress$NameService
instanceKlass java/net/SocketAddress
instanceKlass java/net/Inet6AddressImpl
instanceKlass java/net/InetAddressImpl
instanceKlass java/net/InetAddressImplFactory
instanceKlass iuh/fit/app/Launcher
instanceKlass java/util/concurrent/ConcurrentSkipListMap$Node
instanceKlass java/io/FileInputStream$1
instanceKlass java/lang/invoke/VarForm
instanceKlass java/lang/invoke/VarHandleGuards
instanceKlass jdk/internal/util/Preconditions$1
instanceKlass java/lang/invoke/VarHandle$1
instanceKlass java/util/concurrent/ConcurrentSkipListMap$Index
instanceKlass java/util/concurrent/ConcurrentNavigableMap
instanceKlass java/lang/invoke/VarHandles
instanceKlass java/net/InetAddress$InetAddressHolder
instanceKlass java/net/InetAddress$1
instanceKlass jdk/internal/access/JavaNetInetAddressAccess
instanceKlass java/net/Socket
instanceKlass sun/nio/cs/SingleByte
instanceKlass sun/nio/cs/MS1252$Holder
instanceKlass sun/nio/cs/ArrayDecoder
instanceKlass sun/launcher/LauncherHelper
instanceKlass java/net/InetAddress
instanceKlass com/intellij/rt/execution/application/AppMainV2
instanceKlass sun/management/jmxremote/ConnectorBootstrap$PermanentExporter
instanceKlass com/sun/jmx/remote/internal/rmi/RMIExporter
instanceKlass com/intellij/rt/execution/application/AppMainV2$Agent
instanceKlass java/security/SecureClassLoader$DebugHolder
instanceKlass jdk/internal/logger/LazyLoggers$LazyLoggerAccessor
instanceKlass jdk/internal/logger/LazyLoggers$LoggerAccessor
instanceKlass java/security/PermissionCollection
instanceKlass java/security/SecureClassLoader$1
instanceKlass java/security/SecureClassLoader$CodeSourceKey
instanceKlass jdk/internal/logger/AbstractLoggerWrapper
instanceKlass java/util/ServiceLoader$ProviderImpl
instanceKlass java/util/ServiceLoader$Provider
instanceKlass java/util/ServiceLoader$1
instanceKlass sun/util/logging/internal/LoggingProviderImpl$LogManagerAccess
instanceKlass java/util/concurrent/CopyOnWriteArrayList$COWIterator
instanceKlass java/util/zip/Checksum$1
instanceKlass java/util/zip/CRC32
instanceKlass java/util/zip/Checksum
instanceKlass sun/nio/ByteBuffered
instanceKlass java/lang/Package$VersionInfo
instanceKlass java/util/zip/ZipFile$ZipEntryIterator
instanceKlass java/lang/NamedPackage
instanceKlass jdk/internal/loader/Resource
instanceKlass java/util/TreeMap$PrivateEntryIterator
instanceKlass java/util/TreeMap$Entry
instanceKlass java/util/NavigableMap
instanceKlass java/util/SortedMap
instanceKlass java/util/NavigableSet
instanceKlass java/util/SortedSet
instanceKlass jdk/internal/loader/URLClassPath$1
instanceKlass java/lang/CompoundEnumeration
instanceKlass jdk/internal/loader/BuiltinClassLoader$1
instanceKlass java/util/Collections$EmptyEnumeration
instanceKlass java/util/Collections$EmptyIterator
instanceKlass java/util/jar/Attributes$Name
instanceKlass java/util/jar/Attributes
instanceKlass jdk/internal/jimage/ImageLocation
instanceKlass jdk/internal/jimage/decompressor/Decompressor
instanceKlass jdk/internal/jimage/ImageStringsReader
instanceKlass jdk/internal/jimage/ImageStrings
instanceKlass jdk/internal/jimage/ImageHeader
instanceKlass java/util/LinkedList$Node
instanceKlass jdk/internal/jimage/NativeImageBuffer$1
instanceKlass jdk/internal/jimage/NativeImageBuffer
instanceKlass java/nio/charset/CoderResult
instanceKlass jdk/internal/jimage/BasicImageReader$1
instanceKlass jdk/internal/jimage/BasicImageReader
instanceKlass jdk/internal/jimage/ImageReader
instanceKlass jdk/internal/jimage/ImageReaderFactory$1
instanceKlass java/net/URI$Parser
instanceKlass java/nio/file/FileSystems$DefaultFileSystemHolder$1
instanceKlass java/nio/file/FileSystems$DefaultFileSystemHolder
instanceKlass java/nio/file/FileSystems
instanceKlass java/nio/file/Paths
instanceKlass jdk/internal/jimage/ImageReaderFactory
instanceKlass jdk/internal/module/SystemModuleFinders$SystemImage
instanceKlass jdk/internal/module/SystemModuleFinders$SystemModuleReader
instanceKlass java/lang/module/ModuleReader
instanceKlass java/nio/charset/CharsetDecoder
instanceKlass jdk/internal/loader/BuiltinClassLoader$5
instanceKlass jdk/internal/loader/BuiltinClassLoader$2
instanceKlass jdk/internal/module/Resources
instanceKlass java/util/ServiceLoader$3
instanceKlass java/util/ServiceLoader$2
instanceKlass java/util/ServiceLoader$LazyClassPathLookupIterator
instanceKlass java/io/Reader
instanceKlass java/lang/Readable
instanceKlass java/util/Spliterators$1Adapter
instanceKlass java/util/Spliterators$ArraySpliterator
instanceKlass java/util/ServiceLoader$ModuleServicesLookupIterator
instanceKlass java/util/ServiceLoader
instanceKlass jdk/internal/logger/BootstrapLogger$DetectBackend$1
instanceKlass jdk/internal/logger/BootstrapLogger$DetectBackend
instanceKlass jdk/internal/logger/BootstrapLogger
instanceKlass sun/util/logging/PlatformLogger$ConfigurableBridge
instanceKlass sun/util/logging/PlatformLogger$Bridge
instanceKlass java/lang/System$Logger
instanceKlass jdk/internal/logger/DefaultLoggerFinder$1
instanceKlass java/lang/System$LoggerFinder
instanceKlass jdk/internal/logger/LazyLoggers$LazyLoggerFactories
instanceKlass jdk/internal/logger/LazyLoggers$1
instanceKlass jdk/internal/logger/LazyLoggers
instanceKlass sun/management/jmxremote/ConnectorBootstrap
instanceKlass jdk/internal/vm/VMSupport
instanceKlass jdk/internal/agent/Agent
instanceKlass sun/security/action/GetIntegerAction
instanceKlass sun/security/util/Debug
instanceKlass sun/security/util/SignatureFileVerifier
instanceKlass java/util/zip/ZipFile$InflaterCleanupAction
instanceKlass java/util/zip/Inflater$InflaterZStreamRef
instanceKlass java/util/zip/Inflater
instanceKlass java/util/zip/ZipEntry
instanceKlass java/lang/StringCoding
instanceKlass jdk/internal/util/jar/JarIndex
instanceKlass java/nio/Bits$1
instanceKlass jdk/internal/misc/VM$BufferPool
instanceKlass java/nio/Bits
instanceKlass sun/nio/ch/DirectBuffer
instanceKlass jdk/internal/perf/PerfCounter$CoreCounters
instanceKlass jdk/internal/perf/Perf
instanceKlass jdk/internal/perf/Perf$GetPerfAction
instanceKlass jdk/internal/perf/PerfCounter
instanceKlass java/nio/file/attribute/FileTime
instanceKlass java/util/zip/ZipUtils
instanceKlass java/util/zip/ZipFile$Source$End
instanceKlass java/io/RandomAccessFile$2
instanceKlass jdk/internal/access/JavaIORandomAccessFileAccess
instanceKlass java/io/RandomAccessFile
instanceKlass java/io/DataInput
instanceKlass java/io/DataOutput
instanceKlass sun/nio/fs/WindowsNativeDispatcher$CompletionStatus
instanceKlass sun/nio/fs/WindowsNativeDispatcher$AclInformation
instanceKlass sun/nio/fs/WindowsNativeDispatcher$Account
instanceKlass sun/nio/fs/WindowsNativeDispatcher$DiskFreeSpace
instanceKlass sun/nio/fs/WindowsNativeDispatcher$VolumeInformation
instanceKlass sun/nio/fs/WindowsNativeDispatcher$FirstStream
instanceKlass sun/nio/fs/WindowsNativeDispatcher$FirstFile
instanceKlass java/util/Enumeration
instanceKlass java/util/concurrent/ConcurrentHashMap$Traverser
instanceKlass java/util/concurrent/ConcurrentHashMap$CollectionView
instanceKlass sun/nio/fs/WindowsNativeDispatcher
instanceKlass sun/nio/fs/NativeBuffer$Deallocator
instanceKlass sun/nio/fs/NativeBuffer
instanceKlass java/lang/ThreadLocal$ThreadLocalMap
instanceKlass sun/nio/fs/NativeBuffers
instanceKlass sun/nio/fs/WindowsFileAttributes
instanceKlass java/nio/file/attribute/DosFileAttributes
instanceKlass sun/nio/fs/AbstractBasicFileAttributeView
instanceKlass sun/nio/fs/DynamicFileAttributeView
instanceKlass sun/nio/fs/WindowsFileAttributeViews
instanceKlass java/lang/Class$1
instanceKlass java/nio/charset/StandardCharsets
instanceKlass sun/nio/fs/Util
instanceKlass java/nio/file/attribute/BasicFileAttributeView
instanceKlass java/nio/file/attribute/FileAttributeView
instanceKlass java/nio/file/attribute/AttributeView
instanceKlass java/nio/file/Files
instanceKlass java/nio/file/CopyOption
instanceKlass java/nio/file/attribute/BasicFileAttributes
instanceKlass sun/nio/fs/WindowsPath
instanceKlass java/util/zip/ZipFile$Source$Key
instanceKlass sun/nio/fs/WindowsPathParser$Result
instanceKlass sun/nio/fs/WindowsPathParser
instanceKlass java/util/Arrays$ArrayItr
instanceKlass java/nio/file/FileSystem
instanceKlass java/nio/file/OpenOption
instanceKlass java/nio/file/spi/FileSystemProvider
instanceKlass sun/nio/fs/DefaultFileSystemProvider
instanceKlass java/util/zip/ZipFile$Source
instanceKlass java/util/zip/ZipCoder
instanceKlass java/util/zip/ZipFile$CleanableResource
instanceKlass java/lang/Runtime$Version
instanceKlass java/util/jar/JavaUtilJarAccessImpl
instanceKlass jdk/internal/access/JavaUtilJarAccess
instanceKlass jdk/internal/loader/FileURLMapper
instanceKlass jdk/internal/loader/URLClassPath$JarLoader$1
instanceKlass java/util/zip/ZipFile$1
instanceKlass jdk/internal/access/JavaUtilZipFileAccess
instanceKlass java/util/zip/ZipFile
instanceKlass java/util/zip/ZipConstants
instanceKlass jdk/internal/loader/URLClassPath$Loader
instanceKlass jdk/internal/loader/URLClassPath$3
instanceKlass java/security/PrivilegedExceptionAction
instanceKlass sun/util/locale/LocaleUtils
instanceKlass sun/util/locale/BaseLocale
instanceKlass java/util/Locale
instanceKlass sun/net/util/URLUtil
instanceKlass sun/instrument/TransformerManager$TransformerInfo
instanceKlass sun/instrument/TransformerManager
instanceKlass jdk/internal/loader/NativeLibraries$NativeLibraryImpl
instanceKlass jdk/internal/loader/NativeLibrary
instanceKlass java/util/ArrayDeque$DeqIterator
instanceKlass jdk/internal/loader/NativeLibraries$1
instanceKlass jdk/internal/loader/NativeLibraries$LibraryPaths
instanceKlass sun/instrument/InstrumentationImpl
instanceKlass java/lang/instrument/Instrumentation
instanceKlass java/lang/invoke/StringConcatFactory$3
instanceKlass java/lang/invoke/StringConcatFactory$2
instanceKlass java/lang/invoke/StringConcatFactory$1
instanceKlass java/lang/invoke/StringConcatFactory
instanceKlass jdk/internal/module/ModuleBootstrap$SafeModuleFinder
instanceKlass java/lang/ModuleLayer$Controller
instanceKlass java/util/concurrent/CopyOnWriteArrayList
instanceKlass jdk/internal/module/ServicesCatalog$ServiceProvider
instanceKlass jdk/internal/loader/AbstractClassLoaderValue$Memoizer
instanceKlass jdk/internal/module/ModuleLoaderMap$Modules
instanceKlass jdk/internal/module/ModuleLoaderMap$Mapper
instanceKlass jdk/internal/module/ModuleLoaderMap
instanceKlass java/lang/module/ResolvedModule
instanceKlass java/util/Collections$UnmodifiableCollection$1
instanceKlass java/lang/ModuleLayer
instanceKlass java/util/ImmutableCollections$ListItr
instanceKlass java/util/ListIterator
instanceKlass java/lang/module/ModuleFinder$1
instanceKlass java/nio/file/Path
instanceKlass java/nio/file/Watchable
instanceKlass java/lang/module/Resolver
instanceKlass java/lang/module/Configuration
instanceKlass java/util/stream/FindOps$FindOp
instanceKlass java/util/stream/FindOps$FindSink
instanceKlass java/util/stream/FindOps
instanceKlass java/util/stream/Sink$ChainedReference
instanceKlass java/util/stream/ReduceOps$AccumulatingSink
instanceKlass java/util/stream/TerminalSink
instanceKlass java/util/stream/Sink
instanceKlass java/util/function/Consumer
instanceKlass java/util/stream/ReduceOps$Box
instanceKlass java/util/stream/ReduceOps$ReduceOp
instanceKlass java/util/stream/TerminalOp
instanceKlass java/util/stream/ReduceOps
instanceKlass java/util/function/BinaryOperator
instanceKlass java/util/function/BiFunction
instanceKlass java/util/function/BiConsumer
instanceKlass java/util/stream/Collectors$CollectorImpl
instanceKlass java/util/stream/Collector
instanceKlass java/util/Collections$UnmodifiableCollection
instanceKlass java/util/stream/Collectors
instanceKlass java/lang/ref/Cleaner$Cleanable
instanceKlass jdk/internal/ref/CleanerImpl
instanceKlass java/lang/ref/Cleaner$1
instanceKlass java/lang/ref/Cleaner
instanceKlass jdk/internal/ref/CleanerFactory$1
instanceKlass java/util/concurrent/ThreadFactory
instanceKlass jdk/internal/ref/CleanerFactory
instanceKlass java/lang/invoke/MethodHandles$Lookup$ClassDefiner
instanceKlass java/lang/invoke/MethodHandles$Lookup$ClassFile
instanceKlass jdk/internal/org/objectweb/asm/Handler
instanceKlass jdk/internal/org/objectweb/asm/Attribute
instanceKlass jdk/internal/org/objectweb/asm/FieldVisitor
instanceKlass java/util/ArrayList$Itr
instanceKlass java/lang/invoke/InvokerBytecodeGenerator$ClassData
instanceKlass jdk/internal/org/objectweb/asm/AnnotationVisitor
instanceKlass jdk/internal/org/objectweb/asm/Frame
instanceKlass jdk/internal/org/objectweb/asm/Label
instanceKlass jdk/internal/org/objectweb/asm/MethodVisitor
instanceKlass java/lang/invoke/LambdaFormBuffer
instanceKlass java/lang/invoke/LambdaFormEditor$TransformKey
instanceKlass java/lang/invoke/LambdaFormEditor
instanceKlass sun/invoke/util/Wrapper$1
instanceKlass java/lang/invoke/DelegatingMethodHandle$Holder
instanceKlass java/lang/invoke/DirectMethodHandle$2
instanceKlass sun/invoke/empty/Empty
instanceKlass sun/invoke/util/VerifyType
instanceKlass java/lang/invoke/ClassSpecializer$Factory
instanceKlass java/lang/invoke/ClassSpecializer$SpeciesData
instanceKlass java/lang/invoke/ClassSpecializer$1
instanceKlass java/util/function/Function
instanceKlass java/lang/invoke/ClassSpecializer
instanceKlass java/lang/invoke/InnerClassLambdaMetafactory$1
instanceKlass java/lang/invoke/LambdaProxyClassArchive
instanceKlass jdk/internal/org/objectweb/asm/ByteVector
instanceKlass jdk/internal/org/objectweb/asm/Symbol
instanceKlass jdk/internal/org/objectweb/asm/SymbolTable
instanceKlass jdk/internal/org/objectweb/asm/ClassVisitor
instanceKlass java/lang/invoke/InfoFromMemberName
instanceKlass java/lang/invoke/MethodHandleInfo
instanceKlass jdk/internal/org/objectweb/asm/ConstantDynamic
instanceKlass sun/invoke/util/BytecodeDescriptor
instanceKlass jdk/internal/org/objectweb/asm/Handle
instanceKlass sun/security/action/GetBooleanAction
instanceKlass jdk/internal/org/objectweb/asm/Type
instanceKlass java/lang/invoke/AbstractValidatingLambdaMetafactory
instanceKlass java/lang/invoke/MethodHandleImpl$1
instanceKlass jdk/internal/access/JavaLangInvokeAccess
instanceKlass java/lang/invoke/Invokers$Holder
instanceKlass java/lang/invoke/BootstrapMethodInvoker
instanceKlass java/util/function/Predicate
instanceKlass java/lang/WeakPairMap$Pair$Lookup
instanceKlass java/lang/WeakPairMap$Pair
instanceKlass java/lang/WeakPairMap
instanceKlass java/lang/Module$ReflectionData
instanceKlass java/lang/invoke/InvokerBytecodeGenerator$2
instanceKlass java/lang/invoke/InvokerBytecodeGenerator
instanceKlass java/lang/invoke/LambdaForm$Holder
instanceKlass java/lang/invoke/LambdaForm$Name
instanceKlass java/lang/reflect/Array
instanceKlass java/lang/invoke/Invokers
instanceKlass java/lang/invoke/MethodHandleImpl
instanceKlass sun/invoke/util/ValueConversions
instanceKlass java/lang/invoke/DirectMethodHandle$Holder
instanceKlass java/lang/invoke/LambdaForm$NamedFunction
instanceKlass sun/invoke/util/Wrapper$Format
instanceKlass java/lang/invoke/MethodTypeForm
instanceKlass java/lang/Void
instanceKlass java/lang/invoke/MethodType$ConcurrentWeakInternSet
instanceKlass java/lang/invoke/LambdaMetafactory
instanceKlass sun/reflect/annotation/AnnotationParser
instanceKlass java/lang/Class$3
instanceKlass java/lang/PublicMethods$Key
instanceKlass java/lang/PublicMethods$MethodList
instanceKlass java/lang/Class$Atomic
instanceKlass java/lang/Class$ReflectionData
instanceKlass java/util/EnumMap$1
instanceKlass java/util/stream/StreamOpFlag$MaskBuilder
instanceKlass java/util/stream/Stream
instanceKlass java/util/stream/BaseStream
instanceKlass java/util/stream/PipelineHelper
instanceKlass java/util/stream/StreamSupport
instanceKlass java/util/Spliterators$IteratorSpliterator
instanceKlass java/util/Spliterator$OfDouble
instanceKlass java/util/Spliterator$OfLong
instanceKlass java/util/Spliterator$OfInt
instanceKlass java/util/Spliterator$OfPrimitive
instanceKlass java/util/Spliterator
instanceKlass java/util/Spliterators$EmptySpliterator
instanceKlass java/util/Spliterators
instanceKlass jdk/internal/module/DefaultRoots
instanceKlass jdk/internal/loader/BuiltinClassLoader$LoadedModule
instanceKlass jdk/internal/loader/AbstractClassLoaderValue
instanceKlass jdk/internal/module/ServicesCatalog
instanceKlass jdk/internal/util/Preconditions
instanceKlass sun/net/util/IPAddressUtil
instanceKlass java/net/URLStreamHandler
instanceKlass java/lang/StringUTF16
instanceKlass java/util/HexFormat
instanceKlass sun/net/www/ParseUtil
instanceKlass java/net/URL$3
instanceKlass jdk/internal/access/JavaNetURLAccess
instanceKlass java/net/URL$DefaultFactory
instanceKlass java/net/URLStreamHandlerFactory
instanceKlass jdk/internal/loader/URLClassPath
instanceKlass java/security/Principal
instanceKlass java/security/ProtectionDomain$Key
instanceKlass java/security/ProtectionDomain$JavaSecurityAccessImpl
instanceKlass jdk/internal/access/JavaSecurityAccess
instanceKlass java/lang/ClassLoader$ParallelLoaders
instanceKlass java/security/cert/Certificate
instanceKlass jdk/internal/loader/ArchivedClassLoaders
instanceKlass java/util/Deque
instanceKlass java/util/Queue
instanceKlass jdk/internal/loader/ClassLoaderHelper
instanceKlass jdk/internal/loader/NativeLibraries
instanceKlass jdk/internal/loader/BootLoader
instanceKlass java/util/Optional
instanceKlass jdk/internal/module/SystemModuleFinders$SystemModuleFinder
instanceKlass java/lang/module/ModuleFinder
instanceKlass jdk/internal/module/SystemModuleFinders$3
instanceKlass jdk/internal/module/ModuleHashes$HashSupplier
instanceKlass jdk/internal/module/SystemModuleFinders$2
instanceKlass java/util/function/Supplier
instanceKlass java/lang/module/ModuleReference
instanceKlass jdk/internal/module/ModuleResolution
instanceKlass java/util/Collections$UnmodifiableMap
instanceKlass jdk/internal/module/ModuleHashes$Builder
instanceKlass jdk/internal/module/ModuleHashes
instanceKlass jdk/internal/module/ModuleTarget
instanceKlass java/util/ImmutableCollections$Set12$1
instanceKlass java/lang/Enum
instanceKlass java/lang/module/ModuleDescriptor$Version
instanceKlass java/lang/module/ModuleDescriptor$Provides
instanceKlass java/lang/module/ModuleDescriptor$Opens
instanceKlass java/util/ImmutableCollections$SetN$SetNIterator
instanceKlass java/lang/module/ModuleDescriptor$Exports
instanceKlass java/lang/module/ModuleDescriptor$Requires
instanceKlass jdk/internal/module/Builder
instanceKlass jdk/internal/module/SystemModules$all
instanceKlass jdk/internal/module/SystemModules
instanceKlass jdk/internal/module/SystemModulesMap
instanceKlass java/net/URI$1
instanceKlass jdk/internal/access/JavaNetUriAccess
instanceKlass java/net/URI
instanceKlass jdk/internal/module/SystemModuleFinders
instanceKlass jdk/internal/module/ArchivedModuleGraph
instanceKlass jdk/internal/module/ArchivedBootLayer
instanceKlass jdk/internal/module/ModuleBootstrap$Counters
instanceKlass jdk/internal/module/ModulePatcher
instanceKlass jdk/internal/util/ArraysSupport
instanceKlass java/io/FileSystem
instanceKlass java/io/DefaultFileSystem
instanceKlass java/io/File
instanceKlass java/lang/module/ModuleDescriptor$1
instanceKlass jdk/internal/access/JavaLangModuleAccess
instanceKlass java/lang/reflect/Modifier
instanceKlass sun/invoke/util/VerifyAccess
instanceKlass java/lang/module/ModuleDescriptor
instanceKlass jdk/internal/module/ModuleBootstrap
instanceKlass java/lang/invoke/MethodHandleStatics
instanceKlass java/util/Collections
instanceKlass sun/io/Win32ErrorMode
instanceKlass jdk/internal/misc/OSEnvironment
instanceKlass jdk/internal/misc/Signal$NativeHandler
instanceKlass java/util/Hashtable$Entry
instanceKlass jdk/internal/misc/Signal
instanceKlass java/lang/Terminator$1
instanceKlass jdk/internal/misc/Signal$Handler
instanceKlass java/lang/Terminator
instanceKlass java/nio/ByteOrder
instanceKlass java/nio/Buffer$1
instanceKlass jdk/internal/access/JavaNioAccess
instanceKlass jdk/internal/misc/ScopedMemoryAccess
instanceKlass java/nio/charset/CodingErrorAction
instanceKlass java/nio/charset/CharsetEncoder
instanceKlass sun/nio/cs/HistoricallyNamedCharset
instanceKlass sun/security/action/GetPropertyAction
instanceKlass java/lang/ThreadLocal
instanceKlass java/nio/charset/spi/CharsetProvider
instanceKlass java/nio/charset/Charset
instanceKlass java/io/Writer
instanceKlass java/io/OutputStream
instanceKlass java/io/Flushable
instanceKlass java/io/FileDescriptor$1
instanceKlass jdk/internal/access/JavaIOFileDescriptorAccess
instanceKlass java/io/FileDescriptor
instanceKlass jdk/internal/util/StaticProperty
instanceKlass java/util/HashMap$HashIterator
instanceKlass java/lang/Integer$IntegerCache
instanceKlass java/lang/CharacterData
instanceKlass java/util/Arrays
instanceKlass java/lang/VersionProps
instanceKlass java/lang/StringConcatHelper
instanceKlass jdk/internal/misc/VM
instanceKlass jdk/internal/util/SystemProps$Raw
instanceKlass jdk/internal/util/SystemProps
instanceKlass java/lang/System$2
instanceKlass jdk/internal/access/JavaLangAccess
instanceKlass java/lang/ref/Reference$1
instanceKlass jdk/internal/access/JavaLangRefAccess
instanceKlass java/lang/ref/ReferenceQueue$Lock
instanceKlass java/lang/ref/ReferenceQueue
instanceKlass jdk/internal/reflect/ReflectionFactory
instanceKlass jdk/internal/reflect/ReflectionFactory$GetReflectionFactoryAction
instanceKlass java/security/PrivilegedAction
instanceKlass java/util/concurrent/locks/LockSupport
instanceKlass java/util/concurrent/ConcurrentHashMap$Node
instanceKlass java/util/concurrent/ConcurrentHashMap$CounterCell
instanceKlass java/util/concurrent/locks/ReentrantLock
instanceKlass java/util/concurrent/locks/Lock
instanceKlass java/lang/Runtime
instanceKlass java/util/HashMap$Node
instanceKlass java/util/KeyValueHolder
instanceKlass java/util/Map$Entry
instanceKlass java/util/ImmutableCollections$MapN$MapNIterator
instanceKlass java/lang/Math
instanceKlass jdk/internal/reflect/Reflection
instanceKlass java/lang/invoke/MethodHandles$Lookup
instanceKlass java/lang/StringLatin1
instanceKlass java/security/Permission
instanceKlass java/security/Guard
instanceKlass java/lang/invoke/MemberName$Factory
instanceKlass java/lang/invoke/MethodHandles
instanceKlass jdk/internal/access/SharedSecrets
instanceKlass java/lang/reflect/ReflectAccess
instanceKlass jdk/internal/access/JavaLangReflectAccess
instanceKlass java/util/ImmutableCollections
instanceKlass java/util/Objects
instanceKlass java/util/Set
instanceKlass jdk/internal/misc/CDS
instanceKlass java/lang/Module$ArchivedData
instanceKlass java/lang/String$CaseInsensitiveComparator
instanceKlass java/util/Comparator
instanceKlass java/io/ObjectStreamField
instanceKlass jdk/internal/vm/vector/VectorSupport$VectorPayload
instanceKlass jdk/internal/vm/vector/VectorSupport
instanceKlass java/lang/reflect/RecordComponent
instanceKlass java/util/Iterator
instanceKlass java/lang/Number
instanceKlass java/lang/Character
instanceKlass java/lang/Boolean
instanceKlass java/util/concurrent/locks/AbstractOwnableSynchronizer
instanceKlass java/lang/LiveStackFrame
instanceKlass java/lang/StackFrameInfo
instanceKlass java/lang/StackWalker$StackFrame
instanceKlass java/lang/StackStreamFactory$AbstractStackWalker
instanceKlass java/lang/StackWalker
instanceKlass java/nio/Buffer
instanceKlass java/lang/StackTraceElement
instanceKlass java/util/RandomAccess
instanceKlass java/util/List
instanceKlass java/util/AbstractCollection
instanceKlass java/util/Collection
instanceKlass java/lang/Iterable
instanceKlass java/util/concurrent/ConcurrentMap
instanceKlass java/util/AbstractMap
instanceKlass java/security/CodeSource
instanceKlass jdk/internal/loader/ClassLoaders
instanceKlass java/util/jar/Manifest
instanceKlass java/net/URL
instanceKlass java/io/InputStream
instanceKlass java/io/Closeable
instanceKlass java/lang/AutoCloseable
instanceKlass jdk/internal/module/Modules
instanceKlass jdk/internal/misc/Unsafe
instanceKlass jdk/internal/misc/UnsafeConstants
instanceKlass java/lang/AbstractStringBuilder
instanceKlass java/lang/Appendable
instanceKlass java/lang/AssertionStatusDirectives
instanceKlass java/lang/invoke/MethodHandleNatives$CallSiteContext
instanceKlass jdk/internal/invoke/NativeEntryPoint
instanceKlass java/lang/invoke/CallSite
instanceKlass java/lang/invoke/MethodType
instanceKlass java/lang/invoke/TypeDescriptor$OfMethod
instanceKlass java/lang/invoke/LambdaForm
instanceKlass java/lang/invoke/MethodHandleNatives
instanceKlass java/lang/invoke/ResolvedMethodName
instanceKlass java/lang/invoke/MemberName
instanceKlass java/lang/invoke/VarHandle
instanceKlass java/lang/invoke/MethodHandle
instanceKlass jdk/internal/reflect/CallerSensitive
instanceKlass java/lang/annotation/Annotation
instanceKlass jdk/internal/reflect/FieldAccessor
instanceKlass jdk/internal/reflect/ConstantPool
instanceKlass jdk/internal/reflect/ConstructorAccessor
instanceKlass jdk/internal/reflect/MethodAccessor
instanceKlass jdk/internal/reflect/MagicAccessorImpl
instanceKlass java/lang/reflect/Parameter
instanceKlass java/lang/reflect/Member
instanceKlass java/lang/reflect/AccessibleObject
instanceKlass java/lang/Module
instanceKlass java/util/Map
instanceKlass java/util/Dictionary
instanceKlass java/lang/ThreadGroup
instanceKlass java/lang/Thread$UncaughtExceptionHandler
instanceKlass java/lang/Thread
instanceKlass java/lang/Runnable
instanceKlass java/lang/ref/Reference
instanceKlass java/lang/Record
instanceKlass java/security/AccessController
instanceKlass java/security/AccessControlContext
instanceKlass java/security/ProtectionDomain
instanceKlass java/lang/SecurityManager
instanceKlass java/lang/Throwable
instanceKlass java/lang/System
instanceKlass java/lang/ClassLoader
instanceKlass java/lang/Cloneable
instanceKlass java/lang/Class
instanceKlass java/lang/invoke/TypeDescriptor$OfField
instanceKlass java/lang/invoke/TypeDescriptor
instanceKlass java/lang/reflect/Type
instanceKlass java/lang/reflect/GenericDeclaration
instanceKlass java/lang/reflect/AnnotatedElement
instanceKlass java/lang/String
instanceKlass java/lang/constant/ConstantDesc
instanceKlass java/lang/constant/Constable
instanceKlass java/lang/CharSequence
instanceKlass java/lang/Comparable
instanceKlass java/io/Serializable
ciInstanceKlass java/lang/Object 1 1 92 7 1 10 12 1 1 10 7 12 1 1 1 10 7 12 1 1 1 10 12 1 1 8 1 10 12 1 1 10 7 12 1 1 1 10 12 1 10 12 1 1 100 1 8 1 10 12 1 3 8 1 100 1 5 0 1 1 1 1 1 1 1 1 1 1 1 1 1 1 1 1 7 1 1 1 7 1 1 1 1 1 1 1 7 1 1 1 1 1 1 1
ciMethod java/lang/Object equals (Ljava/lang/Object;)Z 958 0 39667 0 96
ciMethod java/lang/Object hashCode ()I 256 0 128 0 -1
ciInstanceKlass java/lang/Class 1 1 1600 10 7 12 1 1 1 9 7 12 1 1 1 9 12 1 1 7 1 10 10 12 1 1 8 1 10 12 1 8 1 8 1 10 12 1 1 10 12 1 1 10 12 1 10 10 12 1 10 12 1 1 10 12 1 1 10 7 12 1 1 10 12 1 10 12 1 10 12 1 8 1 10 12 1 8 1 10 12 1 8 1 8 1 10 12 1 1 10 7 12 1 1 1 18 12 1 1 11 7 12 1 1 1 8 1 8 1 8 1 10 7 12 1 1 1 11 12 1 1 7 1 8 1 10 12 1 11 7 12 1 1 1 10 12 1 1 11 8 1 18 8 1 10 12 1 10 7 12 1 1 10 7 12 1 1 1 10 12 1 1 10 7 12 1 1 1 9 100 12 1 1 1 10 100 12 1 1 1 10 7 12 1 1 1 10 12 1 1 18 12 1 1 10 7 12 1 1 1 10 7 12 1 1 10 12 1 1 10 7 1 100 1 10 12 1 1 9 12 1 1 7 1 8 1 10 12 1 10 12 1 1 10 12 1 1 10 7 12 1 1 1 7 1 10 12 1 7 1 7 1 10 10 12 1 1 10 12 1 1 100 1 10 100 12 1 1 1 10 12 1 1 10 12 1 1 9 12 1 1 10 12 1 10 12 1 10 12 1 1 9 12 1 1 9 12 1 1 10 12 1 1 10 7 1 10 12 1 10 12 1 10 12 1 1 10 9 12 1 10 12 1 8 1 10 12 1 1 10 12 1 1 10 12 1 10 12 1 1 10 12 1 1 10 12 1 1 9 7 12 1 1 1 10 7 12 1 1 10 12 10 12 1 10 12 1 1 10 100 12 1 1 10 12 1 10 12 1 1 10 100 12 1 1 1 10 12 1 10 12 1 1 10 12 1 10 12 1 10 12 1 1 10 7 1 10 10 10 12 1 1 10 12 1 1 10 12 10 12 1 1 100 1 8 1 10 10 12 1 1 10 12 1 100 1 11 12 1 10 100 12 1 1 10 12 1 10 12 1 10 100 12 1 1 10 10 12 1 1 8 1 10 12 1 10 12 1 1 8 1 9 12 1 10 12 1 10 12 1 10 12 1 10 12 100 1 9 12 1 10 12 1 9 12 1 10 12 1 10 12 1 10 12 1 10 10 12 1 10 12 1 10 12 1 10 12 1 10 12 1 10 12 1 100 1 10 12 1 10 12 1 1 10 12 1 1 10 12 1 1 10 12 1 1 10 12 1 1 10 12 1 1 7 1 10 10 12 1 1 10 12 1 1 10 12 1 1 10 10 12 1 10 12 1 1 10 12 1 1 10 12 1 1 10 12 1 1 7 1 10 10 12 11 100 12 1 1 10 12 1 1 10 12 1 10 7 12 1 1 1 10 12 1 1 10 10 12 1 1 100 1 10 10 12 1 1 10 100 12 1 1 1 100 1 7 1 10 12 1 1 10 12 1 10 10 12 1 1 10 12 1 10 12 1 10 12 1 10 100 12 1 1 1 11 7 12 1 1 10 12 1 10 12 1 9 12 1 10 12 1 1 10 12 1 9 100 12 1 1 1 9 12 1 10 100 12 1 1 1 10 12 1 10 12 1 10 100 12 1 1 1 10 12 1 10 12 10 12 1 1 100 1 10 8 1 10 12 1 11 11 12 1 1 11 7 12 1 1 11 12 1 8 1 10 12 1 10 12 1 1 9 12 1 9 12 1 1 10 7 12 1 1 9 12 1 10 12 1 1 10 10 12 1 10 7 12 1 1 1 10 7 12 1 1 10 7 12 1 1 9 12 1 1 10 12 1 9 12 1 10 12 1 10 12 1 1 9 12 1 1 9 12 1 10 12 1 10 12 1 1 9 12 1 7 1 10 10 12 1 1 7 1 10 12 1 1 7 11 7 1 9 12 1 1 9 12 1 100 1 10 12 1 9 12 1 1 9 12 1 10 12 1 10 12 1 1 9 12 1 7 1 10 10 12 1 1 10 10 12 1 1 10 12 10 10 12 1 9 12 1 10 12 1 1 10 7 12 1 1 1 10 12 1 1 10 12 1 8 10 7 8 1 18 8 1 8 1 10 12 1 9 12 1 9 12 1 1 10 12 1 7 1 7 1 10 12 1 9 12 1 1 7 1 10 10 12 1 10 7 1 9 12 1 8 1 10 12 1 7 1 10 12 1 10 12 1 1 9 12 1 100 1 8 1 10 7 1 4 10 10 12 11 7 12 1 1 1 10 12 1 100 1 10 12 1 1 10 8 1 8 1 10 12 1 1 9 7 12 1 1 11 12 7 1 11 7 12 1 1 9 12 1 10 100 12 1 1 1 10 7 12 1 1 10 12 1 1 9 12 1 9 10 12 1 1 10 12 1 1 10 12 1 1 10 12 1 1 10 12 1 1 11 12 1 100 1 11 12 1 10 100 12 1 1 1 10 12 1 100 1 11 12 1 10 100 12 1 1 1 10 12 1 10 11 12 1 11 12 1 1 10 12 1 10 12 1 1 9 12 1 1 9 100 12 1 1 10 12 1 10 100 12 1 1 1 10 12 1 1 10 12 1 10 12 1 10 12 1 10 7 12 1 1 1 10 12 1 8 1 10 12 1 10 12 1 10 12 1 10 100 12 1 1 1 11 100 12 1 1 1 10 12 1 1 10 12 1 18 12 1 1 11 12 1 1 18 11 12 1 18 12 1 11 12 1 10 12 1 1 10 12 1 10 12 1 10 12 10 12 1 8 1 10 12 1 7 1 9 12 1 1 100 1 100 1 100 1 100 1 100 1 1 1 3 1 3 1 3 1 1 1 1 1 1 1 5 0 1 1 1 1 1 1 1 1 1 1 1 1 1 1 1 1 1 1 1 1 1 1 1 100 1 1 1 1 1 1 1 100 1 1 1 1 1 1 7 1 1 1 1 1 1 1 1 1 1 1 1 1 1 1 1 1 1 1 1 1 1 1 1 1 1 1 1 1 1 1 1 1 1 1 1 1 1 100 1 1 1 1 1 1 1 1 1 1 1 1 1 1 1 1 1 1 1 1 1 1 1 1 1 1 1 1 100 1 1 1 1 1 1 1 1 1 1 1 1 1 1 1 1 1 1 1 1 1 1 1 1 1 1 1 1 1 1 1 1 1 1 1 1 1 1 1 1 1 1 1 1 1 1 1 1 1 1 1 1 1 100 1 100 1 1 1 1 1 1 1 100 1 1 1 1 1 1 1 1 1 1 1 1 1 1 1 1 1 1 1 1 1 1 1 1 1 1 1 1 1 1 1 1 1 1 1 1 1 1 1 1 1 1 1 1 1 1 1 1 1 1 1 1 1 1 1 100 1 1 1 1 1 1 1 1 1 1 1 1 1 1 1 1 1 1 1 1 1 1 1 1 1 1 1 1 1 1 1 1 1 1 1 1 1 1 1 1 1 1 1 1 1 1 1 1 1 1 1 1 1 1 1 1 1 1 1 1 1 1 1 1 1 1 1 1 15 10 7 12 1 1 1 16 15 10 12 16 15 11 12 16 1 16 15 16 15 10 12 16 16 15 10 12 16 15 16 1 15 10 12 16 1 1 1 1 1 1 1 1 1 100 1 1 100 1 100 1 1 100 1 100 1 1
staticfield java/lang/Class EMPTY_CLASS_ARRAY [Ljava/lang/Class; 0 [Ljava/lang/Class;
staticfield java/lang/Class serialPersistentFields [Ljava/io/ObjectStreamField; 0 [Ljava/io/ObjectStreamField;
ciInstanceKlass java/io/Serializable 1 0 7 100 1 100 1 1 1
instanceKlass jdk/internal/vm/vector/VectorSupport$VectorShuffle
instanceKlass jdk/internal/vm/vector/VectorSupport$VectorMask
instanceKlass jdk/internal/vm/vector/VectorSupport$Vector
ciInstanceKlass jdk/internal/vm/vector/VectorSupport$VectorPayload 0 0 32 10 100 12 1 1 1 9 100 12 1 1 1 10 100 12 1 1 1 1 1 1 1 1 1 1 1 1 1 1 1 1
ciInstanceKlass jdk/internal/vm/vector/VectorSupport$VectorShuffle 0 0 28 10 100 12 1 1 1 100 1 1 1 1 1 1 1 1 1 1 1 1 1 1 1 100 1 1 1 1
ciInstanceKlass jdk/internal/vm/vector/VectorSupport$VectorMask 0 0 28 10 100 12 1 1 1 100 1 1 1 1 1 1 1 1 1 1 1 1 1 1 1 100 1 1 1 1
ciInstanceKlass jdk/internal/vm/vector/VectorSupport$Vector 0 0 28 10 100 12 1 1 1 100 1 1 1 1 1 1 1 1 1 1 1 1 1 1 1 100 1 1 1 1
ciInstanceKlass jdk/internal/vm/vector/VectorSupport 0 0 487 100 1 10 100 12 1 1 1 9 12 1 1 10 12 1 1 100 1 10 12 1 11 100 12 1 1 1 11 100 12 1 1 1 11 100 12 1 1 11 100 12 1 1 1 11 100 1 100 1 10 12 1 1 11 100 12 1 1 11 100 12 1 1 100 1 11 100 12 1 1 11 100 12 1 1 11 100 12 1 1 1 11 100 12 1 1 1 11 100 12 1 1 1 11 100 12 1 1 1 100 1 10 12 1 1 11 100 12 1 1 100 1 11 100 12 1 1 11 100 12 1 1 11 100 12 1 1 11 100 1 100 1 9 12 1 1 10 100 12 1 1 11 100 12 1 1 10 12 1 1 10 100 12 1 1 1 10 12 1 10 12 1 1 10 12 1 1 1 1 1 3 1 3 1 3 1 3 1 3 1 3 1 3 1 3 1 3 1 3 1 3 1 3 1 3 1 3 1 3 1 3 1 3 1 3 1 3 1 3 1 3 1 3 1 3 1 3 1 3 1 3 1 3 1 3 1 3 1 3 1 3 1 3 1 3 1 3 1 3 1 3 1 3 1 3 1 3 1 1 1 1 1 3 1 1 1 1 1 1 3 1 1 1 1 1 1 1 1 1 1 1 1 1 1 1 1 1 1 1 1 1 1 1 1 1 1 1 1 1 1 1 1 1 1 1 1 1 1 1 1 1 1 1 1 1 1 1 1 1 1 1 1 1 1 1 1 1 1 1 1 1 1 1 1 1 1 1 1 1 1 1 1 1 1 1 1 1 1 1 1 1 1 1 1 1 1 1 1 1 1 1 1 1 1 1 1 1 1 1 1 1 1 1 1 1 1 1 1 1 1 1 1 1 1 1 1 1 1 1 1 1 1 1 1 1 1 1 1 1 1 1 1 1 1 1 1 1 1 1 1 1 1 1 1 1 1 1 1 1 1 1 1 1 1 1 1 1 1 1 1 1 1 1 1 1 1 1 1 1 1 1 1 1 1 1 1 1 1 1 1 1 1 1 1 1 1 1 1 1 1 1 1 1 1 1 1 1 1 1 100 1 100 1 1 1 1 1 1 1 1 1 1 1 1 1 1 1 1 1 1 1 1 1 1 1 1
ciInstanceKlass java/lang/reflect/RecordComponent 1 1 196 10 100 12 1 1 1 9 100 12 1 1 1 9 12 1 1 9 12 1 10 12 1 1 10 12 1 1 10 100 12 1 1 1 10 12 1 1 9 12 1 1 10 12 1 1 10 12 1 1 10 12 1 10 100 12 1 1 10 100 12 1 1 9 12 1 1 10 100 12 1 1 1 11 100 12 1 1 1 10 9 100 12 1 1 1 10 100 12 1 1 1 9 12 1 1 10 100 12 1 1 1 10 12 1 1 11 100 12 1 1 10 100 12 1 1 100 1 9 12 1 9 12 1 1 9 12 1 10 100 12 1 1 1 10 12 1 1 10 12 1 1 100 1 10 10 12 1 10 12 1 1 8 1 10 12 1 10 12 1 9 12 1 100 1 1 1 1 1 1 1 1 1 1 1 1 1 1 1 1 1 1 1 1 1 1 100 1 1 1 1 1 1 100 1 1
ciInstanceKlass java/util/Iterator 1 1 53 100 1 8 1 10 12 1 1 10 7 12 1 1 1 11 7 12 1 1 1 11 12 1 1 11 7 12 1 1 1 100 1 1 1 1 1 1 1 1 1 1 1 1 1 1 1 1 1 1 1 1 1
instanceKlass com/sun/glass/ui/EventLoop$State
instanceKlass iuh/fit/core/dto/PhongDTO$TrangThaiPhong
instanceKlass javafx/scene/control/TableColumn$SortType
instanceKlass com/sun/javafx/scene/control/ConstrainedColumnResize$ResizeMode
instanceKlass jdk/internal/math/FormattedFloatingDecimal$Form
instanceKlass com/sun/javafx/sg/prism/CacheFilter$ScrollCacheState
instanceKlass javafx/scene/control/SelectionMode
instanceKlass javafx/scene/control/skin/ComboBoxMode
instanceKlass javafx/scene/control/ScrollPane$ScrollBarPolicy
instanceKlass java/time/format/FormatStyle
instanceKlass javafx/scene/layout/BorderRepeat
instanceKlass javafx/scene/shape/ArcType
instanceKlass com/sun/javafx/animation/KeyValueType
instanceKlass javafx/concurrent/Worker$State
instanceKlass org/hibernate/engine/internal/AbstractEntityEntry$BooleanState
instanceKlass org/hibernate/engine/spi/Status
instanceKlass org/hibernate/loader/ast/internal/CacheEntityLoaderHelper$EntityStatus
instanceKlass org/hibernate/engine/internal/StatefulPersistenceContext$EntityHolderState
instanceKlass org/mariadb/jdbc/util/ClientParser$LexState
instanceKlass org/hibernate/engine/jdbc/internal/FormatStyle
instanceKlass org/hibernate/sql/results/graph/entity/internal/EntitySelectFetchInitializer$State
instanceKlass org/hibernate/sql/results/graph/entity/internal/EntitySelectFetchInitializerBuilder$BatchMode
instanceKlass org/hibernate/persister/entity/EntityNameUse$UseKind
instanceKlass org/hibernate/ScrollMode
instanceKlass org/hibernate/sql/results/spi/ListResultsConsumer$UniqueSemantic
instanceKlass org/hibernate/query/sqm/SqmQuerySource
instanceKlass org/hibernate/query/hql/internal/SemanticQueryBuilder$ParameterStyle
instanceKlass org/antlr/v4/runtime/atn/PredictionMode
instanceKlass org/antlr/v4/runtime/CodePointBuffer$Type
instanceKlass org/antlr/v4/runtime/atn/LexerActionType
instanceKlass org/antlr/v4/runtime/atn/ATNType
instanceKlass org/hibernate/engine/spi/ActionQueue$OrderedActions
instanceKlass jakarta/persistence/SynchronizationType
instanceKlass org/hibernate/engine/transaction/jta/platform/internal/WebSphereJtaPlatform$WebSphereEnvironment
instanceKlass org/hibernate/internal/SessionOwnerBehavior
instanceKlass jakarta/persistence/metamodel/Bindable$BindableType
instanceKlass org/hibernate/metamodel/ValueClassification
instanceKlass jakarta/persistence/metamodel/Attribute$PersistentAttributeType
instanceKlass org/hibernate/metamodel/AttributeClassification
instanceKlass jakarta/persistence/metamodel/Type$PersistenceType
instanceKlass org/hibernate/metamodel/internal/JpaMetaModelPopulationSetting
instanceKlass org/hibernate/metamodel/internal/JpaStaticMetaModelPopulationSetting
instanceKlass org/hibernate/sql/exec/spi/JdbcLockStrategy
instanceKlass org/hibernate/sql/ast/spi/AbstractSqlAstTranslator$LockStrategy
instanceKlass org/hibernate/query/sqm/FrameMode
instanceKlass org/hibernate/query/sqm/FrameExclusion
instanceKlass org/hibernate/query/sqm/FrameKind
instanceKlass org/hibernate/dialect/NullOrdering
instanceKlass org/hibernate/dialect/SelectItemReferenceStrategy
instanceKlass org/hibernate/query/sqm/ComparisonOperator
instanceKlass org/hibernate/sql/ast/SqlAstJoinType
instanceKlass org/hibernate/query/sqm/FetchClauseType
instanceKlass org/hibernate/loader/ast/internal/LoaderSelectBuilder$RowCardinality
instanceKlass jakarta/persistence/LockModeType
instanceKlass org/hibernate/loader/ast/spi/CascadingFetchProfile
instanceKlass org/hibernate/persister/entity/mutation/AttributeAnalysis$DirtynessStatus
instanceKlass org/hibernate/sql/ast/Clause
instanceKlass org/hibernate/engine/jdbc/mutation/ParameterUsage
instanceKlass org/hibernate/persister/entity/mutation/EntityTableMapping$Flag
instanceKlass org/hibernate/metamodel/mapping/ForeignKeyDescriptor$Nature
instanceKlass org/hibernate/metamodel/mapping/internal/ToOneAttributeMapping$Cardinality
instanceKlass org/hibernate/metamodel/mapping/CollectionPart$Nature
instanceKlass org/hibernate/engine/FetchTiming
instanceKlass org/hibernate/engine/FetchStyle
instanceKlass org/hibernate/annotations/OnDeleteAction
instanceKlass org/hibernate/sql/model/MutationType
instanceKlass org/hibernate/dialect/temptable/TemporaryTableKind
instanceKlass org/hibernate/query/sqm/TemporalUnit
instanceKlass org/hibernate/sql/ComparisonRestriction$Operator
instanceKlass org/hibernate/engine/spi/ExecuteUpdateResultCheckStyle
instanceKlass net/bytebuddy/implementation/bytecode/Duplication
instanceKlass net/bytebuddy/implementation/MethodCall$TerminationHandler$Simple
instanceKlass net/bytebuddy/implementation/MethodCall$MethodInvoker$ForContextualInvocation$Factory
instanceKlass net/bytebuddy/implementation/MethodCall$TargetHandler$ForConstructingInvocation$Factory
instanceKlass net/bytebuddy/implementation/MethodCall$ArgumentLoader$ForNullConstant
instanceKlass net/bytebuddy/utility/JavaType
instanceKlass net/bytebuddy/implementation/bytecode/constant/ClassConstant
instanceKlass net/bytebuddy/implementation/bytecode/member/MethodVariableAccess$MethodLoading$TypeCastingHandler$NoOp
instanceKlass net/bytebuddy/implementation/bytecode/assign/primitive/PrimitiveBoxingDelegate
instanceKlass net/bytebuddy/implementation/bytecode/assign/primitive/PrimitiveUnboxingDelegate
instanceKlass net/bytebuddy/implementation/bytecode/Removal
instanceKlass net/bytebuddy/implementation/bytecode/member/MethodInvocation
instanceKlass net/bytebuddy/implementation/bytecode/member/FieldAccess
instanceKlass net/bytebuddy/implementation/bytecode/constant/DoubleConstant
instanceKlass net/bytebuddy/implementation/bytecode/constant/FloatConstant
instanceKlass net/bytebuddy/implementation/bytecode/constant/LongConstant
instanceKlass net/bytebuddy/implementation/bytecode/constant/IntegerConstant
instanceKlass net/bytebuddy/implementation/bytecode/constant/DefaultValue
instanceKlass net/bytebuddy/implementation/bytecode/member/MethodVariableAccess
instanceKlass net/bytebuddy/implementation/bytecode/member/MethodReturn
instanceKlass net/bytebuddy/implementation/bind/MethodDelegationBinder$MethodInvoker$Simple
instanceKlass net/bytebuddy/dynamic/scaffold/TypeWriter$MethodPool$Record$Sort
instanceKlass net/bytebuddy/implementation/Implementation$Context$FrameGeneration
instanceKlass net/bytebuddy/dynamic/scaffold/TypeWriter$Default$ClassDumpAction$Dispatcher$Disabled
instanceKlass net/bytebuddy/pool/TypePool$CacheProvider$NoOp
instanceKlass net/bytebuddy/implementation/SuperMethodCall$Appender$TerminationHandler
instanceKlass net/bytebuddy/dynamic/scaffold/FieldLocator$Resolution$Illegal
instanceKlass net/bytebuddy/implementation/Implementation$Target$AbstractBase$DefaultMethodInvocation
instanceKlass net/bytebuddy/implementation/Implementation$SpecialMethodInvocation$Illegal
instanceKlass net/bytebuddy/dynamic/scaffold/subclass/SubclassImplementationTarget$OriginTypeResolver
instanceKlass net/bytebuddy/dynamic/scaffold/subclass/SubclassImplementationTarget$Factory
instanceKlass net/bytebuddy/dynamic/scaffold/MethodGraph$Node$Sort
instanceKlass net/bytebuddy/dynamic/scaffold/MethodGraph$Node$Unresolved
instanceKlass net/bytebuddy/description/annotation/AnnotationSource$Empty
instanceKlass net/bytebuddy/description/annotation/AnnotationValue$ForConstant$PropertyDelegate$ForNonArrayType
instanceKlass net/bytebuddy/pool/TypePool$Empty
instanceKlass net/bytebuddy/dynamic/TypeResolutionStrategy$Passive
instanceKlass net/bytebuddy/implementation/attribute/FieldAttributeAppender$ForInstrumentedField
instanceKlass net/bytebuddy/implementation/SuperMethodCall
instanceKlass net/bytebuddy/dynamic/Transformer$NoOp
instanceKlass net/bytebuddy/implementation/attribute/MethodAttributeAppender$NoOp
instanceKlass net/bytebuddy/asm/AsmVisitorWrapper$NoOp
instanceKlass net/bytebuddy/implementation/attribute/TypeAttributeAppender$ForInstrumentedType
instanceKlass net/bytebuddy/description/modifier/EnumerationState
instanceKlass net/bytebuddy/description/modifier/SyntheticState
instanceKlass net/bytebuddy/description/modifier/Ownership
instanceKlass net/bytebuddy/implementation/bytecode/StackSize
instanceKlass net/bytebuddy/implementation/LoadedTypeInitializer$NoOp
instanceKlass net/bytebuddy/dynamic/scaffold/TypeInitializer$None
instanceKlass net/bytebuddy/description/modifier/TypeManifestation
instanceKlass net/bytebuddy/description/modifier/Visibility
instanceKlass net/bytebuddy/dynamic/scaffold/subclass/ConstructorStrategy$Default
instanceKlass org/hibernate/property/access/spi/BuiltInPropertyAccessStrategies
instanceKlass org/hibernate/metamodel/RepresentationMode
instanceKlass org/hibernate/tuple/PropertyFactory$NonIdentifierAttributeNature
instanceKlass jakarta/persistence/FlushModeType
instanceKlass org/hibernate/LockMode
instanceKlass jakarta/persistence/CacheRetrieveMode
instanceKlass jakarta/persistence/CacheStoreMode
instanceKlass org/hibernate/CacheMode
instanceKlass jakarta/persistence/PessimisticLockScope
instanceKlass org/hibernate/FlushMode
instanceKlass org/hibernate/internal/util/collections/BoundedConcurrentHashMap$Recency
instanceKlass org/hibernate/internal/util/collections/BoundedConcurrentHashMap$Eviction
instanceKlass org/hibernate/dialect/function/TruncFunction$DatetimeTrunc
instanceKlass org/hibernate/query/sqm/CastType
instanceKlass org/hibernate/query/sqm/produce/function/FunctionParameterType
instanceKlass org/hibernate/query/sqm/function/FunctionKind
instanceKlass org/hibernate/sql/ast/SqlAstNodeRenderingMode
instanceKlass org/hibernate/tool/schema/Action
instanceKlass org/hibernate/boot/beanvalidation/ValidationMode
instanceKlass org/hibernate/internal/SessionFactoryImpl$Status
instanceKlass net/bytebuddy/TypeCache$Sort
instanceKlass net/bytebuddy/dynamic/scaffold/ClassWriterStrategy$Default
instanceKlass net/bytebuddy/dynamic/VisibilityBridgeStrategy$Default
instanceKlass net/bytebuddy/dynamic/scaffold/TypeValidation
instanceKlass net/bytebuddy/dynamic/scaffold/InstrumentedType$Factory$Default
instanceKlass net/bytebuddy/description/type/TypeDescription$Generic$Visitor$Reifying
instanceKlass net/bytebuddy/dynamic/scaffold/MethodGraph$Compiler$Default$Merger$Directional
instanceKlass net/bytebuddy/dynamic/scaffold/MethodGraph$Compiler$Default$Harmonizer$ForJavaMethod
instanceKlass net/bytebuddy/dynamic/scaffold/MethodGraph$Empty
instanceKlass net/bytebuddy/implementation/attribute/AnnotationRetention
instanceKlass net/bytebuddy/implementation/attribute/AnnotationValueFilter$Default
instanceKlass net/bytebuddy/NamingStrategy$Suffixing$BaseNameResolver$ForUnnamedType
instanceKlass net/bytebuddy/implementation/Implementation$Context$Default$Factory
instanceKlass net/bytebuddy/dynamic/scaffold/FieldLocator$ForClassHierarchy$Factory
instanceKlass net/bytebuddy/implementation/bytecode/assign/reference/GenericTypeAwareAssigner
instanceKlass net/bytebuddy/implementation/bytecode/StackManipulation$Illegal
instanceKlass net/bytebuddy/implementation/bytecode/assign/reference/ReferenceTypeAwareAssigner
instanceKlass net/bytebuddy/implementation/bind/MethodDelegationBinder$TerminationHandler$Default
instanceKlass net/bytebuddy/implementation/bytecode/assign/Assigner$Typing
instanceKlass net/bytebuddy/description/type/TypeDescription$Generic$Visitor$NoOp
instanceKlass net/bytebuddy/description/type/TypeDescription$Generic$AnnotationReader$NoOp
instanceKlass net/bytebuddy/description/type/TypeDefinition$Sort
instanceKlass net/bytebuddy/implementation/bind/MethodDelegationBinder$BindingResolver$Default
instanceKlass net/bytebuddy/implementation/bind/annotation/Empty$Binder
instanceKlass net/bytebuddy/implementation/bind/annotation/StubValue$Binder
instanceKlass net/bytebuddy/implementation/bind/annotation/FieldSetterHandle$Binder
instanceKlass net/bytebuddy/implementation/bind/annotation/FieldGetterHandle$Binder
instanceKlass net/bytebuddy/implementation/bytecode/StackManipulation$Trivial
instanceKlass net/bytebuddy/implementation/bind/annotation/FieldValue$Binder
instanceKlass net/bytebuddy/implementation/bind/annotation/DefaultMethodHandle$Binder$MethodLocator$ForImplicitType
instanceKlass net/bytebuddy/implementation/bind/annotation/DefaultMethodHandle$Binder
instanceKlass net/bytebuddy/implementation/bind/annotation/DefaultMethod$Binder$MethodLocator$ForImplicitType
instanceKlass net/bytebuddy/implementation/bind/annotation/DefaultMethod$Binder
instanceKlass net/bytebuddy/implementation/bind/annotation/SuperMethodHandle$Binder
instanceKlass net/bytebuddy/implementation/bind/annotation/SuperMethod$Binder
instanceKlass net/bytebuddy/implementation/bind/annotation/DefaultCallHandle$Binder$DefaultMethodLocator$Implicit
instanceKlass net/bytebuddy/implementation/bind/annotation/DefaultCallHandle$Binder
instanceKlass net/bytebuddy/implementation/bind/annotation/DefaultCall$Binder$DefaultMethodLocator$Implicit
instanceKlass net/bytebuddy/implementation/bind/annotation/DefaultCall$Binder
instanceKlass net/bytebuddy/implementation/bind/annotation/SuperCallHandle$Binder
instanceKlass net/bytebuddy/implementation/bind/annotation/SuperCall$Binder
instanceKlass net/bytebuddy/implementation/bind/annotation/Default$Binder
instanceKlass net/bytebuddy/implementation/bind/annotation/Super$Instantiation
instanceKlass net/bytebuddy/implementation/bind/annotation/Super$Binder
instanceKlass net/bytebuddy/implementation/bytecode/constant/NullConstant
instanceKlass net/bytebuddy/implementation/bind/annotation/This$Binder
instanceKlass net/bytebuddy/implementation/bind/MethodDelegationBinder$ParameterBinding$Illegal
instanceKlass net/bytebuddy/implementation/bind/annotation/Origin$Binder
instanceKlass net/bytebuddy/implementation/bind/annotation/AllArguments$Assignment
instanceKlass net/bytebuddy/implementation/bind/annotation/AllArguments$Binder
instanceKlass net/bytebuddy/implementation/bind/annotation/Argument$BindingMechanic
instanceKlass net/bytebuddy/implementation/bind/annotation/Argument$Binder
instanceKlass net/bytebuddy/implementation/bind/MethodDelegationBinder$AmbiguityResolver$NoOp
instanceKlass net/bytebuddy/implementation/bind/ParameterLengthResolver
instanceKlass net/bytebuddy/implementation/bind/MethodNameEqualityResolver
instanceKlass net/bytebuddy/implementation/bind/ArgumentTypeResolver
instanceKlass net/bytebuddy/implementation/bind/DeclaringTypeResolver
instanceKlass net/bytebuddy/utility/ConstructorComparator
instanceKlass net/bytebuddy/implementation/bind/annotation/BindingPriority$Resolver
instanceKlass net/bytebuddy/utility/MethodComparator
instanceKlass net/bytebuddy/utility/GraalImageCode
instanceKlass net/bytebuddy/utility/dispatcher/JavaDispatcher$DynamicClassLoader$Resolver$CreationAction
instanceKlass net/bytebuddy/matcher/MethodSortMatcher$Sort
instanceKlass net/bytebuddy/matcher/ModifierMatcher$Mode
instanceKlass net/bytebuddy/ClassFileVersion$VersionLocator$Resolver
instanceKlass net/bytebuddy/matcher/StringMatcher$Mode
instanceKlass org/hibernate/query/ImmutableEntityUpdateQueryHandlingMode
instanceKlass org/hibernate/query/criteria/ValueHandlingMode
instanceKlass org/hibernate/boot/TempTableDdlTransactionHandling
instanceKlass org/hibernate/boot/SchemaAutoTooling
instanceKlass org/hibernate/query/NullPrecedence
instanceKlass org/hibernate/loader/BatchFetchStyle
instanceKlass org/hibernate/engine/jdbc/Size$LobMultiplier
instanceKlass org/hibernate/type/ForeignKeyDirection
instanceKlass org/hibernate/annotations/NotFoundAction
instanceKlass org/hibernate/boot/model/internal/ForeignKeyType
instanceKlass org/hibernate/annotations/FetchMode
instanceKlass org/hibernate/jpa/event/spi/CallbackType
instanceKlass org/hibernate/FetchMode
instanceKlass org/hibernate/annotations/CascadeType
instanceKlass org/hibernate/boot/model/convert/internal/AttributeConverterManager$ConversionSite
instanceKlass org/hibernate/boot/model/internal/BasicValueBinder$Kind
instanceKlass org/hibernate/boot/model/internal/Nullability
instanceKlass jakarta/persistence/CascadeType
instanceKlass jakarta/persistence/FetchType
instanceKlass jakarta/persistence/AccessType
instanceKlass jakarta/persistence/DiscriminatorType
instanceKlass org/hibernate/annotations/CacheConcurrencyStrategy
instanceKlass org/hibernate/engine/OptimisticLockStyle
instanceKlass org/hibernate/annotations/PolymorphismType
instanceKlass org/hibernate/annotations/OptimisticLockType
instanceKlass org/hibernate/boot/spi/AccessType
instanceKlass org/hibernate/boot/model/internal/AnnotatedClassType
instanceKlass jakarta/persistence/InheritanceType
instanceKlass jakarta/persistence/TemporalType
instanceKlass org/hibernate/TimeZoneStorageStrategy
instanceKlass org/hibernate/type/descriptor/jdbc/JdbcTypeFamilyInformation$Family
instanceKlass org/hibernate/dialect/NationalizationSupport
instanceKlass java/util/Comparators$NaturalOrderComparator
instanceKlass org/hibernate/type/descriptor/sql/internal/CapacityDependentDdlType$LobKind
instanceKlass org/hibernate/dialect/TimeZoneSupport
instanceKlass org/hibernate/engine/jdbc/env/internal/LobTypes
instanceKlass org/hibernate/engine/jdbc/env/spi/SQLStateType
instanceKlass org/hibernate/engine/jdbc/env/spi/IdentifierCaseStrategy
instanceKlass org/hibernate/engine/jdbc/env/spi/NameQualifierSupport
instanceKlass jdk/internal/icu/util/CodePointTrie$ValueWidth
instanceKlass jdk/internal/icu/util/CodePointTrie$Type
instanceKlass java/text/Normalizer$Form
instanceKlass org/hibernate/resource/transaction/spi/TransactionStatus
instanceKlass org/hibernate/ConnectionReleaseMode
instanceKlass org/hibernate/ConnectionAcquisitionMode
instanceKlass org/hibernate/resource/jdbc/spi/PhysicalConnectionHandlingMode
instanceKlass org/mariadb/jdbc/client/DataType
instanceKlass org/mariadb/jdbc/TransactionIsolation
instanceKlass org/mariadb/jdbc/export/SslMode
instanceKlass org/mariadb/jdbc/util/constants/CatalogTerm
instanceKlass org/mariadb/jdbc/export/HaMode
instanceKlass org/hibernate/boot/archive/scan/spi/ClassDescriptor$Categorization
instanceKlass org/jboss/jandex/Type$Kind
instanceKlass org/jboss/jandex/ClassInfo$NestingType
instanceKlass org/jboss/jandex/PrimitiveType$Primitive
instanceKlass org/hibernate/boot/jaxb/hbm/transform/UnsupportedFeatureHandling
instanceKlass org/hibernate/cfg/MetadataSourceType
instanceKlass jakarta/persistence/ConstraintMode
instanceKlass jakarta/persistence/SharedCacheMode
instanceKlass org/hibernate/type/WrapperArrayHandling
instanceKlass org/hibernate/annotations/TimeZoneStorageType
instanceKlass jakarta/persistence/metamodel/PluralAttribute$CollectionType
instanceKlass org/hibernate/metamodel/CollectionClassification
instanceKlass org/hibernate/cache/spi/access/AccessType
instanceKlass jakarta/persistence/GenerationType
instanceKlass jdk/xml/internal/JdkProperty$ImplPropMap
instanceKlass jdk/xml/internal/JdkXmlFeatures$XmlFeature
instanceKlass jdk/xml/internal/XMLSecurityManager$NameMap
instanceKlass jdk/xml/internal/XMLSecurityManager$Processor
instanceKlass jdk/xml/internal/XMLSecurityManager$Limit
instanceKlass jakarta/persistence/spi/PersistenceUnitTransactionType
instanceKlass org/hibernate/boot/registry/classloading/internal/TcclLookupPrecedence
instanceKlass org/jboss/logging/Logger$Level
instanceKlass java/math/RoundingMode
instanceKlass ch/qos/logback/core/rolling/helper/PeriodicityType
instanceKlass ch/qos/logback/core/rolling/SizeAndTimeBasedFNATP$Usage
instanceKlass ch/qos/logback/core/rolling/helper/CompressionMode
instanceKlass java/time/format/TextStyle
instanceKlass java/time/format/DateTimeFormatterBuilder$SettingsParser
instanceKlass java/time/format/ResolverStyle
instanceKlass java/time/format/SignStyle
instanceKlass java/time/temporal/JulianFields$Field
instanceKlass java/time/temporal/IsoFields$Unit
instanceKlass java/time/temporal/IsoFields$Field
instanceKlass ch/qos/logback/core/pattern/parser/TokenStream$TokenizerState
instanceKlass ch/qos/logback/core/util/AggregationType
instanceKlass ch/qos/logback/core/joran/spi/ConsoleTarget
instanceKlass ch/qos/logback/core/subst/Node$Type
instanceKlass ch/qos/logback/core/subst/Token$Type
instanceKlass ch/qos/logback/core/subst/Tokenizer$TokenizerState
instanceKlass ch/qos/logback/core/spi/FilterReply
instanceKlass ch/qos/logback/core/model/processor/ProcessingPhase
instanceKlass java/util/stream/MatchOps$MatchKind
instanceKlass com/sun/org/apache/xerces/internal/impl/XMLScanner$NameType
instanceKlass com/sun/org/apache/xerces/internal/util/Status
instanceKlass javax/xml/catalog/CatalogFeatures$Feature
instanceKlass com/sun/org/apache/xerces/internal/utils/XMLSecurityPropertyManager$Property
instanceKlass com/sun/org/apache/xerces/internal/utils/XMLSecurityPropertyManager$State
instanceKlass com/sun/org/apache/xerces/internal/utils/XMLSecurityManager$NameMap
instanceKlass jdk/xml/internal/JdkProperty$State
instanceKlass com/sun/org/apache/xerces/internal/utils/XMLSecurityManager$Limit
instanceKlass ch/qos/logback/core/spi/ConfigurationEvent$EventType
instanceKlass ch/qos/logback/classic/spi/Configurator$ExecutionStatus
instanceKlass javafx/scene/Scene$DragDetectedState
instanceKlass com/sun/prism/shape/ShapeRep$InvalidationType
instanceKlass com/sun/javafx/sg/prism/NGNode$RenderRootResult
instanceKlass com/sun/javafx/geom/Path2D$CornerPrefix
instanceKlass com/sun/scenario/effect/Effect$AccelType
instanceKlass com/sun/scenario/effect/impl/Renderer$RendererState
instanceKlass com/sun/scenario/effect/impl/state/RenderState$EffectCoordinateSpace
instanceKlass com/sun/javafx/geom/transform/BaseTransform$Degree
instanceKlass com/sun/prism/CompositeMode
instanceKlass com/sun/prism/Texture$Usage
instanceKlass javafx/scene/input/TransferMode
instanceKlass com/sun/prism/Texture$WrapMode
instanceKlass com/sun/javafx/sg/prism/NodeEffectInput$RenderType
instanceKlass com/sun/scenario/effect/AbstractShadow$ShadowMode
instanceKlass com/sun/javafx/scene/traversal/TraversalMethod
instanceKlass javafx/scene/layout/Priority
instanceKlass javafx/scene/shape/FillRule
instanceKlass javafx/scene/control/skin/TextInputControlSkin$Direction
instanceKlass javafx/scene/control/skin/TextInputControlSkin$TextUnit
instanceKlass com/sun/javafx/geom/BaseBounds$BoundsType
instanceKlass javafx/stage/PopupWindow$AnchorLocation
instanceKlass com/sun/javafx/scene/control/inputmap/KeyBinding$OptionalBoolean
instanceKlass javafx/animation/Animation$Status
instanceKlass javafx/scene/text/FontSmoothingType
instanceKlass javafx/scene/AccessibleAction
instanceKlass com/sun/prism/paint/Paint$Type
instanceKlass com/sun/scenario/effect/Blend$Mode
instanceKlass com/sun/javafx/sg/prism/NGNode$DirtyFlag
instanceKlass com/sun/javafx/tk/quantum/SwipeGestureRecognizer$SwipeRecognitionState
instanceKlass com/sun/glass/ui/GestureSupport$GestureState$StateId
instanceKlass com/sun/javafx/tk/FocusCause
instanceKlass javafx/scene/input/KeyCombination$ModifierValue
instanceKlass com/sun/javafx/logging/PlatformLogger$Level
instanceKlass javafx/geometry/Side
instanceKlass javafx/scene/control/ContentDisplay
instanceKlass javafx/scene/effect/BlendMode
instanceKlass javafx/scene/input/MouseButton
instanceKlass javafx/scene/Scene$DirtyBits
instanceKlass com/sun/javafx/cursor/CursorType
instanceKlass javafx/scene/text/FontPosture
instanceKlass javafx/scene/text/FontWeight
instanceKlass javafx/scene/layout/BackgroundRepeat
instanceKlass javafx/scene/effect/BlurType
instanceKlass javafx/scene/paint/CycleMethod
instanceKlass javafx/css/SizeUnits
instanceKlass com/sun/javafx/css/Combinator
instanceKlass javafx/scene/control/OverrunStyle
instanceKlass com/sun/javafx/sg/prism/NGShape$Mode
instanceKlass javafx/scene/text/TextAlignment
instanceKlass javafx/scene/text/TextBoundsType
instanceKlass javafx/scene/shape/StrokeLineCap
instanceKlass javafx/scene/shape/StrokeLineJoin
instanceKlass javafx/scene/shape/StrokeType
instanceKlass javafx/scene/input/KeyCode
instanceKlass com/sun/javafx/application/PlatformImpl$HighContrastScheme
instanceKlass javafx/application/ConditionalFeature
instanceKlass javafx/geometry/Orientation
instanceKlass javafx/scene/AccessibleAttribute$ToggleState
instanceKlass javafx/scene/AccessibleAttribute
instanceKlass com/sun/prism/PixelFormat$DataType
instanceKlass com/sun/prism/PixelFormat
instanceKlass javafx/scene/image/PixelFormat$Type
instanceKlass com/sun/javafx/iio/ImageStorage$ImageType
instanceKlass javafx/geometry/NodeOrientation
instanceKlass com/sun/javafx/effect/EffectDirtyBits
instanceKlass javafx/geometry/HPos
instanceKlass javafx/geometry/VPos
instanceKlass javafx/geometry/Pos
instanceKlass javafx/css/StyleOrigin
instanceKlass javafx/scene/AccessibleRole
instanceKlass com/sun/javafx/scene/LayoutFlags
instanceKlass com/sun/javafx/scene/DirtyBits
instanceKlass javafx/scene/DepthTest
instanceKlass javafx/scene/CacheHint
instanceKlass com/sun/javafx/scene/CssFlags
instanceKlass javafx/stage/Modality
instanceKlass javafx/stage/StageStyle
instanceKlass com/sun/prism/impl/ps/BaseShaderContext$SpecialShaderType
instanceKlass com/sun/prism/impl/ps/BaseShaderContext$MaskType
instanceKlass com/sun/prism/GraphicsPipeline$ShaderModel
instanceKlass com/sun/prism/GraphicsPipeline$ShaderType
instanceKlass com/sun/prism/impl/PrismSettings$RasterizerType
instanceKlass java/security/DrbgParameters$Capability
instanceKlass java/lang/constant/DirectMethodHandleDesc$Kind
instanceKlass java/lang/invoke/VarHandle$VarHandleDesc$Kind
instanceKlass java/io/ObjectInputFilter$Status
instanceKlass sun/security/util/KnownOIDs
instanceKlass com/sun/management/VMOption$Origin
instanceKlass java/lang/management/MemoryType
instanceKlass sun/util/locale/provider/LocaleProviderAdapter$Type
instanceKlass java/util/Locale$Category
instanceKlass java/util/regex/Pattern$Qtype
instanceKlass java/lang/annotation/RetentionPolicy
instanceKlass java/lang/StackStreamFactory$WalkerState
instanceKlass java/lang/StackWalker$ExtendedOption
instanceKlass java/lang/StackWalker$Option
instanceKlass java/time/temporal/ChronoUnit
instanceKlass java/time/temporal/ChronoField
instanceKlass java/lang/annotation/ElementType
instanceKlass java/lang/Thread$State
instanceKlass sun/util/logging/PlatformLogger$Level
instanceKlass java/lang/System$Logger$Level
instanceKlass java/net/Proxy$Type
instanceKlass java/net/StandardProtocolFamily
instanceKlass jdk/internal/logger/BootstrapLogger$LoggingBackend
instanceKlass java/util/concurrent/TimeUnit
instanceKlass java/nio/file/LinkOption
instanceKlass sun/nio/fs/WindowsPathType
instanceKlass java/nio/file/StandardOpenOption
instanceKlass java/util/stream/Collector$Characteristics
instanceKlass java/util/stream/StreamShape
instanceKlass java/lang/invoke/MethodHandles$Lookup$ClassOption
instanceKlass java/lang/invoke/VarHandle$AccessType
instanceKlass java/lang/invoke/VarHandle$AccessMode
instanceKlass java/lang/invoke/MethodHandleImpl$Intrinsic
instanceKlass java/lang/invoke/LambdaForm$BasicType
instanceKlass java/lang/invoke/LambdaForm$Kind
instanceKlass sun/invoke/util/Wrapper
instanceKlass java/util/stream/StreamOpFlag$Type
instanceKlass java/util/stream/StreamOpFlag
instanceKlass java/io/File$PathStatus
instanceKlass java/lang/module/ModuleDescriptor$Requires$Modifier
instanceKlass java/lang/module/ModuleDescriptor$Modifier
ciInstanceKlass java/lang/Enum 1 1 188 9 7 12 1 1 1 9 12 1 1 10 7 12 1 1 1 10 12 1 1 100 1 10 10 12 1 1 10 12 1 100 1 10 10 7 12 1 1 10 12 1 1 18 12 1 1 10 100 12 1 1 1 10 12 1 1 11 7 12 1 1 1 100 1 8 1 10 12 1 100 1 100 1 10 8 1 10 12 1 1 10 12 1 1 8 1 10 12 1 10 100 1 8 1 10 10 12 1 1 10 100 12 1 1 1 100 1 100 1 100 1 1 1 1 1 1 1 1 1 1 1 1 1 1 1 1 1 1 1 1 1 1 1 1 1 1 1 1 1 1 1 1 1 1 1 1 1 1 1 1 1 100 1 100 1 1 100 1 1 1 1 1 1 1 1 1 1 1 15 10 100 12 1 1 1 16 15 10 12 16 1 1 100 1 100 1 1
ciInstanceKlass java/lang/System 1 1 803 10 100 12 1 1 1 9 7 12 1 1 1 10 12 1 10 12 1 1 10 12 1 1 10 12 1 9 12 1 1 10 7 12 1 1 1 11 100 12 1 1 1 10 100 12 1 1 1 10 12 1 1 10 12 1 1 100 1 8 1 10 12 1 10 100 12 1 1 1 10 7 12 1 1 1 18 12 1 1 10 100 12 1 1 1 100 1 10 12 1 1 10 100 12 1 1 1 10 12 1 10 7 12 1 1 1 9 100 12 1 1 1 10 100 12 1 1 1 11 7 12 1 1 1 10 12 1 1 10 7 12 1 1 1 100 1 10 10 12 1 1 8 1 10 12 1 8 1 10 12 1 9 12 1 1 8 1 10 7 12 1 1 1 10 12 1 1 100 1 8 1 10 9 12 1 1 8 1 10 12 1 1 10 100 12 1 1 1 8 1 10 12 1 100 1 10 12 1 8 1 10 12 1 10 12 1 1 100 1 10 12 10 12 1 9 12 1 1 9 12 1 1 10 7 12 1 1 1 10 7 12 1 1 1 10 12 1 1 10 12 1 10 12 1 10 7 12 1 1 1 10 12 1 100 1 100 1 8 1 10 12 1 10 12 1 1 7 1 10 12 1 100 1 8 1 10 10 12 1 100 1 8 1 10 8 1 10 7 12 1 1 8 1 10 12 100 1 8 1 10 10 12 1 1 10 7 12 1 1 1 100 1 18 12 1 100 1 9 100 12 1 1 1 10 12 1 100 1 10 12 1 1 10 12 1 1 10 7 12 1 1 1 10 12 1 1 10 12 1 10 12 1 10 12 1 1 10 12 1 7 1 10 12 1 10 12 1 100 1 10 12 1 10 7 12 1 1 1 100 1 8 1 10 9 12 1 9 12 1 10 12 1 10 100 12 1 1 10 12 1 10 12 1 1 8 1 10 12 1 1 8 1 11 12 1 10 12 11 12 1 1 11 7 12 1 1 1 11 7 12 1 1 11 12 1 1 7 1 11 12 1 10 12 1 8 1 10 12 1 1 8 1 8 1 8 1 8 1 11 12 1 10 12 1 10 12 1 10 12 1 10 7 12 1 1 8 1 7 1 9 7 12 1 1 1 10 12 1 7 1 9 12 10 9 12 7 1 10 12 8 1 10 12 1 1 8 1 10 7 12 1 1 10 12 1 10 7 12 1 1 1 10 12 1 1 10 7 12 1 1 1 10 12 10 7 12 1 1 1 9 12 1 1 100 1 8 1 10 12 1 1 10 7 12 1 1 1 7 1 10 12 1 1 8 1 10 8 1 8 1 8 1 8 1 10 10 7 12 1 1 10 12 1 1 10 12 1 1 10 12 1 1 10 12 1 10 100 12 1 1 1 10 100 1 8 1 10 10 10 12 1 1 10 12 1 1 8 1 10 12 1 8 1 10 12 1 10 12 1 1 7 1 10 10 12 1 10 12 1 9 12 1 1 1 3 1 3 1 1 1 1 1 1 1 1 1 1 1 1 100 1 1 7 1 1 1 1 1 1 1 1 1 1 1 100 1 100 1 1 1 1 1 1 1 1 1 1 1 1 1 1 1 1 1 1 1 1 1 1 1 1 1 1 1 1 1 1 1 1 1 1 1 1 1 1 1 1 1 1 1 1 1 1 1 1 1 1 1 1 1 1 1 1 1 1 100 1 1 1 1 1 1 1 1 1 1 1 1 1 1 1 1 1 1 1 1 1 1 1 1 1 1 1 1 1 1 1 1 1 100 1 1 15 10 100 12 1 1 1 16 15 10 12 1 1 16 15 10 12 16 1 1 1 1 1 1 1 100 1 100 1 1
staticfield java/lang/System in Ljava/io/InputStream; java/io/BufferedInputStream
staticfield java/lang/System out Ljava/io/PrintStream; java/io/PrintStream
staticfield java/lang/System err Ljava/io/PrintStream; java/io/PrintStream
instanceKlass net/bytebuddy/dynamic/loading/InjectionClassLoader
instanceKlass net/bytebuddy/utility/dispatcher/JavaDispatcher$DynamicClassLoader
instanceKlass org/hibernate/boot/registry/classloading/internal/AggregatedClassLoader
instanceKlass javax/management/remote/rmi/RMIConnectionImpl$CombinedClassLoader$ClassLoaderWrapper
instanceKlass javax/management/remote/rmi/RMIConnectionImpl$CombinedClassLoader
instanceKlass com/sun/jmx/remote/util/ClassLoaderWithRepository
instanceKlass jdk/internal/reflect/DelegatingClassLoader
instanceKlass java/security/SecureClassLoader
ciInstanceKlass java/lang/ClassLoader 1 1 1098 9 7 12 1 1 1 10 7 12 1 1 1 9 12 1 1 10 7 12 1 1 1 7 1 10 12 1 1 10 12 1 1 9 12 1 1 10 12 1 1 100 1 10 12 1 10 12 1 1 10 7 12 1 1 1 100 1 8 1 10 12 1 10 7 12 1 1 1 10 100 12 1 10 7 1 10 7 1 7 1 7 1 10 12 1 10 12 1 9 12 1 1 10 10 7 12 1 1 1 9 12 1 1 9 12 1 9 12 1 1 9 12 1 9 12 1 1 9 12 1 1 7 1 10 12 1 9 12 1 1 10 12 1 1 10 7 12 1 1 1 9 12 1 9 12 1 1 9 12 1 10 12 1 1 9 12 10 12 1 1 7 1 10 8 1 10 12 1 1 10 12 1 10 7 1 7 1 10 12 1 1 10 7 12 1 1 1 8 1 10 12 1 10 12 1 10 12 1 1 10 12 1 1 10 12 1 1 10 12 1 1 10 12 1 1 10 12 1 7 1 10 12 1 10 7 12 1 1 1 10 12 1 1 10 12 1 10 12 1 10 12 1 10 12 1 10 12 1 1 10 10 12 1 10 12 1 10 100 12 1 1 10 12 1 1 10 12 1 1 10 12 1 100 1 10 12 1 100 1 10 12 1 10 100 12 1 1 1 10 10 12 1 1 10 12 1 1 100 1 8 1 10 8 1 10 12 1 10 12 1 100 1 8 1 10 12 1 1 10 12 1 1 10 10 12 1 1 10 12 1 1 10 12 1 1 10 7 1 10 12 1 1 10 12 1 1 10 12 1 1 10 12 1 1 10 12 1 1 10 12 1 1 10 12 1 10 7 12 1 1 1 10 12 1 10 12 1 10 12 1 1 10 12 1 10 12 1 10 12 1 10 12 1 1 10 12 1 10 12 1 1 8 1 9 12 1 10 12 1 1 8 1 8 1 10 7 12 1 1 100 1 10 10 12 10 12 1 10 12 1 10 12 1 10 12 1 1 10 7 12 1 1 10 12 1 10 7 1 7 1 10 12 1 1 10 12 1 10 7 1 10 12 1 100 1 18 12 1 10 100 12 1 1 1 10 100 12 1 1 1 10 7 12 1 1 10 12 1 1 10 12 1 10 12 1 1 7 1 10 12 1 10 12 1 1 10 7 12 1 1 10 12 1 8 1 100 1 10 10 12 1 9 12 1 10 7 12 1 1 10 12 1 100 1 8 1 10 12 1 10 8 1 8 1 10 12 1 1 10 12 1 1 10 12 1 1 10 100 12 1 1 1 100 1 100 1 10 12 1 1 100 1 100 1 10 100 12 1 1 10 12 1 10 12 1 1 10 12 1 10 12 1 1 10 12 1 1 9 100 12 1 1 1 10 12 1 1 10 12 1 10 12 1 10 12 1 1 10 12 1 8 1 10 12 1 7 1 18 12 1 1 10 12 1 1 10 12 1 10 12 1 10 12 1 8 1 10 12 1 10 12 1 18 12 1 11 100 12 1 1 1 100 1 10 12 1 1 10 12 1 10 11 12 1 1 10 18 10 12 1 1 11 100 12 1 18 12 1 11 12 1 1 10 12 10 12 1 1 10 12 1 1 7 1 8 1 10 10 12 1 8 1 8 1 10 100 12 1 1 10 12 1 100 1 10 10 12 1 8 1 8 1 8 1 10 12 1 10 12 1 1 10 12 1 10 100 12 1 1 1 11 100 12 1 1 100 1 10 11 10 12 1 10 12 1 10 12 1 1 9 100 12 1 1 9 12 1 1 9 12 9 12 1 9 12 1 9 12 1 8 10 12 1 1 10 7 12 1 1 1 10 12 1 1 10 12 1 1 10 12 1 10 10 12 1 11 12 1 1 10 100 12 1 1 1 100 1 10 12 1 10 12 1 10 12 1 1 1 1 1 1 1 1 1 1 1 1 1 1 1 1 1 1 1 1 1 1 1 1 1 1 1 1 100 1 1 1 1 1 1 1 1 1 1 1 1 1 1 1 1 1 1 1 1 1 100 1 1 1 1 1 1 1 1 1 1 100 1 1 1 1 1 1 1 1 1 1 1 1 1 1 1 1 1 1 1 1 1 1 1 1 1 1 1 1 1 1 1 1 1 1 1 1 1 1 1 1 1 100 1 1 1 1 1 1 1 1 1 1 1 1 1 1 1 1 1 1 100 1 1 1 1 1 1 1 1 1 1 1 1 1 1 1 1 1 1 1 1 1 1 1 1 1 1 1 1 1 1 1 1 1 1 1 1 1 1 1 1 1 1 1 1 1 1 1 1 1 1 1 100 1 1 1 1 1 1 1 1 1 1 1 1 1 1 1 1 1 1 1 1 1 1 1 1 1 1 1 1 1 1 1 1 1 1 1 1 1 1 1 1 1 1 1 1 1 1 15 10 7 12 1 1 1 16 1 15 10 12 16 1 16 15 10 12 16 1 16 1 15 10 12 16 15 10 12 16 15 10 12 16 1 1 100 1 100 1 1
staticfield java/lang/ClassLoader nocerts [Ljava/security/cert/Certificate; 0 [Ljava/security/cert/Certificate;
staticfield java/lang/ClassLoader $assertionsDisabled Z 1
ciInstanceKlass jdk/internal/reflect/DelegatingClassLoader 1 1 18 10 7 12 1 1 1 100 1 1 1 1 1 1 1 1 1 1
instanceKlass com/sun/javafx/reflect/MethodUtil
instanceKlass sun/reflect/misc/MethodUtil
instanceKlass java/net/URLClassLoader
instanceKlass jdk/internal/loader/BuiltinClassLoader
ciInstanceKlass java/security/SecureClassLoader 1 1 102 10 7 12 1 1 1 7 1 10 12 1 9 7 12 1 1 1 10 12 1 10 12 1 10 12 1 1 10 12 1 1 10 12 1 7 1 10 7 1 10 12 1 7 1 10 12 1 11 7 12 1 1 1 7 1 11 12 1 10 12 1 1 1 1 1 1 1 1 1 1 1 1 1 1 1 1 1 1 1 1 1 1 1 1 1 1 1 1 1 1 1 1 1 1 1 1 100 1 1 1 1
instanceKlass jdk/internal/loader/ClassLoaders$BootClassLoader
instanceKlass jdk/internal/loader/ClassLoaders$PlatformClassLoader
instanceKlass jdk/internal/loader/ClassLoaders$AppClassLoader
ciInstanceKlass jdk/internal/loader/BuiltinClassLoader 1 1 737 9 7 12 1 1 1 10 7 12 1 1 1 10 7 12 1 1 1 9 12 1 1 9 12 1 1 7 1 10 12 1 9 12 1 10 12 1 9 12 1 10 7 12 1 1 1 10 7 12 1 1 1 10 7 12 1 1 1 11 7 12 1 1 1 100 1 100 1 10 10 12 1 1 8 1 10 12 1 10 12 7 1 10 12 1 10 12 1 1 11 7 12 1 1 1 11 7 12 1 1 1 11 12 1 1 7 1 8 1 8 1 10 9 12 1 1 10 7 12 1 1 11 12 1 1 10 12 1 1 10 12 1 1 10 12 1 1 10 7 12 1 1 1 10 12 1 10 7 12 1 1 1 10 12 1 1 11 7 12 1 1 1 10 7 12 1 1 7 1 10 7 12 1 1 1 10 12 1 100 1 8 1 10 12 1 1 10 8 1 10 12 1 1 10 12 1 1 10 12 1 1 11 7 12 1 1 11 12 1 7 1 10 11 12 1 1 11 10 12 1 1 7 1 10 12 1 10 7 12 1 10 12 1 7 1 10 12 1 10 7 12 1 1 1 100 1 10 12 1 1 11 12 1 100 1 100 1 10 12 1 10 12 1 1 100 1 100 1 10 12 1 10 12 1 18 12 1 1 10 12 1 10 12 1 1 18 100 1 10 7 12 1 1 1 7 1 10 10 12 1 1 10 12 1 1 10 12 1 1 10 12 1 9 12 1 1 100 1 10 10 12 1 1 10 12 1 1 10 12 1 10 12 10 12 1 1 10 12 1 1 10 12 1 1 10 12 1 10 12 1 1 18 12 1 7 1 10 12 1 1 10 12 1 10 12 1 1 10 12 1 100 1 10 12 1 7 1 10 12 1 10 7 12 1 1 1 10 12 1 11 12 1 7 1 10 12 1 7 1 100 1 10 12 1 10 12 1 11 12 1 1 10 12 1 1 10 12 1 1 10 12 1 1 10 12 1 1 10 12 1 10 12 1 10 12 1 10 12 1 8 1 10 12 1 1 10 7 12 1 1 10 12 1 100 1 8 1 8 1 10 10 12 1 8 1 8 1 10 7 12 1 1 1 11 7 12 1 1 1 9 7 12 1 1 1 10 7 12 1 1 1 9 12 1 9 12 1 9 12 1 9 12 1 9 12 1 9 12 1 10 7 12 1 1 1 8 1 10 12 1 7 1 10 12 1 1 10 12 1 7 1 10 11 12 1 1 10 12 10 12 1 10 12 1 100 1 10 12 1 10 12 1 10 10 12 1 10 7 12 1 1 8 1 10 7 12 1 1 10 12 1 1 1 1 1 1 1 1 1 1 1 1 1 1 1 1 1 1 1 1 1 1 1 1 1 1 1 1 1 1 1 1 1 1 1 1 1 1 1 1 1 1 1 1 1 1 1 1 1 1 1 1 1 1 1 1 100 1 1 1 1 1 1 1 1 1 1 1 1 1 1 1 1 1 1 100 1 100 1 1 1 1 1 1 1 1 1 1 1 1 1 1 1 1 1 1 1 1 1 1 1 1 1 1 1 1 1 1 1 1 1 1 1 1 1 1 1 1 1 1 1 1 1 1 1 1 1 1 1 100 1 1 15 10 100 12 1 1 1 16 15 10 12 16 15 10 12 16 15 10 12 16 1 1 1 100 1 1 1 1 1 100 1 100 1 1
staticfield jdk/internal/loader/BuiltinClassLoader packageToModule Ljava/util/Map; java/util/concurrent/ConcurrentHashMap
staticfield jdk/internal/loader/BuiltinClassLoader $assertionsDisabled Z 1
ciInstanceKlass java/security/AccessController 1 1 295 10 100 12 1 1 1 10 7 12 1 1 1 10 7 12 1 1 1 10 12 1 1 10 12 1 1 10 7 12 1 1 1 10 12 1 1 10 12 1 10 12 1 1 10 12 1 100 1 8 1 10 12 1 10 12 1 10 12 1 1 10 12 1 100 1 100 1 10 12 1 1 10 12 1 10 12 1 10 12 1 1 10 7 12 1 1 1 10 12 1 1 9 100 12 1 1 1 10 100 12 1 1 1 10 12 1 10 12 1 9 100 12 1 1 1 10 12 1 10 12 1 1 9 12 1 1 10 100 1 10 11 7 12 1 1 1 10 7 12 1 1 11 7 1 7 1 10 12 1 10 12 1 10 12 1 8 1 10 12 1 1 8 1 10 100 12 1 1 1 8 1 100 1 10 10 12 1 1 10 12 1 10 7 12 1 1 1 10 12 1 8 1 10 100 12 1 1 8 1 8 1 10 12 1 8 1 10 12 1 10 12 1 1 10 12 1 1 1 1 1 1 1 1 1 1 1 1 1 1 1 1 1 1 1 1 1 1 1 1 1 1 1 1 100 1 1 1 1 1 1 1 1 1 1 1 1 1 1 1 1 1 1 1 1 1 1 1 1 1 1 1 1 1 1 1 1 1 1 100 1 7 1 1 1 1 1 1 1 1 1 3 1 1 1
staticfield java/security/AccessController $assertionsDisabled Z 1
instanceKlass jdk/internal/reflect/GeneratedConstructorAccessor8
instanceKlass jdk/internal/reflect/GeneratedConstructorAccessor7
instanceKlass jdk/internal/reflect/GeneratedConstructorAccessor6
instanceKlass jdk/internal/reflect/GeneratedConstructorAccessor5
instanceKlass jdk/internal/reflect/GeneratedConstructorAccessor4
instanceKlass jdk/internal/reflect/GeneratedConstructorAccessor3
instanceKlass jdk/internal/reflect/SerializationConstructorAccessorImpl
instanceKlass jdk/internal/reflect/GeneratedConstructorAccessor2
instanceKlass jdk/internal/reflect/BootstrapConstructorAccessorImpl
instanceKlass jdk/internal/reflect/GeneratedConstructorAccessor1
instanceKlass jdk/internal/reflect/DelegatingConstructorAccessorImpl
instanceKlass jdk/internal/reflect/NativeConstructorAccessorImpl
ciInstanceKlass jdk/internal/reflect/ConstructorAccessorImpl 1 1 27 10 7 12 1 1 1 100 1 100 1 1 1 1 1 1 1 1 1 100 1 100 1 100 1 1 1
instanceKlass jdk/internal/reflect/FieldAccessorImpl
instanceKlass jdk/internal/reflect/ConstructorAccessorImpl
instanceKlass jdk/internal/reflect/MethodAccessorImpl
ciInstanceKlass jdk/internal/reflect/MagicAccessorImpl 1 1 16 10 7 12 1 1 1 100 1 1 1 1 1 1 1 1
instanceKlass jdk/internal/reflect/GeneratedMethodAccessor26
instanceKlass jdk/internal/reflect/GeneratedMethodAccessor25
instanceKlass jdk/internal/reflect/GeneratedMethodAccessor24
instanceKlass jdk/internal/reflect/GeneratedMethodAccessor23
instanceKlass jdk/internal/reflect/GeneratedMethodAccessor22
instanceKlass jdk/internal/reflect/GeneratedMethodAccessor21
instanceKlass jdk/internal/reflect/GeneratedMethodAccessor20
instanceKlass jdk/internal/reflect/GeneratedMethodAccessor19
instanceKlass jdk/internal/reflect/GeneratedMethodAccessor18
instanceKlass jdk/internal/reflect/GeneratedMethodAccessor17
instanceKlass jdk/internal/reflect/GeneratedMethodAccessor16
instanceKlass jdk/internal/reflect/GeneratedMethodAccessor15
instanceKlass jdk/internal/reflect/GeneratedMethodAccessor14
instanceKlass jdk/internal/reflect/GeneratedMethodAccessor13
instanceKlass jdk/internal/reflect/GeneratedMethodAccessor12
instanceKlass jdk/internal/reflect/GeneratedMethodAccessor11
instanceKlass jdk/internal/reflect/GeneratedMethodAccessor10
instanceKlass jdk/internal/reflect/GeneratedMethodAccessor9
instanceKlass jdk/internal/reflect/GeneratedMethodAccessor8
instanceKlass jdk/internal/reflect/GeneratedMethodAccessor7
instanceKlass jdk/internal/reflect/GeneratedMethodAccessor6
instanceKlass jdk/internal/reflect/GeneratedMethodAccessor5
instanceKlass jdk/internal/reflect/GeneratedMethodAccessor4
instanceKlass jdk/internal/reflect/GeneratedMethodAccessor3
instanceKlass jdk/internal/reflect/GeneratedMethodAccessor2
instanceKlass jdk/internal/reflect/GeneratedMethodAccessor1
instanceKlass jdk/internal/reflect/DelegatingMethodAccessorImpl
instanceKlass jdk/internal/reflect/NativeMethodAccessorImpl
ciInstanceKlass jdk/internal/reflect/MethodAccessorImpl 1 1 25 10 7 12 1 1 1 100 1 100 1 1 1 1 1 1 1 1 1 100 1 100 1 1 1
ciInstanceKlass java/lang/Module 1 1 959 10 7 12 1 1 1 9 7 12 1 1 1 10 7 12 1 1 1 9 12 1 9 12 1 1 9 12 1 1 10 12 1 1 10 12 1 10 12 1 1 10 7 12 1 1 1 7 1 10 7 12 1 1 1 10 12 1 1 11 7 12 1 1 1 10 12 1 1 10 7 12 1 1 1 10 12 1 1 10 7 12 1 1 1 9 100 12 1 1 1 10 100 12 1 1 1 10 12 1 8 1 10 7 12 1 1 1 10 7 12 1 1 1 9 12 1 1 9 12 1 1 10 12 1 9 12 1 1 11 12 1 9 7 12 1 1 10 7 12 1 1 1 10 7 12 1 1 1 10 12 1 1 100 1 7 1 10 10 12 1 1 8 1 10 12 1 10 12 10 12 1 10 12 1 1 10 12 1 1 10 12 1 1 9 7 12 1 1 1 10 12 1 1 10 12 1 1 9 12 1 10 12 1 10 12 1 9 12 1 1 11 7 12 1 1 10 12 1 1 9 12 1 9 12 1 10 12 1 10 12 1 100 1 8 1 10 10 12 1 1 10 12 1 8 1 10 12 1 1 8 1 8 1 10 12 1 1 10 12 1 10 12 1 1 18 12 1 1 10 12 1 1 11 12 1 9 12 1 11 12 10 100 12 1 1 100 1 8 1 10 7 1 11 12 1 1 10 12 1 10 12 1 10 12 1 1 11 12 1 1 11 7 12 1 1 11 12 1 1 9 12 1 11 12 1 10 12 1 1 10 12 1 1 9 12 1 10 12 10 7 12 1 1 10 7 12 1 1 10 7 1 18 12 1 1 11 100 12 1 1 1 18 12 1 11 12 1 1 10 100 12 1 1 1 11 12 1 1 10 7 12 1 1 4 7 1 11 12 1 7 1 7 1 10 10 7 12 1 1 1 10 11 7 12 1 8 1 10 10 12 1 1 10 7 12 1 1 10 12 1 10 12 1 7 1 10 12 1 10 11 12 1 1 10 12 10 12 1 1 9 12 1 100 1 10 10 12 1 1 11 100 1 10 12 1 1 11 12 1 10 10 12 1 11 10 12 1 1 10 12 1 1 10 12 1 1 10 7 12 1 1 10 12 1 10 12 1 1 10 10 12 1 1 10 12 1 18 12 1 11 12 1 18 12 1 10 12 1 10 12 1 10 12 7 1 10 12 1 10 12 1 10 12 1 9 12 1 7 1 10 10 10 10 12 1 10 12 1 10 12 1 10 12 1 1 10 12 1 1 10 12 1 9 12 1 18 12 1 1 10 100 12 1 1 1 100 1 8 1 10 12 1 1 10 12 1 1 10 100 12 1 1 100 1 10 12 1 1 100 1 8 1 100 1 10 100 1 100 1 3 10 12 1 100 1 10 12 1 10 12 1 1 10 12 1 1 100 1 10 12 1 10 12 1 1 100 1 100 1 10 12 8 1 10 12 1 1 10 12 1 1 10 7 12 1 1 10 12 1 1 10 12 1 10 12 10 12 1 1 7 1 10 10 12 1 1 10 100 12 1 1 1 100 1 8 1 10 12 1 1 10 7 12 1 1 8 1 10 12 1 8 1 10 12 1 10 12 10 12 1 8 1 10 10 100 12 1 1 7 1 10 10 12 1 10 7 12 1 1 9 12 1 9 12 1 9 12 1 9 12 1 10 12 11 12 1 10 12 1 100 1 1 1 1 1 1 1 1 1 1 1 1 1 1 1 1 100 1 1 1 1 1 1 1 1 1 1 1 1 1 1 1 1 1 1 1 1 1 1 1 1 1 1 1 1 1 1 1 1 1 1 1 1 1 1 1 1 1 1 1 1 1 1 1 1 1 1 1 1 1 1 1 1 1 1 1 1 1 1 1 1 1 1 1 1 1 1 1 1 1 1 1 1 1 1 1 1 1 1 1 100 100 1 1 1 1 1 1 1 1 1 1 1 1 1 1 1 1 1 1 1 1 1 1 1 1 1 1 1 1 1 1 1 1 1 1 100 1 100 1 7 1 1 1 1 1 1 1 1 1 1 1 1 1 1 1 1 1 1 1 1 1 1 1 1 1 1 1 1 15 10 7 12 1 1 1 16 15 10 12 16 16 15 10 12 16 16 15 10 16 1 15 10 12 16 1 15 10 12 16 1 16 15 10 12 16 1 1 1 1 1 1 1 100 1 100 1 1
staticfield java/lang/Module ALL_UNNAMED_MODULE Ljava/lang/Module; java/lang/Module
staticfield java/lang/Module ALL_UNNAMED_MODULE_SET Ljava/util/Set; java/util/ImmutableCollections$Set12
staticfield java/lang/Module EVERYONE_MODULE Ljava/lang/Module; java/lang/Module
staticfield java/lang/Module EVERYONE_SET Ljava/util/Set; java/util/ImmutableCollections$Set12
staticfield java/lang/Module $assertionsDisabled Z 1
instanceKlass org/hibernate/internal/util/collections/LinkedIdentityHashMap$ArraySet
instanceKlass org/hibernate/sql/model/ast/ColumnValueBindingList
instanceKlass org/hibernate/sql/model/ast/ColumnValueParameterList
instanceKlass javax/management/AttributeList
ciInstanceKlass java/util/ArrayList 1 1 492 10 7 12 1 1 1 7 1 9 7 12 1 1 1 9 12 1 100 1 100 1 10 8 1 10 12 1 1 10 12 1 10 12 1 1 10 12 1 9 12 1 11 7 12 1 1 1 9 12 1 1 10 12 1 1 7 10 7 12 1 1 1 9 12 1 10 12 1 10 12 1 1 10 7 12 1 1 1 10 7 12 1 1 1 10 12 1 1 10 12 1 1 10 12 1 1 10 12 1 10 12 1 1 100 1 100 1 10 12 1 10 7 12 1 1 1 10 7 12 1 1 10 12 1 10 12 10 12 1 1 10 12 1 1 10 12 1 1 7 1 10 12 1 1 10 12 1 1 10 12 1 100 1 10 11 12 1 1 11 7 12 1 1 1 11 12 1 10 12 1 10 12 1 10 12 1 1 100 1 10 12 1 1 10 10 12 1 1 10 12 1 8 1 8 1 8 1 8 1 10 12 1 1 10 12 1 1 11 12 1 100 1 10 100 12 1 1 10 12 1 10 12 1 1 10 100 12 1 1 10 12 1 10 100 12 1 1 1 11 100 12 1 1 1 10 12 1 100 1 8 1 10 7 1 10 12 1 7 1 10 12 1 10 12 1 1 7 1 10 12 1 10 12 1 1 11 7 12 1 1 7 1 10 12 1 10 12 1 1 11 7 12 1 1 10 12 1 1 10 12 1 1 10 12 1 1 10 12 1 1 11 100 12 1 1 10 12 1 1 100 1 100 1 100 1 1 1 1 5 0 1 3 1 1 1 1 1 1 1 1 1 1 1 1 1 1 1 1 1 1 1 1 1 1 1 1 1 1 1 1 1 1 1 1 1 1 1 1 1 1 1 1 1 1 1 1 1 1 1 1 1 1 1 1 1 1 1 1 1 1 1 1 1 1 1 1 1 1 1 1 1 1 1 1 1 1 1 1 1 1 1 1 1 1 1 1 1 1 1 1 1 1 1 1 1 1 1 1 100 1 1 1 1 100 1 1 1 1 1 1 1 1 1 1 1 1 1 1 1 1 1 1 1 1 1 1 1 1 1 1 1 1 1 100 1 1 1 1 1 1 1 1 1 1 1 1 1 1 1 1 1 1 100 1 100 1 1 1 1 1 1
staticfield java/util/ArrayList EMPTY_ELEMENTDATA [Ljava/lang/Object; 0 [Ljava/lang/Object;
staticfield java/util/ArrayList DEFAULTCAPACITY_EMPTY_ELEMENTDATA [Ljava/lang/Object; 0 [Ljava/lang/Object;
ciInstanceKlass java/util/concurrent/ConcurrentHashMap 1 1 1210 7 1 7 1 3 10 12 1 1 3 100 1 10 7 12 1 1 1 100 1 10 100 12 1 1 1 100 1 11 12 1 1 11 12 1 11 12 1 1 9 12 1 1 9 12 1 1 9 12 1 10 7 12 1 1 1 7 1 10 12 1 1 10 12 1 1 10 7 12 1 1 1 4 10 12 1 9 12 1 10 12 1 1 100 1 10 5 0 10 12 1 10 12 1 1 5 0 10 12 1 1 10 12 1 9 12 1 1 10 12 1 1 9 12 1 9 12 1 1 10 12 1 1 9 12 1 10 12 1 1 9 12 1 1 10 12 1 1 100 1 10 100 1 10 12 1 10 12 1 1 10 12 1 1 10 12 1 1 10 12 1 10 12 1 1 10 12 1 1 100 1 10 12 1 1 7 1 100 1 8 1 10 12 1 10 12 1 1 10 12 1 1 11 7 12 1 1 10 12 1 1 11 12 1 1 11 7 12 1 1 1 11 7 12 1 1 1 11 12 1 7 1 11 12 1 11 12 1 10 12 1 1 10 12 1 1 9 12 1 1 10 100 12 1 1 1 9 10 12 1 1 9 12 1 10 12 1 1 5 0 9 12 1 1 7 1 10 12 1 9 12 1 1 7 1 10 12 1 9 12 1 7 1 10 100 1 10 10 12 1 1 8 1 10 12 1 10 12 1 1 11 100 1 10 12 1 10 100 12 1 1 1 8 1 10 100 12 1 1 1 8 1 10 12 1 8 1 10 12 1 10 12 1 1 10 100 12 1 1 10 12 1 10 12 1 10 12 1 9 12 1 9 10 12 1 9 12 1 1 11 100 12 1 1 1 11 7 12 1 1 1 100 1 10 12 11 100 12 1 1 10 11 7 12 1 10 12 1 100 1 10 12 1 7 1 10 10 9 100 12 1 1 1 10 12 3 10 100 12 1 1 9 12 1 10 12 1 1 9 12 1 1 9 12 1 10 12 1 1 10 100 12 1 1 9 12 1 9 7 12 1 1 10 12 1 1 10 12 1 3 9 12 1 9 12 1 10 12 1 1 7 1 9 3 9 12 1 100 1 10 12 1 9 12 1 10 12 1 9 12 1 10 12 1 9 12 1 10 100 12 1 1 1 100 10 12 1 100 1 5 0 10 100 12 1 1 100 1 10 12 1 1 10 12 1 10 12 1 100 1 10 12 1 10 100 1 100 1 10 10 12 1 10 100 1 10 12 1 10 100 1 10 12 1 10 100 1 10 12 1 1 100 1 10 12 1 10 10 12 1 100 1 10 12 1 10 10 12 1 100 1 10 12 1 10 100 1 10 12 1 10 100 1 10 12 1 10 100 1 10 12 1 10 100 1 10 12 1 10 100 1 10 12 1 10 100 1 10 12 1 10 100 1 10 12 1 10 100 1 10 10 100 1 10 10 100 1 10 10 100 1 10 12 1 10 100 1 10 12 1 10 100 1 10 12 1 10 100 1 10 12 1 10 100 1 10 12 1 10 100 1 10 10 100 1 10 10 100 1 10 10 100 1 10 12 1 10 100 1 10 12 1 10 100 1 10 12 1 10 100 1 10 12 1 10 100 1 10 12 1 10 10 12 1 10 7 12 1 1 1 10 12 1 7 1 7 1 10 12 1 9 12 1 1 9 12 1 1 10 12 1 1 8 10 12 1 1 8 8 8 8 7 10 12 1 1 10 12 1 100 1 8 1 10 7 1 100 1 100 1 1 1 5 0 1 1 3 1 3 1 1 1 1 3 1 3 1 3 1 1 1 1 1 3 1 3 1 3 1 1 1 1 1 1 1 1 1 1 1 1 1 1 1 1 1 1 1 1 1 1 1 1 1 100 1 1 1 1 1 1 1 1 1 1 1 1 1 1 1 1 1 1 1 1 1 1 1 1 1 1 1 1 1 1 1 1 1 1 1 1 1 1 1 1 1 1 1 1 1 1 1 1 1 1 1 1 1 1 1 1 1 1 1 1 1 1 1 1 1 1 1 1 1 1 1 1 1 1 1 1 1 1 1 1 1 1 1 1 100 1 1 1 1 1 1 1 1 1 1 1 100 1 1 1 1 1 1 1 1 1 1 1 1 1 1 1 1 1 1 1 1 1 1 1 1 1 1 1 1 1 1 1 1 1 1 1 1 1 1 1 1 1 1 1 1 1 1 1 1 1 1 1 1 1 1 1 1 1 1 1 1 1 1 1 1 1 1 1 1 1 1 1 1 1 1 1 1 1 1 1 1 1 1 1 1 1 1 1 1 1 1 1 1 1 1 1 1 1 1 1 1 1 1 1 1 1 1 1 1 1 1 1 1 1 1 1 1 1 1 1 1 1 1 1 1 1 1 1 1 1 1 1 1 1 1 1 1 1 1 1 1 1 1 1 1 1 1 1 1 1 1 1 1 1 1 1 1 1 1 1 1 1 1 1 1 1 1 1 1 1 1 1 1 1 1 1 1 1 1 1 1 1 1 1 1 1 1 1 1 1 1 1 1 1 1 1 1 1 1 1 1 1 1 1 1 1 1 1 1 1 1 1 1 1 1 1 1 1 1 1 1 1 1 1 100 1 100 1 100 1 100 1 100 1 100 1 100 1 100 1 100 1 1 1 1 1 1 1 1 1 1 1 1 1 1 1 1 1 1 1 1 1 1 1 1 1 1 1 1 1 1 1 1 1 1 1 1 1 1 1 1 1 1 1 1 1 1 1 1 1 1 1 1 1 1 1 1 1 1
staticfield java/util/concurrent/ConcurrentHashMap NCPU I 16
staticfield java/util/concurrent/ConcurrentHashMap serialPersistentFields [Ljava/io/ObjectStreamField; 3 [Ljava/io/ObjectStreamField;
staticfield java/util/concurrent/ConcurrentHashMap U Ljdk/internal/misc/Unsafe; jdk/internal/misc/Unsafe
staticfield java/util/concurrent/ConcurrentHashMap SIZECTL J 20
staticfield java/util/concurrent/ConcurrentHashMap TRANSFERINDEX J 32
staticfield java/util/concurrent/ConcurrentHashMap BASECOUNT J 24
staticfield java/util/concurrent/ConcurrentHashMap CELLSBUSY J 36
staticfield java/util/concurrent/ConcurrentHashMap CELLVALUE J 144
staticfield java/util/concurrent/ConcurrentHashMap ABASE I 16
staticfield java/util/concurrent/ConcurrentHashMap ASHIFT I 2
ciInstanceKlass java/lang/String 1 1 1396 10 7 12 1 1 1 8 1 9 7 12 1 1 1 9 12 1 1 9 12 1 1 10 12 1 10 12 1 1 10 12 1 1 9 12 1 1 10 7 12 1 1 1 10 7 1 10 7 12 1 1 1 10 12 1 1 10 12 1 1 10 12 1 10 12 1 1 10 12 1 10 7 12 1 1 1 9 7 12 1 1 1 10 7 12 1 1 1 10 12 1 1 10 12 1 1 10 12 1 1 10 12 1 1 10 12 1 1 9 7 12 1 1 10 12 9 7 12 1 1 3 10 7 12 1 1 1 7 1 11 12 1 1 11 12 1 11 12 1 1 10 7 12 1 1 1 10 12 1 1 9 7 12 1 1 1 10 12 1 1 10 12 1 11 12 1 1 10 12 1 1 10 12 10 12 1 1 10 7 12 1 1 1 10 7 12 1 1 1 10 12 1 1 7 1 100 1 10 12 1 10 12 1 10 12 1 1 100 1 10 12 1 1 100 1 10 12 1 1 10 12 1 1 10 10 12 1 100 1 100 1 7 1 10 12 1 10 12 1 1 10 12 1 1 10 12 1 10 12 1 1 10 12 1 1 10 100 12 1 1 100 1 11 11 12 1 11 12 1 10 12 1 1 10 12 1 10 12 10 12 1 1 10 10 7 12 1 1 1 10 7 12 1 1 10 12 1 1 10 7 12 1 1 10 12 1 10 12 1 1 10 12 1 1 10 12 1 10 12 1 10 12 1 1 100 1 10 12 1 1 10 12 10 12 1 10 12 1 1 10 7 12 1 1 1 10 12 1 10 12 1 1 10 12 1 10 12 1 3 3 10 12 1 10 12 1 1 10 12 1 1 10 12 1 1 10 12 1 10 12 1 1 10 12 1 1 10 12 1 10 12 1 10 12 1 10 12 1 1 10 12 1 10 12 1 10 12 1 10 12 1 10 12 1 10 12 1 10 100 1 10 8 1 10 12 1 1 10 12 1 8 1 10 12 1 1 10 12 10 12 1 8 1 10 10 12 1 1 10 12 1 1 10 12 1 10 12 1 1 10 12 10 100 1 10 10 12 1 10 12 1 10 12 1 10 10 12 1 10 12 1 1 10 12 1 100 1 10 10 12 1 100 1 10 10 12 1 10 12 1 1 10 12 1 10 12 1 1 10 10 12 1 1 10 100 1 10 10 12 1 10 12 1 1 10 12 1 1 10 100 1 10 12 1 10 12 1 10 12 1 10 12 1 1 10 12 1 11 7 1 11 12 10 12 1 10 12 1 1 10 12 1 1 10 10 12 1 10 12 1 9 12 1 1 11 7 12 1 1 1 10 10 12 1 10 12 1 1 10 10 12 1 10 12 1 10 12 1 1 9 12 1 10 12 1 1 10 10 12 1 1 10 12 10 10 12 1 10 12 10 10 12 10 10 12 1 10 12 1 10 12 10 10 12 10 12 1 10 12 10 12 10 10 12 1 10 12 1 1 10 12 1 10 10 12 1 10 7 12 1 1 1 10 12 1 1 10 10 7 12 1 1 1 11 10 12 1 10 12 1 1 10 12 1 1 10 7 12 1 1 1 10 12 1 10 10 12 1 10 12 1 10 12 1 10 100 12 1 1 10 12 1 100 1 100 1 8 1 10 10 10 12 1 8 1 10 12 1 3 3 7 1 10 10 12 1 10 12 1 10 12 1 1 10 12 1 1 11 7 12 1 1 1 7 1 10 12 1 1 10 12 1 10 12 1 1 10 12 1 1 8 1 10 12 1 1 10 12 1 11 7 12 1 1 1 11 7 12 1 1 11 12 1 1 10 12 1 10 12 1 1 10 10 7 12 1 1 1 10 12 1 10 12 1 10 10 12 10 12 1 1 10 10 12 1 10 10 12 1 10 10 12 1 10 10 12 1 10 12 1 1 10 10 12 1 8 1 10 12 1 1 18 12 1 1 11 100 12 1 1 1 7 1 3 18 12 1 18 12 1 8 1 10 100 12 1 1 1 11 12 1 1 10 12 10 10 12 1 10 11 12 1 1 10 12 1 1 11 12 1 18 3 11 10 12 1 11 11 10 12 1 10 12 1 1 8 1 10 12 1 10 12 1 10 12 1 1 10 10 12 1 11 100 12 1 7 1 100 1 10 12 1 7 1 10 10 7 12 1 1 1 100 1 10 7 1 10 10 12 1 10 10 12 1 8 1 10 10 12 1 8 1 8 1 10 12 1 10 12 1 10 10 12 10 7 12 1 1 10 7 12 1 1 10 7 12 1 1 8 1 10 12 1 10 12 1 1 10 10 12 8 1 8 1 10 8 1 8 1 8 1 8 1 10 12 1 10 12 1 8 1 10 100 12 1 1 1 10 12 10 12 1 1 10 12 10 10 12 10 12 7 1 9 12 1 1 7 1 10 100 1 100 1 100 1 100 1 1 1 1 1 1 5 0 1 1 1 1 1 3 1 3 1 1 1 1 1 1 1 1 1 1 1 1 1 1 1 100 1 1 1 100 1 1 1 1 1 1 1 1 1 1 1 1 1 1 1 1 1 1 1 1 1 1 1 1 1 1 1 100 1 1 1 1 1 1 1 1 1 100 1 1 1 1 1 1 1 1 1 1 1 1 1 1 1 1 1 1 1 1 1 1 1 1 1 1 1 1 1 1 1 1 1 1 1 1 1 1 1 1 1 1 1 1 1 1 1 1 1 1 1 1 1 1 1 1 1 1 1 1 1 1 1 1 1 1 1 1 1 1 1 1 1 1 1 1 1 1 1 1 1 1 1 1 1 1 1 1 1 1 1 1 1 1 1 1 1 1 1 1 1 1 1 1 1 1 1 1 1 1 1 1 1 1 1 1 1 1 1 1 1 1 1 1 1 1 1 1 1 1 1 1 1 1 1 1 1 1 1 1 1 1 1 1 1 1 1 1 1 1 1 1 1 1 1 1 1 1 1 1 1 1 1 1 1 1 1 1 1 100 1 1 1 1 1 1 1 1 1 1 1 1 1 1 1 1 1 1 1 1 1 1 1 1 100 1 1 1 1 1 1 1 1 1 1 1 1 1 7 1 1 1 1 1 1 1 1 1 1 1 1 1 1 1 15 10 100 12 1 1 1 16 15 10 12 16 15 10 12 15 10 12 15 10 12 1 1 1 1 100 1 100 1 1 1
staticfield java/lang/String COMPACT_STRINGS Z 1
staticfield java/lang/String serialPersistentFields [Ljava/io/ObjectStreamField; 0 [Ljava/io/ObjectStreamField;
staticfield java/lang/String CASE_INSENSITIVE_ORDER Ljava/util/Comparator; java/lang/String$CaseInsensitiveComparator
ciInstanceKlass java/security/ProtectionDomain 1 1 324 10 7 12 1 1 1 9 7 12 1 1 1 7 1 10 9 12 1 1 9 12 1 1 9 12 1 1 10 7 12 1 1 7 1 9 12 1 9 12 1 1 7 1 9 12 1 1 9 12 1 10 7 12 1 1 10 7 12 1 1 1 10 12 1 1 10 12 1 9 12 1 9 100 12 1 1 10 12 1 1 10 100 1 10 12 1 1 8 1 100 1 8 1 10 12 1 10 10 100 12 1 1 1 10 12 1 1 8 1 11 8 1 10 12 1 8 1 8 1 10 12 1 1 10 12 1 10 12 1 1 10 12 1 8 1 10 12 1 8 1 8 1 10 100 12 1 1 1 9 100 12 1 1 1 10 12 1 1 9 100 12 1 1 1 10 100 12 1 1 1 100 1 100 1 10 12 1 10 100 12 1 1 1 10 100 1 10 12 1 10 12 1 1 11 100 12 1 1 11 12 1 100 1 11 100 12 1 1 1 10 12 1 10 11 12 1 1 11 12 1 1 10 12 1 10 7 12 1 1 10 100 12 1 1 11 12 1 10 12 8 1 8 1 10 7 12 1 1 1 7 1 10 10 7 12 1 1 1 1 1 1 1 1 1 1 100 1 1 100 1 1 1 1 1 1 1 1 1 1 1 1 1 1 1 1 1 1 1 1 1 1 1 1 1 1 1 1 1 1 1 1 1 1 1 1 1 1 1 1 1 1 100 1 1 1 1 1 100 1 1 1 1 1
staticfield java/security/ProtectionDomain filePermCompatInPD Z 0
ciInstanceKlass java/security/CodeSource 1 1 395 10 7 12 1 1 1 9 7 12 1 1 1 9 12 1 1 9 12 1 1 9 12 1 1 10 7 12 1 1 1 9 12 1 1 10 100 12 1 1 10 100 10 7 12 1 1 1 10 100 12 1 1 1 10 12 1 1 100 1 10 10 100 12 1 1 1 10 100 12 1 1 1 10 12 1 1 10 12 1 100 1 10 12 1 1 10 12 1 1 10 12 1 1 10 12 1 10 10 10 12 1 1 10 7 12 1 1 1 10 12 1 10 12 1 10 12 1 8 1 10 12 1 10 12 1 10 12 1 1 10 12 1 8 1 10 12 1 1 10 100 1 10 10 12 1 1 8 1 10 12 1 10 12 1 10 12 1 8 1 8 1 9 12 1 1 100 1 8 1 10 12 1 10 12 1 1 8 1 10 12 1 8 1 8 1 8 1 10 100 12 1 1 10 12 1 1 10 12 1 10 12 1 1 10 12 1 1 10 12 1 1 100 1 100 1 10 12 1 10 12 10 12 1 1 10 100 12 1 1 10 12 1 100 1 10 12 10 8 1 10 12 1 10 12 1 10 12 1 1 100 1 10 12 1 1 100 1 100 1 8 1 8 1 10 10 12 1 1 10 100 12 1 1 1 100 1 10 12 10 12 1 1 11 100 12 1 1 10 10 12 1 11 10 12 1 8 1 100 1 10 12 1 10 12 1 1 10 12 1 11 12 1 1 11 100 1 1 1 1 5 0 1 1 1 1 1 1 1 1 1 1 1 1 1 1 1 1 1 1 1 1 1 1 1 1 1 1 1 1 1 1 1 1 1 1 1 1 1 1 1 1 1 1 1 1 1 1 1 1 1 1 1 1 1 1 1 1 1 1 1 1 1 1 1 1 1 100 1 1 1 1 1 1 1
ciInstanceKlass java/lang/StringBuilder 1 1 409 10 7 12 1 1 1 10 12 1 10 12 1 10 12 1 1 10 7 12 1 1 1 10 7 12 1 1 1 10 12 1 10 12 1 10 12 1 10 12 1 10 12 1 10 12 1 10 12 1 10 12 1 10 12 1 10 12 1 10 12 1 10 12 1 10 12 1 10 12 1 1 10 12 1 10 12 1 1 10 12 1 1 10 12 1 10 12 1 10 12 1 10 12 1 10 12 1 10 12 1 10 12 1 10 12 10 12 1 10 12 1 10 12 1 10 12 1 1 10 12 1 10 12 1 10 12 10 12 1 1 10 12 1 1 9 12 1 1 9 12 1 1 10 7 12 1 1 1 10 7 1 10 100 12 1 1 1 10 12 1 10 12 1 1 10 12 1 1 10 10 12 1 1 10 100 12 1 1 10 12 1 10 12 1 1 100 1 100 1 8 1 10 10 12 1 1 10 12 1 1 10 12 1 10 12 1 10 12 1 10 12 1 10 12 1 10 12 1 10 12 1 10 12 1 10 12 1 10 12 1 10 12 1 10 12 1 10 12 1 10 12 1 10 12 1 1 10 12 1 1 10 12 1 10 12 1 10 12 1 10 12 10 12 10 12 1 10 12 1 10 12 1 10 12 10 12 1 10 12 1 10 12 1 10 12 1 10 12 1 10 12 1 10 12 1 10 12 1 10 12 1 1 10 12 1 10 12 1 1 10 12 1 10 12 1 1 10 12 1 10 12 1 1 10 12 1 10 12 1 10 12 1 10 10 12 1 10 12 1 100 1 100 1 100 1 1 1 1 5 0 1 1 1 1 1 1 1 1 1 1 1 1 1 1 1 1 1 1 1 1 1 1 1 1 1 1 1 1 1 1 1 1 1 1 1 1 1 1 1 1 1 1 1 100 1 1 1 100 1 1 1 1 1 1 1 1 1 1
ciInstanceKlass jdk/internal/loader/ClassLoaders 1 1 183 10 100 12 1 1 1 10 7 12 1 1 1 10 12 1 1 10 100 12 1 1 1 9 7 12 1 1 1 9 12 1 1 9 12 1 1 7 1 11 100 12 1 1 1 100 1 11 12 1 1 11 12 1 1 10 100 12 1 1 1 10 100 12 1 1 1 100 1 100 1 10 7 12 1 1 1 9 12 1 1 10 12 1 1 7 1 10 12 1 1 10 12 1 7 1 8 1 10 7 12 1 1 1 10 12 1 1 7 1 10 12 1 10 12 1 10 12 1 8 1 10 7 12 1 1 8 1 8 1 10 12 1 7 1 10 12 1 10 12 1 10 12 1 1 1 1 1 1 1 1 1 1 1 1 1 1 1 1 1 1 1 1 100 1 1 1 1 1 1 1 1 1 1 1 1 1 1 1 1 1 1 1
staticfield jdk/internal/loader/ClassLoaders JLA Ljdk/internal/access/JavaLangAccess; java/lang/System$2
staticfield jdk/internal/loader/ClassLoaders BOOT_LOADER Ljdk/internal/loader/ClassLoaders$BootClassLoader; jdk/internal/loader/ClassLoaders$BootClassLoader
staticfield jdk/internal/loader/ClassLoaders PLATFORM_LOADER Ljdk/internal/loader/ClassLoaders$PlatformClassLoader; jdk/internal/loader/ClassLoaders$PlatformClassLoader
staticfield jdk/internal/loader/ClassLoaders APP_LOADER Ljdk/internal/loader/ClassLoaders$AppClassLoader; jdk/internal/loader/ClassLoaders$AppClassLoader
ciInstanceKlass jdk/internal/misc/Unsafe 1 1 1285 10 7 12 1 1 1 9 7 12 1 1 1 9 12 1 1 10 12 1 1 10 7 12 1 1 1 10 12 1 1 10 12 1 1 10 12 1 1 10 12 1 1 10 12 1 1 10 12 1 1 10 12 1 1 10 12 1 1 10 12 1 1 10 12 1 1 10 12 1 1 10 12 1 1 10 12 1 1 10 12 1 10 12 1 100 1 10 10 12 1 1 10 12 1 1 5 0 10 12 1 1 10 12 1 1 10 7 12 1 1 1 10 12 1 1 10 12 1 10 12 1 10 12 1 1 10 12 1 1 10 12 1 10 12 1 100 1 100 1 10 8 1 10 12 1 1 10 12 1 8 1 10 12 1 1 10 12 1 10 12 1 10 12 1 1 10 12 1 10 12 1 1 10 12 1 1 10 12 1 10 12 1 10 12 1 10 12 1 1 10 12 1 10 12 1 10 12 1 1 10 12 1 5 0 5 0 5 0 10 12 1 10 12 1 10 12 1 10 12 1 10 12 1 10 12 1 10 12 1 10 12 1 10 12 1 1 10 12 1 10 12 1 100 1 8 1 10 100 1 10 10 12 1 1 10 12 1 1 10 12 1 10 12 1 1 10 12 1 1 10 12 1 10 12 1 1 10 12 1 9 7 12 1 1 9 12 1 100 1 10 10 12 1 1 8 1 10 8 1 8 1 10 12 1 1 9 7 12 1 1 1 9 100 1 9 7 1 9 7 1 9 9 100 1 9 7 1 9 100 1 10 12 1 1 10 12 1 1 10 12 1 1 10 12 1 1 5 0 5 0 9 12 1 1 10 12 1 10 12 1 10 12 1 1 10 12 1 1 10 12 1 8 1 3 10 12 1 1 10 12 1 1 10 12 1 10 12 1 1 10 12 1 1 10 12 1 10 12 1 10 12 1 10 12 1 10 12 1 10 12 1 1 10 12 1 1 10 12 1 10 12 1 10 12 1 10 12 1 10 12 1 10 12 1 1 10 12 1 1 10 12 1 10 12 1 10 12 1 10 12 1 10 12 1 10 12 1 1 10 12 1 1 10 12 1 1 10 12 1 1 10 12 1 10 12 1 10 12 1 10 12 1 10 12 1 10 12 1 10 12 1 1 10 12 1 1 10 12 1 10 12 1 10 12 1 10 12 1 10 12 1 10 12 1 10 12 1 1 10 12 1 1 10 12 1 10 12 1 10 12 1 10 12 1 10 12 1 10 12 1 10 12 1 10 12 1 1 10 12 1 10 12 1 10 12 1 10 12 1 10 12 1 1 10 12 1 10 12 1 10 12 1 10 12 1 10 12 1 10 12 1 10 12 1 10 12 1 1 10 12 1 10 12 1 10 12 1 10 12 1 10 12 1 10 12 1 1 10 12 1 10 12 1 10 12 1 1 10 12 1 10 12 1 10 12 1 10 12 1 10 12 1 10 12 1 10 12 1 10 12 1 10 12 1 10 12 1 10 12 1 10 12 1 10 12 1 10 12 1 10 12 1 10 12 1 10 12 1 10 12 1 10 12 1 10 12 1 10 12 1 10 12 1 100 1 10 100 1 10 9 12 1 5 0 10 12 1 1 5 0 10 12 1 5 0 10 12 1 10 12 1 10 12 1 1 10 12 1 1 10 12 1 10 12 1 10 12 1 10 12 1 1 10 12 1 10 12 1 10 12 1 10 12 1 10 12 1 1 10 12 1 10 12 1 10 12 1 10 12 1 1 10 12 1 10 12 1 10 12 1 1 10 12 1 10 12 1 10 12 1 10 12 1 1 10 12 1 10 10 12 1 1 10 12 1 10 12 1 1 10 12 1 10 12 5 0 5 0 5 0 10 12 1 1 10 12 1 10 12 1 10 12 10 100 12 1 1 8 1 100 1 11 12 1 1 8 1 11 12 1 1 10 100 12 1 1 10 12 1 10 12 1 10 12 1 10 12 1 10 12 1 1 10 12 1 10 12 1 10 12 1 10 12 1 10 12 1 10 12 1 10 7 1 10 12 1 9 12 1 7 1 9 12 1 7 1 9 12 1 7 1 9 12 1 7 1 9 12 1 7 1 9 12 1 7 1 9 12 1 7 1 9 12 1 7 1 9 12 1 10 12 1 9 12 1 9 12 1 9 12 1 9 12 1 9 12 1 9 12 1 9 12 1 9 12 1 9 12 1 9 12 1 1 1 3 1 1 1 1 1 1 1 1 1 1 1 1 1 1 1 1 1 1 1 1 1 1 1 1 1 1 1 1 1 1 1 1 1 1 1 1 1 1 1 1 1 1 1 1 1 1 1 1 1 1 1 1 1 1 1 1 1 1 1 1 1 1 1 1 1 1 1 1 1 1 1 1 1 1 1 1 1 1 1 1 1 1 1 1 1 1 1 1 1 100 1 1 1 1 1 1 1 1 1 1 1 1 1 1 1 1 1 1 1 1 1 1 1 1 1 1 1 1 1 1 1 1 1 1 1 1 1 1 1 1 1 1 1 1 1 1 1 1 1 1 1 1 1 1 1 1 1 1 1 1 1 1 1 1 1 1 1 1 1 1 1 1 1 1 1 1 1 1 1 1 1 1 1 1 1 1 1 1 1 1 1 1 1 1 1 1 1 1 1 1 1 1 1 1 1 1 1 1 1 1 1 1 1 1 1 1 1 1 1 1 1 1 1 1 1 1 1 1 1 1 1 1 1 1 1 1 1 1 1 1 1 1 1 1 1 1 1 1 1 1 1 1 1 1 1 1 1 1 1 1 1 1 1 1 1 1 1 1 1 1 1 1 1 1 1 1 1 1 1 1 1 1 1 1 1 1 1 1 1 1 1 1 1 1 1 1 1 1 1 1 1 1 1 1 1 1 1 3 1 1 1 1 1 1 1 1 1 1 1 1 1 1 1 1 1 1 1 1 1
staticfield jdk/internal/misc/Unsafe theUnsafe Ljdk/internal/misc/Unsafe; jdk/internal/misc/Unsafe
staticfield jdk/internal/misc/Unsafe ARRAY_BOOLEAN_BASE_OFFSET I 16
staticfield jdk/internal/misc/Unsafe ARRAY_BYTE_BASE_OFFSET I 16
staticfield jdk/internal/misc/Unsafe ARRAY_SHORT_BASE_OFFSET I 16
staticfield jdk/internal/misc/Unsafe ARRAY_CHAR_BASE_OFFSET I 16
staticfield jdk/internal/misc/Unsafe ARRAY_INT_BASE_OFFSET I 16
staticfield jdk/internal/misc/Unsafe ARRAY_LONG_BASE_OFFSET I 16
staticfield jdk/internal/misc/Unsafe ARRAY_FLOAT_BASE_OFFSET I 16
staticfield jdk/internal/misc/Unsafe ARRAY_DOUBLE_BASE_OFFSET I 16
staticfield jdk/internal/misc/Unsafe ARRAY_OBJECT_BASE_OFFSET I 16
staticfield jdk/internal/misc/Unsafe ARRAY_BOOLEAN_INDEX_SCALE I 1
staticfield jdk/internal/misc/Unsafe ARRAY_BYTE_INDEX_SCALE I 1
staticfield jdk/internal/misc/Unsafe ARRAY_SHORT_INDEX_SCALE I 2
staticfield jdk/internal/misc/Unsafe ARRAY_CHAR_INDEX_SCALE I 2
staticfield jdk/internal/misc/Unsafe ARRAY_INT_INDEX_SCALE I 4
staticfield jdk/internal/misc/Unsafe ARRAY_LONG_INDEX_SCALE I 8
staticfield jdk/internal/misc/Unsafe ARRAY_FLOAT_INDEX_SCALE I 4
staticfield jdk/internal/misc/Unsafe ARRAY_DOUBLE_INDEX_SCALE I 8
staticfield jdk/internal/misc/Unsafe ARRAY_OBJECT_INDEX_SCALE I 4
staticfield jdk/internal/misc/Unsafe ADDRESS_SIZE I 8
ciInstanceKlass java/util/Map 1 1 259 11 7 12 1 1 1 11 12 1 1 10 7 12 1 1 11 12 1 1 11 7 12 1 1 1 11 100 12 1 1 1 11 12 1 1 7 1 11 12 1 11 12 1 100 1 100 1 10 12 1 1 11 100 12 1 1 1 11 100 12 1 1 1 11 12 1 11 12 1 10 12 1 1 11 12 1 11 7 12 1 9 7 12 1 1 1 7 1 10 12 7 1 7 1 10 12 1 7 1 10 7 1 11 12 1 1 7 1 11 12 1 1 1 1 1 1 1 1 1 1 1 1 1 1 1 1 1 1 1 1 1 1 1 1 1 1 1 1 1 1 1 1 1 1 1 1 1 1 1 1 1 1 1 1 1 1 1 1 1 1 1 1 1 1 1 1 1 1 1 1 1 1 1 1 1 1 1 1 1 1 1 1 1 1 1 1 1 1 1 1 1 1 1 1 1 1 1 1 1 1 1 1 1 1 1 1 1 1 1 1 1 1 1 1 1 1 1 1 1 1 1 1 1 1 1 1 1 1 1 1 1 1 1 1 1 1 1 1 1 100 1 1 1 1 1 1 1 1 1 1 1 1 1 1 1 1 1 1
ciInstanceKlass java/lang/ThreadGroup 1 1 293 10 7 12 1 1 1 9 7 12 1 1 1 8 1 9 12 1 1 7 1 9 12 1 9 12 1 1 10 12 1 1 10 12 1 1 10 12 1 10 12 1 1 10 12 1 9 12 1 1 10 12 1 1 10 12 1 9 12 1 10 100 12 1 1 1 9 12 1 9 12 1 1 10 7 12 1 1 1 100 10 12 1 1 10 7 12 1 1 1 10 100 12 1 9 12 1 10 12 1 1 10 12 1 1 9 12 1 1 10 12 1 1 10 12 1 10 12 1 10 12 1 1 10 12 1 1 10 12 1 10 12 1 10 10 12 1 10 12 1 10 100 1 10 10 12 1 10 12 1 10 12 1 7 10 12 1 9 12 1 1 10 12 1 1 8 1 10 100 12 1 1 1 10 12 1 1 10 12 1 1 10 12 1 1 11 100 1 100 1 9 12 1 100 1 10 8 1 10 12 1 1 10 12 1 1 8 1 10 12 1 10 100 12 1 1 1 10 12 1 1 10 100 1 8 1 10 8 1 10 12 1 8 1 1 1 1 1 1 1 1 1 1 1 1 1 1 1 1 1 3 1 1 1 1 1 1 1 1 1 1 1 1 1 1 1 1 1 1 1 1 1 1 1 1 1 1 1 1 1 1 1 1 1 1 1 1 1 1 1 1 1 1
instanceKlass java/security/Provider
ciInstanceKlass java/util/Properties 1 1 651 10 7 12 1 1 1 100 1 10 7 12 1 1 7 1 10 12 1 9 12 1 1 9 12 1 1 9 12 1 1 10 7 12 1 1 1 10 12 1 1 8 1 10 7 12 1 1 1 7 1 10 12 1 10 12 1 1 8 1 10 12 1 7 1 10 12 10 12 1 1 9 12 1 1 10 12 1 1 7 1 10 12 1 10 12 1 10 12 1 1 100 1 8 1 10 12 1 10 12 1 10 12 1 1 10 12 1 100 1 3 10 10 7 12 1 1 1 10 12 1 10 12 1 1 8 1 10 12 1 10 12 1 1 8 1 10 7 12 1 1 10 12 1 1 10 12 1 10 12 1 1 100 1 10 12 1 10 12 1 1 7 1 9 7 12 1 1 1 10 12 1 10 12 1 1 7 1 10 10 10 12 1 1 11 7 12 1 1 1 11 7 12 1 1 1 11 12 1 1 7 1 11 12 1 11 12 1 10 12 1 1 8 1 10 12 1 10 12 1 100 1 10 10 12 1 1 10 100 12 1 1 9 100 12 1 1 10 12 1 1 10 100 12 1 1 1 100 1 100 1 100 1 10 8 1 8 1 10 12 1 10 12 1 10 12 1 1 10 10 12 1 1 10 12 1 1 7 1 10 10 12 1 11 7 12 1 1 10 7 12 1 1 1 8 1 10 100 12 1 1 11 8 1 10 100 1 11 10 12 1 10 12 1 10 12 1 10 12 1 1 10 12 1 1 10 12 1 1 10 12 1 10 12 1 10 10 12 1 10 12 1 10 12 1 10 10 12 1 1 10 12 1 1 7 1 10 10 12 1 10 12 1 10 12 1 10 12 1 10 12 1 1 10 12 1 1 10 12 1 10 12 1 10 12 1 1 10 12 10 12 1 1 10 12 1 1 10 12 1 10 12 1 1 10 12 1 1 10 12 100 1 10 11 100 12 1 1 4 11 10 12 1 1 10 100 12 1 1 11 12 1 10 12 1 1 10 100 12 1 1 10 12 1 100 1 8 1 10 12 1 10 10 100 12 1 1 1 100 1 6 0 10 12 1 1 11 100 12 1 1 1 10 12 1 10 12 1 1 1 1 1 5 0 1 1 1 1 1 1 1 1 1 1 1 1 1 1 1 1 1 1 1 1 1 1 1 1 1 1 1 1 1 1 1 1 1 1 1 1 1 1 1 1 100 1 1 1 1 1 1 1 1 1 1 1 1 1 1 1 1 1 1 1 1 100 1 1 1 1 1 1 1 100 1 100 1 1 1 1 100 1 1 1 1 1 1 1 1 1 1 1 1 1 1 1 1 1 1 1 1 1 1 1 1 1 1 1 1 1 1 1 1 1 1 1 1 1 1 1 1 1 1 1 1 1 1 1 1 1 1 1 1 1 1 1 1 1 1 1 1 1 1 1 1 1 1 1 1 1 1 1 1 1 1 1 1 100 1 1 1 1 1 1 1 1 1 100 1 1 1
staticfield java/util/Properties UNSAFE Ljdk/internal/misc/Unsafe; jdk/internal/misc/Unsafe
instanceKlass java/util/Hashtable
ciInstanceKlass java/util/Dictionary 1 1 36 10 7 12 1 1 1 100 1 1 1 1 1 1 1 1 1 1 1 1 1 1 1 1 1 1 1 1 1 1 1 1 1 1 1 1
instanceKlass java/util/Properties
ciInstanceKlass java/util/Hashtable 1 1 512 100 1 10 7 12 1 1 1 9 7 12 1 1 1 100 1 100 1 10 8 1 10 12 1 1 10 12 1 10 12 1 1 10 12 1 10 7 12 1 1 1 8 1 10 12 1 9 12 1 1 7 1 9 12 1 1 4 10 7 12 1 1 1 9 12 1 4 10 12 1 11 100 12 1 1 1 10 12 1 1 10 12 1 1 9 12 1 10 12 1 1 100 1 10 9 12 1 1 10 7 12 1 1 1 9 12 1 1 10 12 1 10 12 1 3 9 12 1 9 12 1 3 10 12 1 10 12 1 10 12 1 1 11 12 1 1 11 100 12 1 1 1 11 100 12 1 1 1 11 12 1 100 1 11 12 1 11 12 1 10 12 1 1 10 12 1 1 10 12 1 9 12 1 1 9 12 9 12 1 1 10 100 1 100 1 10 12 1 10 8 1 10 10 12 1 8 1 10 8 1 10 100 12 1 1 1 7 1 10 12 1 10 12 1 100 1 10 12 1 10 12 1 1 100 1 10 100 1 10 10 12 1 1 11 12 1 1 11 12 1 100 1 10 10 10 100 12 1 1 11 100 12 1 1 1 100 1 10 11 100 12 1 1 11 100 12 1 10 12 1 10 12 1 1 10 100 12 1 1 10 12 1 1 10 12 1 1 10 12 1 1 10 100 12 1 1 1 8 10 100 12 1 1 100 1 8 1 10 4 10 12 4 10 12 1 8 1 10 12 10 100 12 1 1 1 100 1 11 100 12 1 1 1 10 100 12 1 1 1 10 12 1 10 12 1 1 10 100 1 100 1 1 1 1 1 1 5 0 1 1 1 1 1 3 1 3 1 3 1 1 1 1 1 1 1 1 1 1 1 1 1 1 1 1 1 1 1 1 1 1 1 1 1 100 1 1 1 1 1 1 1 1 1 1 1 1 1 1 1 1 1 1 1 1 1 1 1 1 1 1 1 1 1 100 1 1 1 1 1 1 1 1 1 1 1 1 1 1 1 1 1 1 1 1 1 1 1 1 1 1 1 1 1 1 1 1 1 1 1 1 1 1 1 1 1 1 1 1 1 1 1 1 1 1 1 1 1 1 1 1 1 1 100 1 1 1 100 1 1 1 1 1 100 1 1 1 1 1 1 1 1 1 1 1 1 1 1 1 1 1 1
ciInstanceKlass java/util/Set 1 1 140 100 1 10 7 12 1 1 1 9 7 12 1 1 1 7 1 10 12 1 1 10 12 1 7 1 7 1 10 12 1 7 1 7 1 7 1 10 12 1 10 12 1 1 11 12 1 1 100 1 1 1 1 1 1 1 1 1 1 1 1 1 1 1 1 1 1 1 1 1 1 1 1 1 1 1 1 1 1 1 1 1 1 1 1 1 1 1 1 1 1 1 1 1 1 1 1 1 1 1 1 1 1 1 1 1 1 1 1 1 1 1 1 1 1 1 1 1 1 1 1 1 1 1 1 1 1 1 1 1 1 1 1 1 1 1 1 1 1 1
ciMethod java/util/Set equals (Ljava/lang/Object;)Z 0 0 1 0 -1
ciMethod java/util/Set hashCode ()I 0 0 1 0 -1
instanceKlass org/mariadb/jdbc/client/socket/impl/CompressInputStream
instanceKlass com/sun/org/apache/xerces/internal/impl/XMLEntityManager$RewindableInputStream
instanceKlass sun/nio/ch/ChannelInputStream
instanceKlass com/sun/javafx/iio/png/PNGIDATChunkInputStream
instanceKlass java/io/SequenceInputStream
instanceKlass java/io/ObjectInputStream$PeekInputStream
instanceKlass java/io/ObjectInputStream$BlockDataInputStream
instanceKlass java/io/ObjectInputStream
instanceKlass sun/nio/ch/NioSocketImpl$1
instanceKlass java/net/Socket$SocketInputStream
instanceKlass java/util/zip/ZipFile$ZipFileInputStream
instanceKlass java/io/FilterInputStream
instanceKlass java/io/FileInputStream
instanceKlass java/io/ByteArrayInputStream
ciInstanceKlass java/io/InputStream 1 1 184 100 1 10 7 12 1 1 1 100 1 10 10 7 12 1 1 1 10 7 12 1 1 1 10 12 1 100 1 3 10 12 1 1 100 1 8 1 10 12 1 10 7 12 1 1 1 3 100 1 8 1 10 10 7 12 1 1 1 7 1 10 11 7 12 1 1 1 10 12 1 1 11 12 1 1 11 7 12 1 1 1 11 12 1 1 7 1 10 7 12 1 1 1 5 0 10 12 1 10 12 1 1 100 1 10 8 1 10 8 1 8 1 10 12 1 1 10 100 12 1 1 1 100 1 1 1 1 3 1 3 1 1 1 1 1 1 1 1 1 1 1 1 1 1 1 1 1 1 1 1 1 1 1 1 1 1 1 1 1 1 1 1 1 1 1 1 1 1 1 1 1 1 1 1 1 1 1 1 1 1 1 1 1
ciInstanceKlass java/io/ByteArrayInputStream 1 1 117 10 7 12 1 1 1 9 7 12 1 1 1 9 12 1 1 9 12 1 9 12 1 10 100 12 1 1 1 10 7 12 1 1 1 10 7 12 1 1 1 10 7 12 1 1 1 10 12 1 1 3 10 100 1 10 100 12 1 1 1 9 12 1 1 100 1 10 10 7 12 1 1 1 1 1 1 1 1 1 1 1 1 1 1 1 1 1 1 1 1 1 1 1 1 1 1 1 1 1 1 1 100 1 1 1 1 1 1 1 1 1 1 1 1 1 1
staticfield java/io/ByteArrayInputStream $assertionsDisabled Z 1
instanceKlass com/sun/scenario/effect/ImageData$1
instanceKlass com/sun/scenario/effect/impl/ImagePool$1
instanceKlass com/sun/prism/impl/PrismTrace$1
instanceKlass com/sun/glass/ui/InvokeLaterDispatcher
instanceKlass java/util/concurrent/ForkJoinWorkerThread
instanceKlass com/sun/javafx/tk/quantum/PerformanceTrackerHelper$1$1
instanceKlass com/sun/javafx/tk/quantum/QuantumToolkit$1
instanceKlass java/util/logging/LogManager$Cleaner
instanceKlass com/intellij/rt/execution/application/AppMainV2$1
instanceKlass jdk/internal/misc/InnocuousThread
instanceKlass java/lang/ref/Finalizer$FinalizerThread
instanceKlass java/lang/ref/Reference$ReferenceHandler
ciInstanceKlass java/lang/Thread 1 1 612 9 7 12 1 1 1 9 12 1 1 10 12 1 1 9 12 1 1 9 12 1 1 100 1 8 1 10 12 1 1 3 8 1 100 1 5 0 10 12 1 1 10 7 12 1 1 9 12 1 1 9 12 1 9 12 1 1 9 12 1 100 1 8 1 10 9 12 1 1 10 7 12 1 1 1 10 100 12 1 1 1 10 10 7 12 1 1 10 12 1 1 10 12 1 1 9 100 12 1 1 1 10 12 1 1 10 12 1 9 12 1 1 10 12 1 1 10 12 1 1 9 12 1 10 12 1 1 9 12 1 1 10 7 12 1 1 1 9 12 1 1 9 12 1 1 10 12 1 1 10 7 12 1 1 1 9 12 1 10 12 1 1 9 12 1 100 1 10 7 1 10 8 1 10 12 1 1 10 12 1 10 12 1 10 12 1 1 10 12 1 10 12 1 9 12 1 100 1 10 10 12 1 1 10 12 1 10 12 1 100 1 11 7 12 1 1 9 7 12 1 1 1 10 12 1 10 12 1 10 12 9 12 1 1 10 9 12 1 10 12 1 100 1 10 10 12 1 1 9 12 1 10 12 1 11 100 12 1 1 10 12 1 9 12 1 10 12 1 10 12 1 10 10 12 1 10 12 1 10 12 1 10 12 1 10 12 1 1 100 1 10 10 12 1 10 12 1 10 12 1 9 100 12 1 1 1 10 12 1 1 10 12 1 7 1 8 1 10 10 12 1 10 12 8 1 10 12 1 8 1 10 8 1 8 1 10 100 12 1 1 10 100 12 1 1 1 100 1 8 1 10 9 12 1 9 12 1 1 10 12 1 1 10 10 12 1 1 9 12 1 10 12 1 1 100 1 10 12 11 100 12 1 1 1 9 100 12 1 1 1 9 12 1 1 10 12 1 1 100 1 10 12 1 11 100 12 1 1 1 100 1 10 12 1 10 12 1 1 11 12 1 10 12 1 100 1 10 12 1 10 12 1 1 10 7 12 1 1 1 8 1 9 12 1 10 12 1 1 11 100 12 1 1 1 10 100 12 1 1 1 11 12 1 10 12 1 7 1 1 1 1 3 1 3 1 3 1 1 1 1 1 1 1 1 1 1 1 1 1 1 1 1 1 1 1 100 1 1 1 1 1 1 1 1 1 1 1 1 100 1 100 1 1 1 1 1 1 1 1 1 1 1 1 1 1 1 1 1 1 1 1 1 1 1 1 1 1 1 1 1 1 1 1 1 1 1 1 1 1 1 1 1 1 1 100 100 1 1 1 1 1 1 1 1 1 100 1 1 1 1 1 1 1 1 1 1 1 1 1 1 1 1 1 1 1 1 1 1 1 1 1 1 1 1 100 1 1 1 1 1 1 100 1 1 100 1 1 1 1 1 1
staticfield java/lang/Thread EMPTY_STACK_TRACE [Ljava/lang/StackTraceElement; 0 [Ljava/lang/StackTraceElement;
ciMethod java/lang/System arraycopy (Ljava/lang/Object;ILjava/lang/Object;II)V 256 0 128 0 -1
instanceKlass java/lang/Exception
instanceKlass java/lang/Error
ciInstanceKlass java/lang/Throwable 1 1 393 10 7 12 1 1 1 9 7 12 1 1 1 9 12 1 1 9 12 1 9 12 1 1 9 12 1 10 12 1 1 9 12 1 1 10 12 1 1 10 12 1 100 1 100 1 10 8 1 10 12 1 1 8 1 10 7 12 1 1 10 10 12 1 100 1 8 1 10 10 12 1 1 10 7 12 1 1 10 12 1 8 1 9 100 12 1 1 1 10 12 1 1 100 1 10 12 10 12 1 100 1 10 10 7 12 1 1 1 11 100 12 1 1 1 10 100 12 1 1 1 10 12 1 1 10 12 1 1 8 1 10 12 1 10 12 1 1 8 1 8 1 10 12 1 1 10 12 1 8 1 8 1 9 12 1 1 10 100 12 1 1 100 1 10 11 12 1 8 1 8 1 10 7 12 1 1 8 1 10 12 1 8 1 100 1 10 12 1 9 12 1 1 10 12 1 10 7 12 1 9 12 1 1 10 12 1 1 100 1 8 1 10 12 1 10 100 12 1 1 10 12 1 1 7 1 10 100 12 1 1 1 10 12 1 11 7 12 1 1 1 11 100 12 1 1 1 11 12 1 8 1 10 12 1 1 8 1 10 10 9 100 12 1 1 1 8 1 10 12 1 1 10 100 1 8 1 10 11 12 1 1 8 1 9 12 1 10 100 12 1 1 11 9 12 1 1 11 12 1 1 7 10 12 1 10 12 1 1 100 1 1 1 1 5 0 1 1 1 1 1 1 1 1 1 1 1 1 1 100 1 1 1 1 1 1 1 1 1 1 1 1 1 1 1 1 1 1 1 1 1 1 1 1 1 1 1 1 1 1 1 1 1 1 1 1 1 1 1 1 1 1 100 1 100 1 1 1 1 1 1 1 1 1 1 1 1 1 1 1 1 1 1
staticfield java/lang/Throwable UNASSIGNED_STACK [Ljava/lang/StackTraceElement; 0 [Ljava/lang/StackTraceElement;
staticfield java/lang/Throwable SUPPRESSED_SENTINEL Ljava/util/List; java/util/Collections$EmptyList
staticfield java/lang/Throwable EMPTY_THROWABLE_ARRAY [Ljava/lang/Throwable; 0 [Ljava/lang/Throwable;
staticfield java/lang/Throwable $assertionsDisabled Z 1
instanceKlass java/text/ParseException
instanceKlass javax/xml/stream/XMLStreamException
instanceKlass jakarta/xml/bind/JAXBException
instanceKlass java/sql/SQLException
instanceKlass jakarta/transaction/SystemException
instanceKlass java/util/concurrent/TimeoutException
instanceKlass ch/qos/logback/core/boolex/EvaluationException
instanceKlass ch/qos/logback/core/util/PropertySetterException
instanceKlass javax/naming/NamingException
instanceKlass ch/qos/logback/core/model/processor/ModelHandlerException
instanceKlass ch/qos/logback/core/spi/ScanException
instanceKlass ch/qos/logback/core/joran/spi/ActionException
instanceKlass javax/xml/parsers/ParserConfigurationException
instanceKlass org/xml/sax/SAXException
instanceKlass ch/qos/logback/core/util/DynamicClassLoadingException
instanceKlass ch/qos/logback/core/util/IncompatibleClassException
instanceKlass ch/qos/logback/core/joran/spi/JoranException
instanceKlass javafx/scene/transform/NonInvertibleTransformException
instanceKlass javafx/css/CssParser$ParseException
instanceKlass java/security/PrivilegedActionException
instanceKlass java/net/URISyntaxException
instanceKlass com/sun/javafx/geom/transform/NoninvertibleTransformException
instanceKlass java/util/concurrent/ExecutionException
instanceKlass java/lang/CloneNotSupportedException
instanceKlass javax/management/JMException
instanceKlass java/security/GeneralSecurityException
instanceKlass java/io/IOException
instanceKlass java/lang/InterruptedException
instanceKlass java/lang/ReflectiveOperationException
instanceKlass java/lang/RuntimeException
ciInstanceKlass java/lang/Exception 1 1 40 10 7 12 1 1 1 10 12 1 10 12 1 10 12 1 10 12 1 100 1 1 1 1 5 0 1 1 1 1 1 1 1 1 1 1 1 1 1 1
instanceKlass java/lang/InstantiationException
instanceKlass java/lang/IllegalAccessException
instanceKlass java/lang/reflect/InvocationTargetException
instanceKlass java/lang/NoSuchFieldException
instanceKlass java/lang/NoSuchMethodException
instanceKlass java/lang/ClassNotFoundException
ciInstanceKlass java/lang/ReflectiveOperationException 1 1 34 10 7 12 1 1 1 10 12 1 10 12 1 10 12 1 100 1 1 1 1 5 0 1 1 1 1 1 1 1 1 1 1 1
instanceKlass java/util/ServiceConfigurationError
instanceKlass java/lang/AssertionError
instanceKlass java/lang/VirtualMachineError
instanceKlass java/lang/LinkageError
instanceKlass java/lang/ThreadDeath
ciInstanceKlass java/lang/Error 1 1 40 10 7 12 1 1 1 10 12 1 10 12 1 10 12 1 10 12 1 100 1 1 1 1 5 0 1 1 1 1 1 1 1 1 1 1 1 1 1 1
ciInstanceKlass java/lang/ThreadDeath 0 0 21 10 100 12 1 1 1 100 1 1 1 1 5 0 1 1 1 1 1 1 1
ciMethod java/lang/Throwable getMessage ()Ljava/lang/String; 26 0 13 0 -1
ciInstanceKlass java/lang/ClassNotFoundException 1 1 96 7 1 10 7 12 1 1 1 10 12 1 10 12 1 1 10 100 12 1 1 1 8 1 10 100 12 1 1 1 10 7 12 1 1 10 100 12 1 1 1 10 100 12 1 1 1 10 12 1 1 7 1 10 12 1 9 12 1 1 1 1 1 5 0 1 1 1 1 1 1 1 1 1 1 1 1 1 1 1 1 1 1 100 1 1 1 1 1 1 1 1 1 1 1 1
staticfield java/lang/ClassNotFoundException serialPersistentFields [Ljava/io/ObjectStreamField; 1 [Ljava/io/ObjectStreamField;
instanceKlass java/lang/ClassFormatError
instanceKlass java/lang/UnsatisfiedLinkError
instanceKlass java/lang/IncompatibleClassChangeError
instanceKlass java/lang/BootstrapMethodError
instanceKlass java/lang/NoClassDefFoundError
ciInstanceKlass java/lang/LinkageError 1 1 31 10 7 12 1 1 1 10 12 1 10 12 1 100 1 1 1 1 5 0 1 1 1 1 1 1 1 1 1 1 1
instanceKlass jdk/jfr/internal/dcmd/Argument
instanceKlass jdk/net/UnixDomainPrincipal
ciInstanceKlass java/lang/Record 1 1 22 10 7 12 1 1 1 100 1 1 1 1 1 1 1 1 1 1 1 1 1 1
ciInstanceKlass java/lang/Boolean 1 1 151 10 7 12 1 1 1 9 7 12 1 1 1 10 12 1 1 10 12 1 8 1 10 7 12 1 1 9 12 1 1 9 12 1 8 1 10 12 1 1 10 12 1 1 10 7 12 1 1 1 100 1 100 1 10 12 1 1 9 100 12 1 1 9 12 10 100 12 1 1 1 10 12 1 1 8 1 10 7 12 1 1 1 9 12 1 1 100 1 100 1 100 1 1 1 1 1 1 5 0 1 1 1 1 1 1 1 1 1 1 3 1 1 1 1 1 1 1 1 1 1 1 1 1 1 1 1 1 1 1 1 100 1 1 1 1 1 1 1 1 1 1 100 1 1 1 1 1 1 1 1
staticfield java/lang/Boolean TRUE Ljava/lang/Boolean; java/lang/Boolean
staticfield java/lang/Boolean FALSE Ljava/lang/Boolean; java/lang/Boolean
staticfield java/lang/Boolean TYPE Ljava/lang/Class; java/lang/Class
instanceKlass java/util/concurrent/locks/AbstractQueuedSynchronizer
ciInstanceKlass java/util/concurrent/locks/AbstractOwnableSynchronizer 1 1 32 10 7 12 1 1 1 9 7 12 1 1 1 100 1 1 1 1 5 0 1 1 1 1 1 1 1 1 1 1 1 1
instanceKlass java/math/BigInteger
instanceKlass java/math/BigDecimal
instanceKlass java/util/concurrent/atomic/Striped64
instanceKlass java/util/concurrent/atomic/AtomicLong
instanceKlass java/util/concurrent/atomic/AtomicInteger
instanceKlass java/lang/Long
instanceKlass java/lang/Integer
instanceKlass java/lang/Short
instanceKlass java/lang/Byte
instanceKlass java/lang/Double
instanceKlass java/lang/Float
ciInstanceKlass java/lang/Number 1 1 37 10 7 12 1 1 1 10 100 12 1 1 1 100 1 1 1 1 5 0 1 1 1 1 1 1 1 1 1 1 1 1 1 1 1 1 1
instanceKlass java/lang/LiveStackFrameInfo
ciInstanceKlass java/lang/StackFrameInfo 1 1 132 10 7 12 1 1 1 9 7 12 1 1 1 9 7 1 9 12 1 1 11 7 12 1 1 1 9 12 1 1 11 12 1 1 10 12 1 1 10 7 12 1 1 1 10 12 1 11 12 1 11 12 1 1 11 12 1 10 12 1 1 9 12 1 1 10 12 1 1 10 100 12 1 1 10 12 1 1 11 12 1 1 10 12 1 9 12 1 1 10 12 1 1 100 1 8 1 10 12 1 10 7 12 1 1 1 100 1 1 1 1 1 1 1 1 1 1 1 1 1 1 1 1 1 1 100 1 1 1 1 1 1
staticfield java/lang/StackFrameInfo JLIA Ljdk/internal/access/JavaLangInvokeAccess; java/lang/invoke/MethodHandleImpl$1
ciInstanceKlass java/lang/LiveStackFrameInfo 0 0 97 10 100 12 1 1 1 9 100 12 1 1 1 9 12 1 9 12 1 9 12 1 9 12 1 1 100 1 10 12 1 1 10 12 1 8 1 10 12 1 1 8 1 8 1 8 1 10 100 1 10 12 1 100 1 10 12 1 100 1 100 1 1 1 3 1 3 1 1 1 1 1 1 1 1 1 1 1 1 1 1 1 1 1 1 1 1 1 1 1 1 1 1 1 100 1 1
ciInstanceKlass java/lang/Character 1 1 576 7 1 100 1 100 1 9 12 1 1 8 1 9 12 1 1 100 1 9 12 1 1 10 100 12 1 1 1 10 100 12 1 1 1 10 100 12 1 1 1 10 7 12 1 1 1 9 7 12 1 1 1 10 12 1 10 12 1 1 10 12 1 1 10 7 12 1 1 10 12 1 1 3 3 3 3 3 10 12 1 1 10 12 1 3 11 7 12 1 1 1 11 12 1 1 10 12 1 1 10 12 1 1 100 1 10 10 12 1 3 10 12 1 1 10 12 1 10 12 1 1 100 1 8 1 10 12 1 1 10 12 1 10 12 1 10 12 1 10 12 1 10 12 1 1 10 12 1 10 7 12 1 1 10 10 12 1 10 10 12 1 10 12 1 1 10 12 1 10 10 12 1 10 12 1 10 12 1 10 12 1 10 12 1 10 12 1 10 12 1 10 12 10 10 12 10 10 12 1 10 10 12 1 10 10 12 1 10 10 12 1 10 10 12 1 10 10 12 1 10 10 12 1 1 10 10 12 1 10 5 0 10 12 1 10 12 1 10 10 12 1 10 10 12 1 1 10 10 12 1 10 10 12 1 9 12 1 1 100 1 10 10 12 1 10 12 1 1 3 10 100 12 1 1 1 10 12 1 10 100 12 1 1 100 1 10 10 12 1 1 10 12 1 1 10 12 1 1 8 1 10 12 1 9 100 12 1 1 1 10 12 1 10 10 12 1 10 12 1 1 10 12 1 10 10 12 1 1 10 10 12 1 1 100 1 8 1 10 12 1 1 10 7 12 1 1 1 8 1 10 12 1 1 9 12 1 1 100 1 100 1 100 1 1 1 1 3 1 3 1 3 1 3 1 1 1 1 1 3 1 1 3 1 3 1 3 1 3 1 3 1 3 1 3 1 3 1 3 1 3 1 3 1 3 1 3 1 3 1 3 1 3 1 3 1 3 1 3 1 3 1 3 1 3 1 3 1 3 1 3 1 3 1 3 1 3 1 1 1 1 1 1 1 1 1 1 1 1 1 1 1 1 1 1 1 3 1 1 1 1 1 1 1 3 1 1 3 1 1 1 1 1 3 1 1 5 0 1 1 1 1 1 1 1 1 1 1 1 1 1 1 1 1 1 1 1 1 1 1 1 1 1 1 1 1 1 1 1 1 1 1 1 1 1 1 1 1 1 1 1 1 1 1 1 1 1 1 1 1 1 1 1 1 1 1 1 1 1 1 1 1 1 1 1 1 1 1 1 1 1 1 1 1 1 1 1 1 1 1 1 1 1 1 1 1 1 100 1 100 1 1 1 1 1 1
staticfield java/lang/Character TYPE Ljava/lang/Class; java/lang/Class
staticfield java/lang/Character $assertionsDisabled Z 1
ciInstanceKlass java/lang/Float 1 1 223 7 1 100 1 10 7 12 1 1 1 10 100 12 1 1 1 4 100 1 10 12 1 1 10 12 1 1 8 1 8 1 10 100 12 1 1 1 10 12 1 1 10 12 1 1 10 4 4 4 10 7 12 1 1 9 12 1 1 10 12 1 1 10 12 1 10 12 1 10 12 1 1 10 12 1 10 12 1 3 10 12 1 1 10 12 1 1 10 12 1 10 100 12 1 1 1 10 12 1 1 10 12 1 1 8 1 10 7 12 1 1 1 9 12 1 1 100 1 100 1 100 1 1 1 1 1 4 1 1 1 4 1 1 3 1 3 1 3 1 3 1 1 1 1 5 0 1 1 1 1 1 1 1 1 1 1 100 1 1 1 1 1 1 1 1 1 1 1 1 1 3 1 1 1 1 1 1 1 1 1 1 1 1 1 1 1 1 1 1 1 1 1 1 1 1 1 1 1 1 1 1 1 1 1 1 1 1 1 1 100 1 1 1 1 1 1 1 100 1 100 1 1
staticfield java/lang/Float TYPE Ljava/lang/Class; java/lang/Class
ciInstanceKlass java/lang/Double 1 1 285 7 1 100 1 10 7 12 1 1 1 10 12 1 1 10 12 1 100 1 10 12 1 1 10 7 12 1 1 1 6 0 8 1 10 12 1 1 8 1 10 12 1 1 8 1 6 0 10 12 1 1 100 1 5 0 5 0 8 1 8 1 10 100 12 1 1 1 10 100 12 1 1 1 8 1 10 12 1 1 8 1 8 1 8 1 10 12 1 1 10 12 1 10 12 1 1 10 12 1 10 12 1 10 12 1 1 10 12 1 10 6 0 6 0 6 0 10 7 12 1 1 9 12 1 1 10 12 1 10 12 1 10 12 1 10 12 1 5 0 10 12 1 1 10 12 1 10 12 1 10 100 12 1 1 1 10 12 1 1 10 12 1 1 8 1 10 7 12 1 1 1 9 12 1 1 100 1 100 1 100 1 1 1 1 1 6 0 1 1 1 6 0 1 1 3 1 3 1 3 1 3 1 1 1 1 5 0 1 1 1 1 1 1 1 1 1 1 1 1 1 1 1 1 7 1 1 1 1 1 1 1 1 1 1 1 1 3 1 1 1 1 1 1 1 1 1 1 1 1 1 1 1 1 1 1 1 1 1 1 1 1 1 1 1 1 1 1 1 1 1 1 7 1 1 1 1 1 1 1 100 1 100 1 1
staticfield java/lang/Double TYPE Ljava/lang/Class; java/lang/Class
ciMethod java/lang/Double doubleValue ()D 262 0 131 0 -1
ciMethod java/lang/Double doubleToLongBits (D)J 512 0 10118 0 -1
ciInstanceKlass java/lang/Byte 1 1 215 7 1 100 1 10 100 12 1 1 1 9 12 1 1 8 1 9 12 1 1 100 1 10 12 1 1 10 12 1 1 10 100 12 1 1 1 10 100 12 1 1 1 9 7 12 1 1 1 10 12 1 1 100 1 100 1 10 12 1 1 8 1 10 12 1 1 8 1 10 12 1 10 12 1 10 12 1 10 12 1 1 10 12 1 10 12 1 10 12 1 1 10 8 1 8 1 10 7 1 9 12 1 1 10 12 1 10 12 1 1 10 12 1 1 10 12 1 1 10 12 1 5 0 10 12 1 1 8 1 10 7 12 1 1 1 9 12 1 1 100 1 100 1 1 1 3 1 3 1 1 1 1 3 1 3 1 1 5 0 1 1 1 1 1 1 1 1 1 1 1 1 1 1 1 1 1 1 1 1 1 1 1 1 1 1 1 1 1 1 1 1 1 1 1 1 1 1 1 1 1 1 1 1 1 1 1 1 1 1 1 1 1 1 1
staticfield java/lang/Byte TYPE Ljava/lang/Class; java/lang/Class
ciInstanceKlass java/lang/Short 1 1 224 7 1 100 1 100 1 10 100 12 1 1 1 10 12 1 1 100 1 100 1 10 12 1 1 8 1 10 12 1 1 8 1 10 12 1 10 12 1 10 12 1 10 12 1 1 10 12 1 1 10 12 1 9 12 1 1 8 1 9 12 1 1 100 1 10 12 1 1 10 12 1 10 100 12 1 1 1 10 100 12 1 1 1 9 7 12 1 1 1 10 12 1 10 12 1 1 10 8 1 8 1 10 7 1 9 12 1 1 10 12 1 10 12 1 1 10 12 1 1 10 12 1 1 10 12 1 3 3 5 0 10 12 1 1 8 1 10 7 12 1 1 1 9 12 1 1 100 1 100 1 1 1 3 1 3 1 1 1 1 3 1 3 1 1 5 0 1 1 1 1 1 1 1 1 1 1 1 1 1 1 1 1 1 1 1 1 1 1 1 1 1 1 1 3 1 1 1 1 1 1 1 1 1 1 1 1 1 1 1 1 1 1 1 1 1 1 1 1 1 1 1 1 1
staticfield java/lang/Short TYPE Ljava/lang/Class; java/lang/Class
ciInstanceKlass java/lang/Integer 1 1 445 7 1 100 1 7 1 7 1 10 12 1 1 9 12 1 1 9 12 1 1 10 100 12 1 1 1 10 12 1 1 10 100 12 1 1 1 10 10 12 1 1 10 100 12 1 1 1 10 12 1 10 12 1 1 10 7 12 1 1 1 10 12 1 1 10 12 1 1 10 12 1 10 12 1 10 12 1 1 10 10 12 1 9 12 1 1 9 12 1 7 1 8 1 10 12 1 100 1 10 12 1 8 1 10 12 1 1 10 12 1 8 1 10 12 1 8 1 10 12 1 1 3 10 12 1 1 3 10 12 1 1 10 12 1 1 10 7 12 1 1 1 11 7 1 100 1 10 11 10 12 1 1 8 1 10 12 1 1 8 1 100 1 10 12 1 1 10 12 1 1 5 0 8 1 10 12 1 10 12 1 10 12 1 10 12 1 1 7 1 9 12 1 1 9 12 1 1 10 12 1 10 7 1 9 12 1 10 12 1 10 12 1 10 12 1 1 10 7 12 1 1 1 100 1 100 1 10 12 1 1 10 12 1 1 8 1 8 1 10 12 1 1 8 1 8 1 8 1 8 1 8 1 8 1 10 12 1 10 12 1 10 12 1 5 0 3 3 3 3 10 12 1 3 10 12 1 10 100 12 1 1 1 10 12 1 1 10 12 1 1 8 1 10 7 12 1 1 1 9 12 1 1 3 3 3 3 3 3 9 12 1 1 100 1 100 1 100 1 1 1 1 1 1 1 3 1 3 1 1 5 0 1 1 1 1 1 1 1 1 1 100 1 1 1 1 1 1 1 1 1 1 1 1 1 1 1 1 1 1 1 1 1 1 1 1 1 1 1 1 1 1 1 1 1 1 1 1 1 1 1 3 1 1 1 1 1 1 1 1 1 1 1 1 1 1 1 1 100 1 1 1 1 1 1 1 1 1 1 1 1 1 1 1 1 1 1 1 1 1 1 1 1 1 1 1 1 1 1 1 100 1 1 1 1 1 1 1 1 1 100 1 100 1 1
staticfield java/lang/Integer TYPE Ljava/lang/Class; java/lang/Class
staticfield java/lang/Integer digits [C 36
staticfield java/lang/Integer DigitTens [B 100
staticfield java/lang/Integer DigitOnes [B 100
staticfield java/lang/Integer sizeTable [I 10
ciInstanceKlass java/lang/Long 1 1 506 7 1 100 1 7 1 7 1 10 12 1 1 9 12 1 1 9 7 12 1 1 1 10 7 12 1 1 1 10 12 1 1 10 100 12 1 1 1 10 10 12 10 12 1 10 12 1 10 12 1 5 0 5 0 100 1 10 12 1 1 10 12 1 1 10 12 1 10 12 1 10 12 1 10 12 1 1 10 100 12 1 1 10 12 1 10 12 1 1 10 12 1 1 10 12 1 1 10 12 1 1 10 100 12 1 1 1 10 12 1 1 10 12 1 10 12 1 10 12 1 10 12 1 1 10 10 12 1 5 0 5 0 9 12 1 1 9 12 1 5 0 7 1 8 1 10 12 1 8 1 10 12 1 8 1 8 1 10 12 1 1 5 0 10 12 1 1 5 0 10 12 1 1 10 12 1 1 10 100 12 1 1 1 11 100 1 100 1 10 11 10 12 1 1 8 1 10 12 1 1 8 1 100 1 10 12 1 1 10 12 1 8 1 8 1 11 12 1 1 10 12 1 10 12 1 10 12 1 5 0 5 0 9 7 12 1 1 1 10 12 1 10 12 1 1 8 1 8 1 10 12 1 1 8 1 8 1 8 1 8 1 8 1 8 1 10 12 1 10 12 1 10 12 1 1 10 7 1 9 12 1 1 10 12 1 10 12 1 1 10 7 12 1 1 1 100 1 100 1 10 12 1 1 10 12 1 1 5 0 10 12 1 10 12 1 5 0 5 0 5 0 10 12 1 1 5 0 5 0 10 12 1 10 12 1 10 100 12 1 1 1 10 12 1 1 10 12 1 1 8 1 10 7 12 1 1 1 9 12 1 1 100 1 100 1 100 1 1 1 1 5 0 1 1 1 1 3 1 3 1 5 0 1 1 1 1 1 1 1 1 1 100 1 1 1 1 1 1 1 1 1 1 1 1 1 1 1 1 1 1 1 1 1 1 1 1 1 1 1 1 1 1 1 1 1 1 1 1 1 1 1 1 1 1 1 1 1 1 1 1 1 1 1 1 1 1 3 1 1 1 1 1 1 1 1 1 1 1 1 1 1 1 100 1 1 1 1 1 1 1 1 1 1 1 1 1 1 1 1 1 1 1 1 1 1 1 1 1 1 1 7 1 1 1 1 1 1 1 1 1 100 1 100 1 1
staticfield java/lang/Long TYPE Ljava/lang/Class; java/lang/Class
ciInstanceKlass java/util/WeakHashMap$Entry 1 1 112 10 7 12 1 1 1 9 7 12 1 1 1 9 12 1 1 9 12 1 1 10 12 1 1 10 7 12 1 1 1 100 1 10 12 1 11 10 100 12 1 1 1 10 12 1 11 10 100 12 1 1 1 100 1 10 12 1 10 12 1 1 8 1 10 12 1 10 12 1 1 1 1 1 1 1 1 1 1 1 1 1 1 1 1 1 1 1 1 1 1 1 1 1 1 1 1 1 1 1 1 1 1 1 1 1 1 1 1 1 100 1
instanceKlass java/lang/ref/PhantomReference
instanceKlass java/lang/ref/FinalReference
instanceKlass java/lang/ref/WeakReference
instanceKlass java/lang/ref/SoftReference
ciInstanceKlass java/lang/ref/Reference 1 1 195 9 7 12 1 1 1 9 7 12 1 1 10 12 1 1 10 12 1 1 9 12 1 1 10 12 1 1 9 12 1 1 9 12 1 1 7 1 10 12 1 10 7 12 1 1 10 12 1 10 12 1 1 10 12 1 9 12 1 10 12 1 1 10 12 1 10 12 1 9 12 1 100 1 100 1 10 12 1 9 12 1 9 12 1 100 1 10 10 12 1 10 10 7 12 1 1 10 7 12 1 1 1 10 12 1 1 10 7 12 1 1 7 1 8 1 10 12 1 10 12 1 1 10 12 1 1 10 12 1 7 1 10 10 7 12 1 1 1 1 1 1 1 1 1 1 1 1 1 1 1 1 1 1 1 100 1 1 1 100 1 1 1 1 1 1 1 1 1 1 1 1 1 1 1 1 1 1 1 1 1 1 1 1 1 1 1 1 1 1 1 1 1 1 1
staticfield java/lang/ref/Reference processPendingLock Ljava/lang/Object; java/lang/Object
staticfield java/lang/ref/Reference $assertionsDisabled Z 1
instanceKlass jakarta/persistence/spi/PersistenceProviderResolverHolder$DefaultPersistenceProviderResolver$PersistenceProviderReference
instanceKlass sun/util/locale/provider/LocaleResources$ResourceReference
instanceKlass java/io/ClassCache$CacheRef
instanceKlass sun/util/resources/Bundles$BundleReference
instanceKlass java/util/ResourceBundle$BundleReference
instanceKlass sun/util/locale/LocaleObjectCache$CacheEntry
instanceKlass java/lang/invoke/LambdaFormEditor$Transform
ciInstanceKlass java/lang/ref/SoftReference 1 1 47 10 7 12 1 1 1 9 7 12 1 1 1 9 12 1 10 12 1 10 12 1 1 1 1 1 1 1 1 1 1 1 1 1 1 1 1 1 1 1 1 100 1 1 1 1 1
ciMethod java/lang/ref/Reference refersToImpl (Ljava/lang/Object;)Z 520 0 14464 0 96
ciInstanceKlass java/lang/PublicMethods$Key 1 1 91 10 7 12 1 1 1 10 7 12 1 1 1 9 7 12 1 1 1 9 12 1 1 10 7 12 1 1 1 9 12 1 1 10 7 12 1 1 1 10 7 12 1 1 10 7 12 1 1 1 10 12 1 1 7 1 10 10 7 12 1 1 1 1 1 1 1 1 1 1 1 1 1 1 1 1 1 1 1 1 1 1 1 1 1 1 100 1 1 1 1
staticfield java/lang/PublicMethods$Key reflectionFactory Ljdk/internal/reflect/ReflectionFactory; jdk/internal/reflect/ReflectionFactory
instanceKlass net/bytebuddy/TypeCache$StorageKey
instanceKlass jakarta/persistence/spi/PersistenceProviderResolverHolder$DefaultPersistenceProviderResolver$LoaderReference
instanceKlass com/sun/util/reentrant/ReentrantContextProvider$HardReference
instanceKlass com/sun/javafx/util/WeakReferenceQueue$ListEntry
instanceKlass sun/rmi/transport/WeakRef
instanceKlass java/util/ResourceBundle$KeyElementReference
instanceKlass java/lang/WeakPairMap$WeakRefPeer
instanceKlass java/lang/ClassValue$Entry
instanceKlass com/sun/jmx/mbeanserver/WeakIdentityHashMap$IdentityWeakReference
instanceKlass java/util/logging/LogManager$LoggerWeakRef
instanceKlass java/util/logging/Level$KnownLevel
instanceKlass java/lang/ThreadLocal$ThreadLocalMap$Entry
instanceKlass java/lang/invoke/MethodType$ConcurrentWeakInternSet$WeakEntry
instanceKlass java/util/WeakHashMap$Entry
ciInstanceKlass java/lang/ref/WeakReference 1 1 31 10 7 12 1 1 1 10 12 1 100 1 1 1 1 1 1 1 1 1 1 1 1 1 1 1 1 1 1 1 1
ciInstanceKlass java/util/logging/LogManager$LoggerWeakRef 1 1 96 9 7 12 1 1 1 9 7 12 1 1 1 10 7 12 1 1 1 9 12 1 1 10 7 12 1 1 1 9 12 1 1 9 12 1 1 9 100 12 1 1 1 10 100 12 1 1 1 9 12 1 1 9 12 1 1 10 12 1 1 10 12 1 1 1 1 1 1 1 1 1 1 1 1 1 1 1 1 100 1 100 1 1 1 1 1 1 1 1 1 1 1 1 1 1
ciMethod java/lang/ref/Reference get ()Ljava/lang/Object; 0 0 1 0 -1
instanceKlass java/lang/ref/Finalizer
ciInstanceKlass java/lang/ref/FinalReference 1 1 47 10 7 12 1 1 1 10 100 12 1 1 1 10 12 1 1 100 1 8 1 10 12 1 1 1 1 1 1 1 1 1 1 1 1 1 1 1 1 1 1 1 1 1 1 1 1
ciInstanceKlass java/lang/ref/Finalizer 1 1 152 9 7 12 1 1 1 10 7 12 1 1 1 9 12 1 1 9 12 1 1 9 12 1 9 12 1 10 12 1 10 12 1 1 9 12 1 1 100 1 10 12 1 100 1 11 100 12 1 1 100 1 10 12 1 100 1 10 12 1 10 100 12 1 1 1 10 100 12 1 1 1 100 1 10 10 12 1 10 7 12 1 1 1 7 1 10 7 1 10 10 7 12 1 1 1 10 12 1 1 10 7 12 1 1 7 1 10 12 1 10 12 1 1 10 12 1 1 10 12 1 1 1 1 1 1 1 1 1 1 1 1 1 1 1 1 1 1 1 1 1 1 1 1 1 1 1 1 1 1 1 1
staticfield java/lang/ref/Finalizer lock Ljava/lang/Object; java/lang/Object
staticfield java/lang/ref/Finalizer $assertionsDisabled Z 1
instanceKlass jdk/internal/ref/PhantomCleanable
instanceKlass jdk/internal/ref/Cleaner
ciInstanceKlass java/lang/ref/PhantomReference 1 1 39 10 100 12 1 1 1 10 7 12 1 1 1 1 1 1 1 1 1 1 1 1 1 1 1 1 1 1 1 1 1 1 1 1 1 1 1 1 1
instanceKlass net/bytebuddy/TypeCache
instanceKlass java/lang/ref/ReferenceQueue$Null
ciInstanceKlass java/lang/ref/ReferenceQueue 1 1 140 10 7 12 1 1 1 7 1 10 9 7 12 1 1 1 9 12 1 1 9 7 12 1 1 1 9 12 1 9 12 1 9 12 1 1 100 1 10 9 12 1 1 9 12 1 7 1 10 100 12 1 1 1 10 12 1 10 12 1 1 100 1 8 1 10 12 1 10 7 12 1 1 1 10 12 1 1 5 0 10 12 1 1 11 100 12 1 1 1 10 7 12 1 1 1 7 1 10 1 1 1 1 1 1 1 1 1 1 1 1 1 1 100 1 1 1 1 1 1 1 1 1 100 1 1 1 1 1 1 1 1 1 1 1 1 1 1 1 1
staticfield java/lang/ref/ReferenceQueue NULL Ljava/lang/ref/ReferenceQueue; java/lang/ref/ReferenceQueue$Null
staticfield java/lang/ref/ReferenceQueue ENQUEUED Ljava/lang/ref/ReferenceQueue; java/lang/ref/ReferenceQueue$Null
staticfield java/lang/ref/ReferenceQueue $assertionsDisabled Z 1
instanceKlass java/lang/reflect/Executable
instanceKlass java/lang/reflect/Field
ciInstanceKlass java/lang/reflect/AccessibleObject 1 1 398 10 7 12 1 1 1 9 100 12 1 1 1 10 100 12 1 1 1 10 7 12 1 1 10 7 12 1 1 1 10 100 12 1 1 1 10 12 1 1 10 12 1 1 9 12 1 1 100 1 10 7 12 1 1 1 11 12 1 100 1 10 12 1 7 1 100 1 10 12 1 10 12 1 1 7 1 10 7 12 1 1 1 10 12 1 1 7 1 10 12 1 1 100 1 10 10 10 7 12 1 1 1 10 12 1 1 10 12 1 10 12 1 10 12 1 1 10 12 1 8 1 100 1 10 10 12 1 1 8 1 10 12 1 10 12 1 8 1 8 1 8 1 8 1 8 1 8 1 100 1 10 12 1 10 12 1 9 12 1 1 10 12 1 1 10 12 1 10 11 100 1 100 1 8 1 10 10 12 1 10 12 1 1 8 1 10 12 1 8 1 10 12 1 1 10 100 1 8 1 10 11 7 12 1 1 10 12 1 1 10 12 1 1 10 12 1 1 9 12 1 1 100 1 10 12 1 7 1 10 12 1 10 12 1 1 10 100 1 10 12 1 10 12 10 12 1 10 12 1 1 10 12 1 10 12 1 1 10 12 1 9 12 1 10 100 12 1 1 8 1 10 100 12 1 1 1 8 1 10 100 12 1 1 1 9 12 1 100 1 10 7 1 10 10 7 12 1 1 1 7 1 10 10 7 12 1 1 1 7 1 9 12 1 1 1 1 1 1 1 1 1 1 1 1 1 1 1 1 1 1 1 1 1 1 1 1 1 1 1 1 1 1 1 1 1 1 1 1 1 1 1 1 1 1 1 1 1 1 1 1 1 1 1 1 1 1 1 1 1 1 1 1 1 1 1 1 1 1 1 1 1 1 1 1 1 1 1 1 1 1 1 1 1 1 1 1 1
staticfield java/lang/reflect/AccessibleObject reflectionFactory Ljdk/internal/reflect/ReflectionFactory; jdk/internal/reflect/ReflectionFactory
instanceKlass java/lang/reflect/Constructor
instanceKlass java/lang/reflect/Method
ciInstanceKlass java/lang/reflect/Executable 1 1 548 10 7 12 1 1 1 10 7 12 1 1 1 10 7 12 1 1 1 11 7 12 1 1 1 10 7 12 1 1 1 10 12 1 1 10 7 12 1 1 1 10 7 12 1 1 1 10 12 1 8 1 10 10 12 1 1 10 12 1 1 10 100 12 1 1 1 18 12 1 1 11 100 12 1 1 1 8 1 8 1 8 1 10 100 12 1 1 1 11 12 1 1 100 1 8 1 8 1 10 12 1 100 1 8 1 10 12 1 8 1 11 100 12 1 1 1 100 1 10 12 1 1 11 12 1 8 1 18 8 1 10 12 1 10 12 1 1 18 8 1 10 12 1 100 1 10 12 1 10 12 1 11 100 12 1 1 10 12 1 1 8 1 8 1 10 12 1 1 10 12 1 1 10 10 12 1 100 1 10 10 12 1 10 12 1 1 10 7 12 1 1 10 12 1 10 12 1 10 12 1 1 10 7 12 1 1 10 12 1 10 12 1 10 7 12 1 1 1 10 12 1 8 1 10 12 1 10 12 1 3 100 1 8 1 10 12 1 10 12 1 10 10 12 1 10 12 1 1 8 1 8 1 8 1 9 12 1 10 12 1 100 1 8 1 9 12 1 10 12 1 10 12 1 1 10 12 1 1 10 12 1 10 12 10 12 1 7 1 10 12 1 10 12 1 1 100 1 10 100 12 1 1 1 100 1 10 7 12 1 1 1 10 12 1 1 11 7 12 1 1 10 7 12 1 1 10 100 12 1 1 1 10 12 1 1 9 12 1 10 12 1 1 10 12 1 10 12 1 1 9 100 12 1 1 1 10 100 12 1 1 1 10 12 1 10 12 1 1 9 12 1 10 10 10 10 100 12 1 1 1 10 12 1 9 12 1 10 12 1 1 9 12 1 100 1 100 1 1 1 1 1 1 1 1 1 1 1 1 1 1 1 1 1 1 1 1 1 1 1 1 1 1 1 1 1 1 1 1 1 1 100 1 1 1 1 1 1 1 1 100 1 1 1 1 1 1 1 1 1 1 1 1 100 1 1 1 1 1 1 1 1 1 1 1 1 1 1 1 1 1 1 1 1 1 1 1 1 1 1 1 1 1 1 1 1 1 1 1 1 1 1 1 1 1 100 1 1 1 1 1 1 1 1 1 1 1 1 1 1 1 1 1 1 1 1 1 100 1 100 1 1 15 10 100 12 1 1 1 16 15 16 1 16 1 15 10 12 16 1 100 1 1 100 1 100 1 1
ciInstanceKlass java/lang/reflect/Constructor 1 1 433 10 7 12 1 1 1 10 7 12 1 1 9 7 12 1 1 1 10 12 1 1 10 12 1 1 10 7 12 1 1 9 12 1 1 10 7 12 1 1 1 9 12 1 1 9 12 1 1 9 12 1 9 12 1 1 9 12 1 9 12 1 1 9 12 1 1 9 12 1 100 1 8 1 10 12 1 10 12 1 9 12 1 1 10 7 12 1 1 10 7 12 1 1 1 10 12 1 1 10 12 1 1 10 12 1 7 1 100 1 8 1 10 10 12 1 10 12 1 10 12 1 1 10 12 1 1 9 7 12 1 1 1 10 7 12 1 1 10 12 1 1 10 12 1 10 12 1 1 10 100 12 1 1 1 10 100 12 1 1 10 12 1 1 10 12 1 10 100 12 1 1 1 8 1 10 10 12 1 100 1 8 1 10 12 1 10 12 1 1 10 12 1 1 10 12 1 10 12 1 10 12 1 1 10 12 1 1 9 12 1 1 10 12 1 1 10 12 1 1 10 12 1 8 1 10 12 1 1 11 7 12 1 1 1 10 12 1 1 10 12 1 10 12 1 9 12 1 1 10 7 12 1 1 1 10 12 1 1 10 12 1 1 10 12 1 1 10 12 1 1 10 12 1 9 100 12 1 1 10 12 1 10 12 1 10 12 1 100 1 8 1 10 10 12 1 1 10 12 1 10 10 12 1 1 10 12 1 1 10 100 12 1 1 1 11 100 12 1 1 1 10 12 1 1 9 100 12 1 1 1 10 100 12 1 1 1 10 12 1 1 1 1 1 1 1 1 1 1 1 1 1 1 1 1 1 1 1 1 1 1 1 1 1 1 1 1 1 1 1 1 1 1 1 1 1 1 1 1 1 1 1 1 1 1 1 1 1 1 1 100 1 100 1 100 1 100 1 1 1 1 1 1 1 1 1 1 1 1 1 1 1 1 1 1 1 1 1 1 1 1 1 1 1 1 1 1 1 1 1 100 1 1
ciInstanceKlass java/lang/reflect/Method 1 1 450 9 7 12 1 1 1 10 7 12 1 1 1 10 7 12 1 1 9 12 1 1 10 12 1 1 10 12 1 1 10 7 12 1 1 10 7 12 1 1 1 9 12 1 1 9 12 1 9 12 1 1 9 12 1 9 12 1 9 12 1 1 9 12 1 9 12 1 1 9 12 1 9 12 1 9 12 1 1 7 1 8 1 10 12 1 10 12 1 9 12 1 1 8 1 10 7 12 1 1 10 7 12 1 1 1 10 12 1 1 10 12 1 1 10 12 1 10 12 1 1 10 12 1 1 9 7 12 1 1 1 10 12 1 1 10 12 10 7 12 1 1 10 12 1 1 10 12 1 10 12 1 10 12 1 10 7 12 1 1 1 10 12 1 1 10 7 1 10 7 12 1 1 1 10 7 12 1 1 10 12 1 1 10 12 1 1 10 12 1 10 7 12 1 1 1 10 12 1 10 8 1 10 12 1 10 12 1 7 1 8 1 8 1 8 1 10 12 1 10 12 1 1 10 12 1 1 10 10 12 1 1 10 12 1 11 100 1 9 12 1 1 10 12 1 1 10 12 1 10 12 1 1 10 12 1 1 11 7 12 1 1 1 10 12 1 10 12 1 10 12 1 10 12 1 10 12 1 9 12 1 1 10 7 12 1 1 1 10 12 1 1 10 7 12 1 1 1 10 7 12 1 1 1 10 7 12 1 1 1 11 7 12 1 1 1 10 7 12 1 1 1 7 1 100 1 100 1 10 12 1 10 12 1 1 10 12 1 100 1 8 1 10 12 1 10 10 12 1 1 10 12 1 1 10 12 1 1 10 12 1 1 8 1 10 12 1 1 1 1 1 1 1 1 1 1 1 1 1 1 1 1 1 1 1 1 1 1 1 1 1 1 1 1 1 1 1 1 1 1 1 1 1 1 1 1 1 1 1 1 1 1 1 1 1 1 1 1 1 100 1 7 1 7 1 1 1 1 1 1 1 1 1 1 1 1 1 1 1 1 1 1 1 1 1 1 1 1 1 1
ciInstanceKlass java/lang/reflect/Field 1 1 437 9 7 12 1 1 1 10 12 1 1 10 7 12 1 1 1 10 7 12 1 1 9 12 1 1 10 12 1 1 10 12 1 1 10 7 12 1 1 10 7 12 1 1 1 9 12 1 1 9 12 1 9 12 1 9 12 1 1 9 12 1 1 9 12 1 9 12 1 1 9 12 1 1 100 1 8 1 10 12 1 10 12 1 9 12 1 1 9 12 1 10 12 1 10 7 12 1 1 10 12 1 1 10 12 1 1 10 12 1 10 12 1 1 7 1 10 12 1 1 10 12 1 1 10 12 1 1 10 12 1 10 12 1 10 7 1 10 7 12 1 1 100 1 10 8 1 10 12 1 1 10 12 1 1 8 1 10 12 10 12 1 8 1 8 1 10 11 100 1 9 12 1 10 12 1 1 10 12 1 1 11 7 12 1 1 1 11 12 1 1 11 12 1 1 11 12 1 1 11 12 1 1 11 12 1 1 11 12 1 1 11 12 1 1 11 12 1 1 11 12 1 1 11 12 1 1 11 12 1 1 11 12 1 1 11 12 1 1 11 12 1 1 11 12 1 1 11 12 1 1 11 12 1 1 10 12 1 10 7 12 1 1 10 12 1 10 12 1 1 10 12 9 12 1 1 10 7 12 1 1 1 10 12 1 1 10 7 12 1 1 10 12 1 1 11 7 1 10 12 1 7 1 10 100 12 1 1 1 10 7 12 1 1 1 9 12 1 10 7 12 1 1 1 11 7 12 1 1 1 10 12 1 1 10 12 1 1 9 100 12 1 1 1 10 100 12 1 1 1 10 12 1 1 100 1 1 1 1 1 1 1 1 1 1 1 1 1 1 1 1 1 1 1 1 1 1 1 1 1 1 1 1 1 1 1 1 1 1 1 100 1 1 1 1 1 1 1 1 1 1 1 1 1 1 1 1 1 1 1 1 1 1 1 1 1 1 1 1 1 1 1 1 1 1 100 1 1 1 1 1 1 1 1 100 1 1
ciInstanceKlass java/lang/reflect/Parameter 1 1 226 10 7 12 1 1 1 9 7 12 1 1 1 9 12 1 1 9 12 1 1 9 12 1 10 12 1 1 10 12 1 1 10 7 12 1 1 1 100 1 10 10 12 1 1 11 100 12 1 1 1 10 12 1 10 100 12 1 1 1 10 12 1 1 10 12 1 10 12 1 8 1 8 1 10 100 12 1 1 1 10 12 1 10 12 10 12 1 8 1 10 12 1 9 12 1 1 10 12 1 1 9 12 1 1 10 12 1 1 10 12 1 1 10 12 1 1 10 12 1 10 10 12 1 10 100 12 1 1 1 10 12 1 1 11 100 12 1 1 10 100 12 1 1 100 1 10 100 12 1 1 1 10 12 1 1 10 12 1 1 10 12 1 1 10 12 1 1 9 12 1 100 1 10 11 12 1 1 11 12 1 1 100 1 1 1 1 1 1 1 1 1 1 1 1 1 1 1 1 1 1 1 1 1 1 1 1 1 1 1 1 1 1 1 1 1 1 1 1 1 1 100 1 1 1 1
ciInstanceKlass java/lang/StringBuffer 1 1 470 10 7 12 1 1 1 10 12 1 10 12 1 10 12 1 1 9 7 12 1 1 1 10 12 1 1 10 12 1 10 12 1 1 9 12 1 1 10 12 1 10 12 1 1 10 12 1 1 10 12 1 10 12 1 1 10 12 1 10 12 1 1 10 12 1 1 10 100 12 1 1 1 10 12 1 1 10 12 1 10 12 1 10 12 1 10 12 1 10 12 1 10 12 1 10 12 1 10 12 1 10 12 1 10 12 1 10 12 1 10 12 1 10 12 1 10 12 1 1 10 12 1 10 12 1 1 10 12 1 1 10 10 12 1 1 10 12 1 10 12 1 10 12 1 10 12 1 10 12 1 10 12 1 10 12 10 12 1 10 12 1 10 12 1 10 12 1 1 10 12 1 10 12 1 10 10 12 1 1 10 12 1 1 9 12 1 1 10 7 12 1 1 1 10 7 1 10 10 100 12 1 1 1 10 10 12 1 10 8 10 100 12 1 1 1 8 10 12 1 8 1 10 12 1 10 12 1 10 100 12 1 1 1 10 100 12 1 1 1 7 1 10 12 100 1 8 1 10 10 12 1 1 10 12 1 1 10 12 1 1 10 12 1 10 12 1 10 12 1 10 12 1 10 12 1 10 12 1 10 12 1 10 12 1 10 12 1 10 12 1 10 12 1 10 12 1 10 12 1 10 12 1 10 12 1 10 12 1 10 12 10 12 10 12 1 10 12 1 10 12 1 10 12 10 12 1 10 12 1 10 12 1 10 12 1 10 12 1 10 12 1 10 12 1 10 12 1 10 12 1 10 12 1 10 12 1 7 1 10 12 1 9 7 12 1 1 1 9 7 1 9 12 1 1 100 1 100 1 100 1 1 1 1 5 0 1 1 1 1 1 1 1 1 1 1 1 1 1 1 1 1 1 1 1 1 1 1 1 1 1 1 1 1 1 1 1 1 1 1 1 1 1 1 1 1 1 1 1 1 1 1 1 1 1 1 1 1 1 1 1 1 1 1 1 1 100 1 1 1 1 1 100 1 1 1 1 1 1 1 1 1 1 1 1 1 1 1 1 1
staticfield java/lang/StringBuffer serialPersistentFields [Ljava/io/ObjectStreamField; 3 [Ljava/io/ObjectStreamField;
instanceKlass java/lang/StringBuilder
instanceKlass java/lang/StringBuffer
ciInstanceKlass java/lang/AbstractStringBuilder 1 1 547 7 1 7 1 10 7 12 1 1 1 9 7 12 1 1 1 9 12 1 9 12 1 1 9 12 1 1 10 7 12 1 1 1 10 12 1 1 3 3 10 12 1 10 12 1 1 11 7 1 100 1 100 1 10 8 1 10 12 1 10 12 1 10 12 1 1 10 12 1 10 12 1 10 12 1 9 12 1 1 10 12 1 1 10 7 12 1 1 1 10 10 12 1 10 12 1 10 12 1 1 10 12 1 1 10 7 12 1 1 1 10 7 12 1 1 1 100 1 8 1 10 10 12 1 1 100 1 10 12 10 12 1 1 10 10 12 1 1 10 12 1 1 10 12 1 1 10 12 1 1 100 1 10 10 12 1 10 100 12 1 1 1 10 12 1 1 10 12 1 10 12 1 1 10 10 12 1 1 10 12 10 12 1 10 12 1 1 10 12 1 1 10 12 1 1 10 12 1 10 10 12 1 1 10 12 1 10 12 1 1 8 1 10 12 1 1 10 12 1 10 12 1 10 12 1 10 12 1 10 12 1 10 12 1 10 7 12 1 1 10 12 1 10 12 1 10 100 12 1 1 1 10 12 1 10 12 1 10 12 1 10 12 1 10 12 1 1 10 12 1 10 12 1 1 10 12 1 1 10 10 7 12 1 1 1 10 12 1 10 12 1 10 12 1 1 10 12 1 10 12 1 10 12 1 10 12 1 10 12 1 10 12 1 10 12 1 10 12 1 10 12 1 1 10 12 1 10 12 1 10 12 10 12 1 1 18 12 1 1 100 1 10 100 12 1 1 1 18 10 12 1 1 10 12 1 10 12 1 1 11 12 1 10 12 1 10 12 1 10 10 12 1 10 8 1 8 1 8 1 10 10 100 1 10 12 1 100 1 10 100 1 10 100 1 1 1 3 1 1 1 1 1 1 1 1 1 1 100 1 1 1 1 1 1 1 1 1 1 1 1 1 1 1 1 1 1 1 1 1 1 1 1 1 1 1 1 1 1 1 1 1 1 1 1 1 1 1 1 1 1 1 1 1 1 1 1 1 1 1 1 1 1 1 1 1 1 1 1 1 1 1 1 1 1 1 1 1 1 1 1 1 1 1 1 1 1 1 1 1 1 1 1 1 1 1 1 1 1 1 1 1 1 1 1 1 100 1 1 100 1 1 1 1 1 100 1 1 1 1 1 1 15 10 100 12 1 1 1 16 1 15 10 12 16 15 10 12 1 1 1 1 100 1 100 1 1
staticfield java/lang/AbstractStringBuilder EMPTYVALUE [B 0
ciInstanceKlass java/lang/SecurityManager 0 0 576 10 100 12 1 1 1 9 100 12 1 1 1 10 100 12 1 1 1 100 1 8 1 10 12 1 10 12 1 1 10 100 12 1 1 1 10 100 1 10 100 1 10 9 100 12 1 1 1 10 100 12 1 1 1 10 12 1 1 10 100 12 1 1 100 1 8 1 10 9 12 1 1 9 12 1 8 1 9 12 1 100 1 10 8 1 10 12 1 1 10 12 1 10 12 1 1 100 1 10 10 12 1 1 100 1 8 1 10 12 1 8 1 8 1 8 1 8 1 8 1 8 1 10 12 1 8 1 8 1 8 1 8 1 8 1 10 100 12 1 1 1 10 12 1 1 8 1 100 1 8 1 10 8 1 8 1 8 1 8 1 8 1 10 100 12 1 1 8 1 100 1 8 1 8 1 10 8 1 10 12 1 100 1 8 1 10 10 12 1 1 10 12 1 10 12 1 10 12 1 10 100 12 1 1 1 10 12 1 10 100 12 1 1 11 100 12 1 1 1 18 12 1 1 11 100 12 1 1 1 18 12 1 1 11 12 1 1 18 18 11 12 1 18 12 1 11 12 1 1 9 12 1 1 9 12 1 9 12 1 9 12 1 100 1 10 100 12 1 1 10 12 1 10 12 1 18 12 1 18 10 100 12 1 1 1 18 12 1 10 12 1 18 18 8 1 10 12 1 9 12 1 1 11 100 12 1 1 1 8 1 100 1 10 12 1 10 12 1 1 10 12 1 1 9 12 1 1 10 12 1 10 12 1 1 8 1 100 1 10 9 12 1 8 1 10 12 1 8 1 100 1 10 10 100 12 1 1 10 100 1 9 100 12 1 1 1 11 12 1 1 10 12 1 11 12 1 10 12 1 100 1 10 10 12 1 1 10 12 1 1 1 1 1 1 1 1 1 1 1 100 1 1 1 1 1 1 1 1 1 1 1 1 1 1 1 1 1 1 1 1 1 1 1 1 1 1 1 1 1 1 1 1 1 1 1 1 1 1 1 1 1 1 1 1 1 1 1 1 1 1 1 1 1 1 1 1 3 1 1 1 1 1 1 1 1 1 1 100 1 1 1 1 1 1 1 1 1 1 1 1 1 1 1 1 1 1 1 1 1 1 1 1 1 1 1 1 1 1 1 1 1 1 1 1 1 1 15 10 100 12 1 1 1 16 15 10 100 12 1 1 1 16 1 16 15 10 12 16 1 15 10 12 16 15 11 100 1 16 1 16 1 15 10 12 16 15 10 12 16 15 10 12 1 16 1 15 11 12 1 15 10 12 16 15 10 16 1 1 1 1 100 1 100 1 1
instanceKlass org/antlr/v4/runtime/RecognitionException
instanceKlass java/util/EmptyStackException
instanceKlass java/lang/TypeNotPresentException
instanceKlass java/io/UncheckedIOException
instanceKlass org/hibernate/boot/jaxb/internal/stax/JpaOrmXmlEventReader$BadVersionException
instanceKlass java/time/DateTimeException
instanceKlass org/hibernate/AssertionFailure
instanceKlass com/sun/org/apache/xerces/internal/xni/XNIException
instanceKlass java/lang/reflect/UndeclaredThrowableException
instanceKlass ch/qos/logback/core/LogbackException
instanceKlass jakarta/persistence/PersistenceException
instanceKlass com/sun/javafx/geom/IllegalPathStateException
instanceKlass java/util/ConcurrentModificationException
instanceKlass java/util/NoSuchElementException
instanceKlass com/sun/javafx/geom/transform/SingularMatrixException
instanceKlass java/lang/IndexOutOfBoundsException
instanceKlass java/lang/UnsupportedOperationException
instanceKlass java/lang/SecurityException
instanceKlass java/lang/IllegalStateException
instanceKlass java/lang/IllegalArgumentException
instanceKlass java/lang/ArithmeticException
instanceKlass java/lang/NullPointerException
instanceKlass java/lang/IllegalMonitorStateException
instanceKlass java/lang/ArrayStoreException
instanceKlass java/lang/ClassCastException
ciInstanceKlass java/lang/RuntimeException 1 1 40 10 7 12 1 1 1 10 12 1 10 12 1 10 12 1 10 12 1 100 1 1 1 1 5 0 1 1 1 1 1 1 1 1 1 1 1 1 1 1
ciInstanceKlass java/lang/ArithmeticException 1 1 26 10 100 12 1 1 1 10 12 1 100 1 1 1 1 5 0 1 1 1 1 1 1 1 1 1
ciInstanceKlass java/lang/NullPointerException 1 1 52 10 7 12 1 1 1 10 12 1 9 7 12 1 1 1 10 12 1 1 9 12 1 1 10 12 1 1 10 12 1 1 1 1 5 0 1 1 1 1 1 1 1 1 100 1 100 1 100 1 1 1
instanceKlass org/hibernate/internal/util/collections/BoundedConcurrentHashMap
instanceKlass javafx/collections/FXCollections$EmptyObservableMap
instanceKlass java/util/Collections$SingletonMap
instanceKlass java/util/concurrent/ConcurrentSkipListMap
instanceKlass java/util/TreeMap
instanceKlass java/util/IdentityHashMap
instanceKlass sun/util/PreHashedMap
instanceKlass java/util/EnumMap
instanceKlass java/util/WeakHashMap
instanceKlass java/util/Collections$EmptyMap
instanceKlass java/util/HashMap
instanceKlass java/util/ImmutableCollections$AbstractImmutableMap
instanceKlass java/util/concurrent/ConcurrentHashMap
ciInstanceKlass java/util/AbstractMap 1 1 192 10 7 12 1 1 1 10 7 12 1 1 1 11 7 12 1 1 1 10 11 12 1 1 11 7 12 1 1 1 11 12 1 1 7 1 11 12 1 10 12 1 1 11 12 1 100 1 10 11 12 1 11 7 1 10 12 1 1 11 12 1 9 12 1 1 100 1 10 12 1 9 12 1 1 100 1 10 11 11 12 1 1 11 12 1 100 1 100 1 11 12 1 8 1 100 1 10 10 12 1 1 8 1 10 12 1 10 12 1 1 10 12 1 1 1 1 1 1 1 1 1 1 1 1 1 1 1 1 1 1 1 1 1 1 1 1 1 1 1 1 1 1 1 1 1 1 1 1 1 1 1 1 100 1 1 1 1 1 1 1 1 1 1 1 1 1 1 1 1 7 1 1 1 1 1 1 1 1 1 100 1 100 1 100 1 100 1 1 1 1 1
ciInstanceKlass java/util/Collections$EmptyList 1 1 150 10 7 12 1 1 1 10 7 12 1 1 1 10 12 1 1 11 100 12 1 1 1 7 1 100 1 100 1 10 8 1 10 12 1 1 10 12 1 10 12 1 1 10 12 1 7 1 11 10 7 12 1 1 1 10 100 12 1 1 1 9 12 1 1 100 1 100 1 100 1 1 1 1 5 0 1 1 1 1 1 1 1 1 1 1 1 1 1 1 1 1 1 1 1 1 1 1 1 1 1 1 1 1 1 1 1 1 1 1 1 1 1 1 1 1 1 1 1 1 1 1 1 1 1 1 1 1 1 1 1 1 1 1 1 1 1 1 1 1 1 1 1 1 1 1 1 1 1 1
ciInstanceKlass java/security/AccessControlContext 1 1 373 9 7 12 1 1 1 9 12 1 1 10 7 12 1 1 1 8 1 10 7 12 1 1 1 10 7 12 1 1 1 9 12 1 9 12 1 1 9 12 1 1 10 7 12 1 1 100 1 10 12 1 11 100 12 1 1 1 11 12 1 11 12 1 11 12 1 1 7 1 11 12 1 1 10 12 1 10 7 12 1 1 1 9 100 12 1 1 1 10 100 12 1 1 1 11 100 12 1 1 1 10 7 1 100 1 8 1 10 12 1 10 12 1 1 7 1 10 7 12 1 1 1 9 12 1 9 12 1 9 12 1 9 12 1 1 9 12 1 1 9 12 1 9 12 1 10 7 12 1 1 1 9 12 1 10 12 1 1 10 12 1 1 8 1 10 12 1 1 10 12 1 1 10 100 12 1 1 1 7 1 10 10 12 1 1 10 100 12 1 1 1 10 8 1 10 100 12 1 1 8 1 10 100 12 1 1 8 1 8 1 10 12 1 8 1 10 12 1 8 1 10 12 1 10 12 1 10 12 1 1 8 1 8 1 100 1 10 12 1 10 12 1 1 7 1 10 12 1 8 1 10 12 1 10 12 1 10 8 1 10 12 1 1 10 12 1 1 10 12 1 1 10 12 1 1 10 12 1 10 12 1 10 12 1 10 12 1 1 10 10 10 12 1 1 1 1 1 1 1 1 1 1 1 1 1 1 1 1 1 1 1 1 1 1 1 1 100 1 1 1 1 1 1 1 1 1 1 1 1 1 1 1 1 1 1 1 1 1 1 1 1 1 1 1 1 1 1 1 1 1 1 1 1 1 1 1 1 1 1 1 1 1 1 1 1 1 1 1 1 3 1 1
ciInstanceKlass java/net/URL 1 1 743 10 7 12 1 1 1 10 12 1 10 7 12 1 1 9 12 1 1 9 12 1 10 7 12 1 1 1 10 12 1 1 10 12 1 1 9 12 1 1 10 7 12 1 1 1 8 1 10 12 1 1 7 1 10 10 12 1 1 8 1 10 12 1 1 9 12 1 7 1 8 1 10 12 1 10 12 1 8 1 9 12 1 10 12 1 1 9 12 1 10 12 1 10 12 1 9 12 1 9 12 1 8 1 9 12 1 10 12 1 1 8 1 9 12 1 1 10 12 1 1 10 7 12 1 1 1 8 1 10 12 1 7 1 10 12 1 10 12 1 10 12 1 10 12 1 1 10 12 1 1 8 1 10 12 1 1 10 12 1 8 1 9 12 1 8 1 10 12 1 10 7 12 1 1 1 100 1 10 12 1 10 12 1 1 10 7 12 1 1 1 100 1 8 1 10 10 12 1 8 1 10 12 1 1 10 12 1 10 12 1 10 12 1 10 12 1 10 12 1 8 1 10 12 1 10 10 7 12 1 1 1 10 12 1 9 100 12 1 1 1 10 100 12 1 1 1 9 12 1 1 10 12 1 10 100 12 1 1 1 100 1 100 1 10 12 1 10 12 1 10 12 1 10 12 1 10 12 1 10 12 10 10 10 12 1 100 1 10 12 1 10 12 1 1 8 1 9 100 12 1 1 1 10 100 12 1 1 1 10 12 1 1 9 100 12 1 1 1 10 12 1 1 100 1 10 12 1 10 12 1 10 10 12 1 1 10 12 1 1 10 12 1 10 12 1 10 12 1 10 7 12 1 1 1 10 12 1 1 10 12 1 9 12 1 1 9 12 1 1 100 1 8 1 10 10 12 1 9 12 1 1 10 7 12 1 1 8 1 10 7 12 1 1 8 1 10 12 1 1 10 12 1 8 1 8 1 10 7 12 1 1 1 100 1 10 100 12 1 1 1 10 12 1 10 12 1 100 1 10 9 12 1 1 10 7 12 1 1 8 1 10 12 1 1 100 1 10 10 100 12 1 1 1 8 9 100 12 1 1 1 10 12 1 10 12 1 10 12 1 10 12 1 10 7 12 1 1 11 7 12 1 1 10 12 1 10 12 1 9 12 1 10 12 1 1 10 100 12 1 1 10 100 12 1 1 1 8 10 100 12 1 1 100 1 10 8 8 10 12 1 8 8 8 100 1 10 12 1 9 12 1 1 10 12 1 10 12 1 1 10 12 1 10 12 10 12 1 1 10 12 1 1 10 10 10 12 1 10 12 1 10 12 1 10 12 1 10 12 1 10 10 12 1 100 1 8 1 10 10 10 12 1 1 10 12 1 10 12 1 1 8 1 7 1 10 10 10 7 1 10 12 1 9 7 12 1 1 1 9 12 1 1 7 1 10 10 7 12 1 1 1 100 1 1 1 1 1 5 0 1 1 1 1 1 1 1 1 1 1 1 1 1 1 1 1 1 1 1 1 1 1 1 1 1 1 1 1 1 1 1 1 1 1 1 1 1 1 1 100 1 1 1 1 1 1 1 1 1 1 1 1 1 1 1 1 1 1 1 1 1 1 1 1 1 1 1 1 1 1 1 1 1 1 1 1 1 100 1 1 1 1 1 1 1 1 1 1 1 1 1 1 1 1 100 1 1 1 1 1 1 1 1 1 1 1 1 1 1 1 1 1 1
staticfield java/net/URL defaultFactory Ljava/net/URLStreamHandlerFactory; java/net/URL$DefaultFactory
staticfield java/net/URL streamHandlerLock Ljava/lang/Object; java/lang/Object
staticfield java/net/URL serialPersistentFields [Ljava/io/ObjectStreamField; 7 [Ljava/io/ObjectStreamField;
ciInstanceKlass java/util/jar/Manifest 1 1 336 10 7 12 1 1 1 7 1 10 9 7 12 1 1 1 7 1 10 9 12 1 1 9 12 1 1 10 12 1 10 12 1 1 10 12 1 1 10 12 1 1 10 12 1 1 11 7 1 11 12 1 1 10 12 1 1 10 100 12 1 1 1 100 1 100 1 10 8 1 10 12 1 1 10 12 1 1 10 12 1 10 12 1 11 100 1 10 12 1 10 12 1 1 11 12 1 1 10 12 1 11 12 1 1 11 100 12 1 1 1 11 100 12 1 1 11 12 1 1 100 1 10 12 1 8 1 11 12 1 100 1 10 12 1 1 11 12 1 10 12 1 10 12 1 10 100 12 1 1 1 8 1 10 12 1 1 10 9 100 12 1 1 1 10 12 1 1 10 100 12 1 10 12 1 10 12 1 9 100 12 1 1 1 8 1 10 12 1 8 1 8 1 7 1 10 12 1 10 12 1 10 12 1 1 100 1 8 1 10 12 1 1 8 1 10 10 12 1 1 8 1 10 12 1 1 10 100 12 1 1 1 10 12 1 10 11 12 1 1 10 12 1 10 100 12 1 1 1 10 12 1 1 10 12 1 1 11 10 12 1 11 10 12 1 100 1 1 1 1 1 1 1 1 1 1 1 1 1 1 1 1 1 1 1 1 1 1 1 1 1 1 1 1 1 1 1 1 1 1 1 1 1 1 1 1 1 1 1 100 1 1 1 1 1 1 1 1 1 1 1 1 1 1 100 1 1 1 1 1 1 1 1 1 1 1
ciInstanceKlass java/lang/module/ModuleDescriptor 1 1 496 10 7 12 1 1 1 9 7 12 1 1 1 100 1 10 9 12 1 1 9 12 1 1 9 12 1 11 7 12 1 1 1 9 12 1 1 9 7 12 1 1 1 11 12 1 1 9 12 1 9 12 1 9 12 1 11 12 1 1 18 12 1 1 11 100 12 1 1 1 11 12 1 11 12 1 1 11 12 1 1 9 12 1 9 12 1 9 12 1 9 12 1 9 12 1 9 12 1 9 12 1 9 12 1 1 10 7 12 1 1 1 10 100 12 1 1 1 10 12 1 100 1 10 10 12 10 12 1 1 8 1 10 12 1 10 10 7 12 1 1 1 10 12 1 1 10 12 1 10 12 1 1 10 100 12 1 1 10 12 1 10 12 1 11 10 100 12 1 1 10 12 1 10 12 1 1 11 10 12 1 10 12 1 1 8 1 8 1 10 12 1 11 12 1 8 1 8 1 8 1 8 1 8 1 8 1 7 1 10 12 1 100 1 8 1 10 12 1 7 1 10 12 1 11 12 11 12 1 10 12 1 1 100 1 10 100 12 1 1 1 10 100 12 1 1 1 10 12 1 10 12 1 1 8 1 10 12 1 1 18 11 12 1 11 12 1 1 8 1 10 100 12 1 1 1 11 12 1 1 11 7 12 1 1 1 11 7 12 1 1 11 12 1 1 7 1 10 100 1 11 12 11 12 1 1 10 100 12 1 1 1 10 12 1 11 10 12 1 10 12 1 10 9 100 12 1 1 1 10 12 1 1 10 7 12 1 1 7 1 10 10 7 12 1 1 1 1 1 1 1 1 1 1 1 1 1 1 1 1 1 1 1 1 1 1 1 1 1 1 1 1 1 1 1 1 1 1 1 1 1 1 1 1 1 1 1 1 1 1 1 1 1 1 1 1 1 1 1 1 1 1 100 1 1 1 1 1 1 1 1 1 1 1 1 1 1 1 1 1 1 1 1 1 1 1 1 1 1 1 1 1 1 1 1 1 1 1 1 1 1 1 1 1 1 1 1 1 1 1 1 100 1 100 1 100 1 100 1 100 1 100 1 100 1 1 15 10 100 12 1 1 1 16 15 10 16 1 15 10 12 16 1 1 1 1 1 1 1 1 1 100 1 100 1 1
staticfield java/lang/module/ModuleDescriptor $assertionsDisabled Z 1
ciInstanceKlass java/util/Objects 1 1 151 10 7 12 1 1 1 100 1 8 1 10 12 1 10 12 1 1 10 7 12 1 1 1 10 12 1 1 10 12 1 10 100 12 1 1 1 10 12 1 1 11 100 12 1 1 1 100 1 10 10 12 1 8 1 10 7 12 1 1 1 8 1 100 1 11 12 1 1 8 1 10 7 12 1 1 1 10 12 1 1 10 12 1 10 12 1 10 12 1 10 12 1 1 1 1 1 1 1 1 1 1 1 1 1 1 1 1 1 1 1 1 1 1 1 1 1 1 1 1 1 1 1 1 1 1 1 1 1 1 1 1 1 1 1 1 1 1 1 1 1 1 1 1 1 1 1 1 1 1 1
ciInstanceKlass java/util/Collection 1 1 115 11 100 12 1 1 1 100 1 11 7 12 1 1 1 10 100 12 1 1 1 11 12 1 1 11 100 12 1 1 1 11 12 1 1 11 100 12 1 1 1 11 12 1 1 10 100 12 1 1 1 11 12 1 10 7 12 1 1 1 100 1 100 1 1 1 1 1 1 1 1 1 1 1 1 1 1 1 1 1 1 1 1 1 1 1 1 1 1 1 1 1 1 1 1 1 1 1 1 1 1 1 1 1 1 1 1 1 1 1 1 1 1 1 1
instanceKlass java/util/EnumMap$Values
instanceKlass java/util/WeakHashMap$Values
instanceKlass java/util/AbstractQueue
instanceKlass java/util/IdentityHashMap$Values
instanceKlass java/util/LinkedHashMap$LinkedValues
instanceKlass java/util/TreeMap$Values
instanceKlass java/util/HashMap$Values
instanceKlass java/util/ArrayDeque
instanceKlass java/util/AbstractSet
instanceKlass java/util/ImmutableCollections$AbstractImmutableCollection
instanceKlass java/util/AbstractList
ciInstanceKlass java/util/AbstractCollection 1 1 160 10 7 12 1 1 1 10 7 12 1 1 1 10 12 1 1 11 7 12 1 1 1 11 12 1 1 10 12 1 1 10 100 12 1 1 1 10 12 1 1 10 12 1 1 10 7 12 1 1 10 7 12 1 1 1 7 1 10 100 12 1 1 1 10 100 12 1 1 1 100 1 10 11 12 1 11 7 1 10 12 1 10 12 1 10 100 12 1 1 1 11 8 1 100 1 10 10 12 1 1 8 1 10 12 1 10 12 1 1 1 1 1 1 1 1 1 1 1 1 1 1 1 1 1 1 1 1 1 1 1 1 1 1 1 1 1 1 1 1 1 1 1 1 1 1 1 1 1 1 1 1 1 1 1 1 1 1 1 1
ciInstanceKlass java/util/List 1 1 217 10 100 12 1 1 1 11 100 12 1 1 1 11 100 12 1 1 1 11 12 1 1 11 100 12 1 1 11 12 1 1 11 12 1 1 10 100 12 1 1 1 7 1 7 1 10 12 1 1 100 1 10 7 12 1 1 1 9 7 12 1 1 1 7 1 10 12 10 12 1 7 1 10 12 1 1 10 12 1 10 12 1 1 100 1 1 1 1 1 1 1 1 1 1 1 1 1 1 1 1 1 1 1 1 1 1 1 1 1 1 1 1 1 1 1 1 1 1 1 1 1 1 1 1 1 1 1 1 1 1 1 1 1 1 100 1 100 1 1 1 1 1 1 1 1 1 1 1 1 1 1 1 1 1 1 1 1 1 1 1 1 1 1 1 1 1 1 1 1 1 1 1 1 1 1 1 1 1 1 1 1 1 1 1 1 1 1 1 1 1 1 1 1 1 1 1 1 1 1 1 1 1 1 1 1 1 1 1 1 100 1 1 100 1 1 1
ciMethod java/util/AbstractCollection iterator ()Ljava/util/Iterator; 0 0 1 0 -1
ciMethod java/util/AbstractCollection <init> ()V 844 0 180842 0 0
instanceKlass javafx/scene/control/skin/VirtualFlow$ArrayLinkedList
instanceKlass net/bytebuddy/matcher/FilterableList$AbstractBase
instanceKlass net/bytebuddy/matcher/FilterableList$Empty
instanceKlass org/hibernate/internal/util/collections/JoinedList
instanceKlass org/jboss/jandex/MethodInfoGenerator
instanceKlass com/sun/org/apache/xerces/internal/impl/xs/util/ShortListImpl
instanceKlass com/sun/org/apache/xerces/internal/impl/dv/xs/ListDV$ListData
instanceKlass com/sun/org/apache/xerces/internal/impl/xs/util/XSObjectListImpl
instanceKlass com/sun/javafx/UnmodifiableArrayList
instanceKlass java/util/AbstractList$SubList
instanceKlass javafx/collections/ObservableListBase
instanceKlass javafx/collections/FXCollections$EmptyObservableList
instanceKlass java/util/ArrayList$SubList
instanceKlass sun/security/jca/ProviderList$3
instanceKlass java/util/Collections$SingletonList
instanceKlass java/util/AbstractSequentialList
instanceKlass java/util/Vector
instanceKlass java/util/Arrays$ArrayList
instanceKlass java/util/Collections$EmptyList
instanceKlass java/util/ArrayList
ciInstanceKlass java/util/AbstractList 1 1 218 10 7 12 1 1 1 9 7 12 1 1 1 10 12 1 1 10 12 1 1 100 1 10 10 12 1 1 11 7 12 1 1 1 11 12 1 1 11 12 1 10 7 12 1 1 1 10 12 1 11 12 1 11 12 1 11 12 1 10 12 1 1 10 12 1 1 11 100 12 1 1 1 11 7 1 11 7 1 10 12 1 7 1 10 12 1 10 12 1 1 7 1 7 1 10 12 1 7 1 10 100 1 100 1 10 8 1 10 12 1 1 10 12 1 10 12 1 1 10 12 1 8 1 100 1 8 1 8 1 8 1 10 7 1 11 10 10 12 1 11 12 1 10 12 1 1 8 1 8 1 1 1 1 1 1 1 1 1 1 1 1 1 1 1 1 1 1 1 1 1 1 1 1 1 1 1 1 1 1 1 1 1 1 1 1 1 1 1 1 1 1 1 1 1 1 1 1 1 1 1 1 1 1 1 1 1 1 100 1 100 1 1 1 1 1 1 1
ciInstanceKlass jdk/internal/util/Preconditions 1 1 170 10 100 12 1 1 1 11 100 12 1 1 1 11 100 12 1 1 1 100 1 100 1 10 100 12 1 1 1 10 12 1 8 1 100 1 10 100 12 1 1 1 10 12 1 1 8 1 8 1 10 100 12 1 1 7 1 10 12 1 8 1 10 100 12 1 1 1 8 1 10 12 1 1 10 12 1 1 11 12 1 8 1 8 1 11 12 1 1 8 1 8 1 8 1 10 12 1 1 10 12 1 1 10 12 1 10 12 1 10 12 1 10 12 1 1 1 1 1 1 1 1 1 1 1 1 1 1 1 1 1 1 1 1 1 1 1 1 1 1 1 1 1 1 1 1 1 1 1 1 1 1 1 1 1 1 1 1 1 1 1 1 1 1 1 1 1 1 1 1
ciMethod java/util/Objects checkIndex (II)I 512 0 43076 0 -1
ciInstanceKlass java/lang/AssertionStatusDirectives 0 0 24 10 100 12 1 1 1 100 1 1 1 1 1 1 1 1 1 1 1 1 1 1 1 1
ciInstanceKlass java/lang/invoke/MethodHandleNatives$CallSiteContext 1 1 49 10 7 12 1 1 1 7 1 10 10 7 12 1 1 1 10 7 12 1 1 1 10 7 12 1 1 1 100 1 1 1 1 1 1 1 1 1 1 1 1 1 1 1 1 1 100 1 1
ciInstanceKlass jdk/internal/invoke/NativeEntryPoint 0 0 92 10 100 12 1 1 1 9 100 12 1 1 1 10 100 12 1 1 1 100 1 9 12 1 9 12 1 9 12 1 1 9 12 1 1 9 12 1 1 100 1 8 1 10 12 1 11 100 12 1 1 1 10 12 1 1 10 12 1 11 100 12 1 1 11 12 1 10 12 1 1 10 12 1 1 1 1 1 1 1 1 1 1 1 1 1 1 1 1 1 1 1
instanceKlass java/lang/invoke/VolatileCallSite
instanceKlass java/lang/invoke/MutableCallSite
instanceKlass java/lang/invoke/ConstantCallSite
ciInstanceKlass java/lang/invoke/CallSite 1 1 302 10 7 12 1 1 1 10 7 12 1 1 1 9 7 12 1 1 1 10 12 1 1 9 12 1 1 10 7 12 1 1 1 10 12 1 100 1 10 12 1 1 10 12 1 1 9 100 12 1 1 1 10 100 12 1 1 10 12 1 1 100 1 100 1 10 10 100 12 1 1 1 10 12 1 1 8 1 10 12 1 10 12 1 1 10 12 1 10 12 1 1 10 12 1 1 10 10 100 12 1 1 10 12 1 1 9 12 1 9 100 12 1 1 1 8 1 10 7 12 1 1 1 10 12 1 1 100 1 10 12 1 1 9 12 1 8 1 100 1 10 12 1 10 12 1 100 1 8 1 10 10 12 1 10 12 1 1 100 1 10 12 1 1 10 12 1 10 12 1 10 12 1 1 10 12 1 1 9 12 1 1 8 10 12 1 1 9 12 1 1 100 1 10 10 12 1 10 100 12 1 1 1 10 12 1 1 10 12 1 1 10 12 1 10 7 12 1 1 1 100 1 8 1 10 10 12 10 12 1 1 100 1 100 1 100 1 8 1 10 12 1 10 7 12 1 1 1 1 1 1 1 1 1 1 1 1 1 1 1 1 1 1 1 1 1 1 1 1 1 1 1 1 1 1 1 1 1 1 1 1 1 1 1 1 1 1 1 1 1 1 1 1 1 1 1 1 1 1 1 1 1
staticfield java/lang/invoke/CallSite $assertionsDisabled Z 1
ciInstanceKlass java/lang/invoke/VolatileCallSite 0 0 37 10 100 12 1 1 1 10 12 1 10 100 12 1 1 1 10 12 1 10 12 1 1 1 1 1 1 1 1 1 1 1 1 1 1 1 1
ciInstanceKlass java/lang/invoke/MethodType 1 1 771 7 1 10 7 12 1 1 1 9 12 1 1 9 12 1 1 9 12 1 1 10 7 12 1 1 1 9 7 12 1 1 8 1 10 100 12 1 1 1 9 7 1 9 7 1 10 12 1 1 100 1 10 8 1 10 12 1 1 10 12 1 10 12 1 1 100 1 8 1 10 12 1 100 1 10 10 12 1 10 12 1 1 10 12 1 1 11 7 12 1 1 1 9 12 1 11 12 1 1 7 7 1 10 7 12 1 1 1 10 12 1 9 12 1 1 10 7 12 1 1 10 12 1 1 10 7 12 1 1 1 10 7 12 1 1 1 10 12 1 9 12 1 1 10 12 1 1 100 1 10 12 1 1 10 12 1 1 10 12 1 1 10 12 1 1 10 12 1 1 10 12 1 10 12 1 10 12 1 1 10 12 1 8 1 8 1 10 12 1 1 9 12 1 1 100 1 10 10 12 1 1 10 12 1 10 12 1 1 10 12 1 1 10 12 1 10 12 1 1 10 12 1 8 1 10 12 1 1 10 100 12 1 1 1 10 12 1 10 12 1 1 10 12 1 10 12 1 10 12 1 1 10 12 1 10 12 1 9 12 1 10 12 1 10 10 12 1 1 10 12 1 9 12 1 1 10 12 1 1 10 12 1 1 10 12 1 1 10 12 1 1 7 1 10 12 10 12 1 10 12 1 100 1 8 1 8 1 8 1 10 12 1 10 12 1 10 12 1 10 11 12 1 1 11 12 1 10 100 12 1 1 1 9 12 1 10 12 1 10 12 1 1 10 12 1 1 10 12 1 10 12 1 10 100 12 1 1 1 10 12 1 1 10 12 1 10 12 1 10 12 1 10 9 12 1 1 7 1 10 12 1 10 12 1 1 9 100 12 1 1 1 10 100 12 1 1 1 10 100 12 1 1 1 10 12 1 1 10 100 12 1 1 1 10 12 1 1 8 1 10 7 12 1 1 1 11 12 1 1 9 12 1 1 10 12 1 1 10 12 1 10 12 1 1 10 12 1 1 10 100 12 1 1 100 1 10 12 1 1 11 100 12 1 1 1 18 12 1 1 11 12 1 1 18 12 1 11 12 1 100 1 11 100 12 1 1 10 12 1 100 1 10 12 1 10 100 12 1 1 10 12 1 1 9 12 1 1 9 100 12 1 1 1 10 100 12 1 1 1 9 12 1 10 100 12 1 1 10 12 1 100 10 12 1 1 10 12 1 10 7 1 7 1 9 12 1 1 100 1 100 1 100 1 1 1 5 0 1 1 1 1 1 1 1 3 1 3 1 3 1 1 1 1 1 1 1 1 1 1 1 1 1 1 1 1 1 1 1 1 1 1 1 1 1 1 1 1 1 1 1 1 1 1 1 1 1 1 1 1 1 1 1 1 1 1 1 1 1 1 1 1 1 1 1 1 1 1 1 1 1 1 1 1 1 1 1 1 1 1 1 1 1 1 1 1 1 1 1 1 1 1 1 1 1 1 1 1 1 1 1 1 1 1 1 1 1 1 1 1 1 1 1 1 1 1 1 1 1 1 1 1 1 1 1 1 1 1 1 1 1 1 1 1 1 1 1 100 1 100 1 1 1 1 1 1 1 1 1 1 1 1 1 100 1 1 1 100 1 1 1 1 1 1 1 1 1 1 1 1 1 1 1 1 1 1 1 1 1 15 10 100 12 1 1 1 16 15 10 12 16 16 15 10 12 16 1 1 1 1 100 1 1 100 1 1 100 1 100 1 1
staticfield java/lang/invoke/MethodType internTable Ljava/lang/invoke/MethodType$ConcurrentWeakInternSet; java/lang/invoke/MethodType$ConcurrentWeakInternSet
staticfield java/lang/invoke/MethodType NO_PTYPES [Ljava/lang/Class; 0 [Ljava/lang/Class;
staticfield java/lang/invoke/MethodType objectOnlyTypes [Ljava/lang/invoke/MethodType; 20 [Ljava/lang/invoke/MethodType;
staticfield java/lang/invoke/MethodType METHOD_HANDLE_ARRAY [Ljava/lang/Class; 1 [Ljava/lang/Class;
staticfield java/lang/invoke/MethodType serialPersistentFields [Ljava/io/ObjectStreamField; 0 [Ljava/io/ObjectStreamField;
staticfield java/lang/invoke/MethodType $assertionsDisabled Z 1
ciInstanceKlass java/lang/BootstrapMethodError 0 0 45 10 100 12 1 1 1 10 12 1 10 12 1 10 100 12 1 1 1 10 100 12 1 1 1 1 1 1 5 0 1 1 1 1 1 1 1 1 1 1 1 100 1 1 1
ciInstanceKlass jdk/internal/loader/ClassLoaders$AppClassLoader 1 1 119 8 1 10 7 12 1 1 1 10 7 12 1 1 1 10 100 12 1 1 1 10 12 1 1 10 100 12 1 1 1 10 12 1 1 10 12 1 1 7 1 8 1 10 12 10 7 12 1 1 1 10 7 12 1 1 10 12 1 1 10 12 1 1 10 7 12 1 1 1 100 1 10 12 1 1 1 1 1 1 1 1 1 1 1 1 1 1 1 1 1 1 1 1 1 100 1 1 1 1 1 1 1 1 1 1 1 1 1 1 1 1 1 1 1 100 1 1 1
ciInstanceKlass jdk/internal/loader/ClassLoaders$PlatformClassLoader 1 1 42 8 1 10 7 12 1 1 1 10 7 12 1 1 1 100 1 10 12 1 100 1 1 1 1 1 1 1 1 1 1 1 1 1 1 100 1 1 1 100 1 1
ciInstanceKlass java/lang/ArrayStoreException 1 1 26 10 100 12 1 1 1 10 12 1 100 1 1 1 1 5 0 1 1 1 1 1 1 1 1 1
ciInstanceKlass java/lang/ClassCastException 1 1 26 10 100 12 1 1 1 10 12 1 100 1 1 1 1 5 0 1 1 1 1 1 1 1 1 1
ciInstanceKlass java/lang/NoClassDefFoundError 0 0 26 10 100 12 1 1 1 10 12 1 100 1 1 1 1 5 0 1 1 1 1 1 1 1 1 1
ciInstanceKlass java/lang/IllegalMonitorStateException 1 1 26 10 100 12 1 1 1 10 12 1 100 1 1 1 1 5 0 1 1 1 1 1 1 1 1 1
ciInstanceKlass java/lang/StackOverflowError 1 1 26 10 100 12 1 1 1 10 12 1 100 1 1 1 1 5 0 1 1 1 1 1 1 1 1 1
instanceKlass java/lang/StackOverflowError
instanceKlass java/lang/OutOfMemoryError
instanceKlass java/lang/InternalError
ciInstanceKlass java/lang/VirtualMachineError 1 1 34 10 7 12 1 1 1 10 12 1 10 12 1 10 12 1 100 1 1 1 1 5 0 1 1 1 1 1 1 1 1 1 1 1
ciInstanceKlass java/lang/OutOfMemoryError 1 1 26 10 100 12 1 1 1 10 12 1 100 1 1 1 1 5 0 1 1 1 1 1 1 1 1 1
ciInstanceKlass java/lang/InternalError 1 1 34 10 7 12 1 1 1 10 12 1 10 12 1 10 12 1 100 1 1 1 1 5 0 1 1 1 1 1 1 1 1 1 1 1
ciInstanceKlass java/lang/StackTraceElement 1 1 224 10 7 12 1 1 1 10 7 12 1 1 9 12 1 1 9 12 1 1 9 12 1 9 12 1 8 1 10 100 12 1 1 1 100 1 9 12 1 8 1 9 12 1 9 12 1 9 12 1 1 8 1 10 12 1 1 10 12 1 100 1 10 10 12 1 1 8 1 10 12 1 1 10 12 1 8 1 8 1 8 1 10 12 1 8 1 8 1 10 12 1 8 1 8 1 10 12 1 1 10 12 1 10 12 1 1 10 12 1 9 12 1 1 10 7 12 1 1 1 10 12 1 1 7 1 10 12 1 1 10 7 12 1 1 10 7 12 1 1 1 10 7 12 1 1 10 7 12 1 1 10 10 12 1 1 10 12 1 10 12 1 1 100 1 1 1 1 1 3 1 3 1 1 5 0 1 1 1 1 1 1 1 1 1 1 1 1 1 1 1 1 1 1 1 1 1 1 1 1 1 1 100 1 100 1 1 1 1 1 1 1 1 1 1 100 1 1 1 1 1 1 1 1
instanceKlass java/nio/DoubleBuffer
instanceKlass java/nio/ShortBuffer
instanceKlass java/nio/FloatBuffer
instanceKlass java/nio/IntBuffer
instanceKlass java/nio/CharBuffer
instanceKlass java/nio/LongBuffer
instanceKlass java/nio/ByteBuffer
ciInstanceKlass java/nio/Buffer 1 1 224 100 1 10 7 12 1 1 1 9 7 12 1 1 1 9 12 1 9 12 1 1 9 12 1 9 12 1 1 10 12 1 1 10 12 1 1 10 12 100 1 100 1 10 8 1 10 12 1 1 10 12 1 8 1 8 1 10 12 1 1 10 12 1 8 1 9 12 1 1 100 1 8 1 10 12 1 8 1 8 1 9 12 10 12 1 8 1 8 1 8 1 10 12 1 8 1 8 1 8 1 100 1 10 100 1 10 100 1 10 100 1 10 10 100 12 1 1 1 10 11 100 12 1 1 10 7 12 1 1 1 10 7 12 1 1 1 9 12 1 1 10 7 12 1 1 1 9 12 1 1 7 1 10 10 7 12 1 1 1 1 1 3 1 1 1 1 1 1 1 1 1 1 1 1 1 1 1 1 1 1 100 1 1 1 1 1 1 1 1 1 1 1 1 1 1 1 1 1 1 1 1 1 1 1 1 1 1 1 1 1 1 1 1 1 1 1 1 1 1 1 1 1 1
staticfield java/nio/Buffer UNSAFE Ljdk/internal/misc/Unsafe; jdk/internal/misc/Unsafe
staticfield java/nio/Buffer SCOPED_MEMORY_ACCESS Ljdk/internal/misc/ScopedMemoryAccess; jdk/internal/misc/ScopedMemoryAccess
staticfield java/nio/Buffer $assertionsDisabled Z 1
ciInstanceKlass jdk/internal/misc/UnsafeConstants 1 1 34 10 100 12 1 1 1 9 7 12 1 1 1 9 12 1 9 12 1 1 9 12 1 9 12 1 1 1 1 1 1 1 1 1
staticfield jdk/internal/misc/UnsafeConstants ADDRESS_SIZE0 I 8
staticfield jdk/internal/misc/UnsafeConstants PAGE_SIZE I 4096
staticfield jdk/internal/misc/UnsafeConstants BIG_ENDIAN Z 0
staticfield jdk/internal/misc/UnsafeConstants UNALIGNED_ACCESS Z 1
staticfield jdk/internal/misc/UnsafeConstants DATA_CACHE_LINE_FLUSH_SIZE I 0
instanceKlass java/lang/invoke/DelegatingMethodHandle
instanceKlass java/lang/invoke/BoundMethodHandle
instanceKlass java/lang/invoke/DirectMethodHandle
ciInstanceKlass java/lang/invoke/MethodHandle 1 1 641 100 1 9 7 12 1 1 1 10 7 12 1 1 1 10 7 12 1 1 1 7 1 7 1 10 12 1 1 9 12 1 1 10 12 1 10 12 1 1 10 12 1 1 10 100 12 1 1 1 10 12 1 1 10 12 1 1 11 100 12 1 1 1 10 12 1 1 10 12 1 10 12 1 9 12 1 1 10 12 1 1 100 1 100 1 10 8 1 10 12 1 1 10 12 1 8 1 10 12 1 1 10 12 1 10 7 12 1 1 1 10 12 1 10 12 1 1 10 12 1 1 10 12 1 1 10 12 1 1 10 7 12 1 1 1 10 100 12 1 1 1 7 1 10 12 1 1 10 12 1 1 10 12 1 1 8 1 10 7 12 1 1 1 8 1 10 12 1 1 10 12 1 1 10 12 1 1 10 12 1 8 1 10 12 1 1 8 1 10 12 1 8 1 10 100 12 1 1 1 9 12 1 1 100 1 10 9 100 12 1 1 1 9 100 1 8 1 10 12 1 1 10 12 1 10 12 1 1 10 12 1 10 12 1 1 10 12 1 10 12 1 1 10 12 1 10 12 1 1 10 12 1 1 8 1 10 12 1 1 8 1 10 12 1 10 12 1 1 10 12 1 10 12 1 10 12 1 1 9 100 12 1 1 1 10 12 1 1 11 12 1 10 12 1 10 12 1 1 10 100 12 1 1 1 100 1 11 12 1 10 100 1 11 12 1 100 1 10 12 1 11 12 1 9 100 12 1 1 1 11 12 1 1 11 100 12 1 1 1 10 12 1 1 9 12 1 11 12 1 9 12 1 9 12 1 9 12 1 11 12 1 1 9 12 1 9 12 1 9 12 1 9 12 1 9 12 1 9 12 1 9 12 1 8 1 10 12 1 10 12 1 8 1 10 12 1 10 12 1 10 10 7 12 1 1 10 12 1 1 100 1 8 1 10 12 1 1 10 12 1 1 10 12 1 10 12 1 100 1 10 100 12 1 1 1 10 12 1 9 7 12 1 1 1 10 12 1 1 10 12 1 1 8 1 9 12 1 9 12 1 1 9 12 1 1 10 12 1 7 1 10 12 1 10 12 1 1 9 12 1 1 9 12 1 1 10 7 12 1 1 1 11 7 12 1 1 9 12 1 10 12 1 1 9 12 1 10 12 1 8 10 12 1 1 8 1 1 1 1 1 1 100 1 1 1 1 1 1 1 1 1 1 1 1 1 1 1 1 1 1 1 1 1 1 1 1 1 1 1 1 1 1 1 1 1 1 1 1 1 1 1 1 1 1 1 1 1 1 1 1 1 1 1 1 1 1 1 1 1 1 1 1 1 1 1 1 1 1 1 1 1 100 1 1 1 1 1 1 1 1 1 100 1 1 1 1 1 1 1 1 1 1 1 1 1 1 1 1 1 1 1 1 1 1 1 1 1 1 1 100 1 1 100 1 1 100 1 1 1 1
staticfield java/lang/invoke/MethodHandle FORM_OFFSET J 20
staticfield java/lang/invoke/MethodHandle UPDATE_OFFSET J 13
staticfield java/lang/invoke/MethodHandle $assertionsDisabled Z 1
instanceKlass org/antlr/v4/runtime/atn/Transition$1
instanceKlass org/hibernate/annotations/common/reflection/java/TypeEnvironmentMap$ContextScope
instanceKlass java/lang/ProcessEnvironment
instanceKlass java/util/LinkedHashMap
ciInstanceKlass java/util/HashMap 1 1 610 10 7 12 1 1 1 100 1 10 12 1 1 100 1 10 7 12 1 1 1 100 1 11 12 1 1 11 12 1 11 12 1 1 10 7 12 1 1 1 7 1 3 10 7 12 1 1 1 100 1 100 1 10 8 1 10 12 1 1 10 12 1 10 12 1 1 10 12 1 10 7 12 1 1 1 8 1 10 12 1 9 12 1 1 10 12 1 9 12 1 1 4 10 12 1 10 12 1 1 11 7 12 1 1 9 12 1 1 4 10 12 1 1 11 12 1 1 11 7 12 1 1 1 11 7 12 1 1 1 11 12 1 1 7 1 11 12 1 11 12 1 10 12 1 10 12 1 1 9 12 10 12 1 1 9 7 12 1 1 1 9 12 9 12 1 10 12 1 1 9 12 1 7 1 10 12 1 1 10 12 1 1 10 12 1 1 10 12 1 1 10 12 1 1 9 12 1 10 12 1 1 3 10 12 1 1 10 12 1 1 9 12 1 1 9 10 12 1 1 10 12 1 1 10 12 1 1 10 12 1 9 12 1 1 7 1 10 12 1 10 12 1 10 7 12 1 1 1 7 1 9 12 1 1 7 1 10 9 12 7 1 10 100 1 10 11 7 12 1 1 1 100 1 10 11 100 12 1 1 11 7 12 1 1 1 10 12 1 100 1 100 1 10 12 1 10 12 1 10 12 1 10 100 12 1 1 10 12 1 1 10 12 1 1 10 100 12 1 1 1 8 10 100 12 1 1 1 100 1 10 4 10 100 12 1 1 1 4 10 12 1 10 100 12 1 1 1 10 12 1 8 1 4 10 100 12 1 1 1 100 1 11 100 12 1 1 1 10 12 1 10 12 1 10 10 12 1 1 100 1 100 1 1 1 1 5 0 1 3 1 1 1 3 1 3 1 3 1 1 1 1 1 1 1 1 1 1 1 1 1 1 1 1 1 1 1 1 1 1 100 1 1 1 1 1 1 1 1 1 1 1 1 1 1 1 1 1 1 1 1 1 1 1 1 1 1 1 1 1 1 1 1 100 1 1 1 1 1 1 1 1 1 1 1 1 1 1 1 1 1 1 1 1 1 1 1 1 1 1 1 1 1 1 1 1 1 1 1 1 1 1 1 1 1 1 1 1 1 1 1 1 1 1 100 1 1 1 1 1 1 1 1 1 1 1 1 1 1 1 1 1 1 1 1 1 1 1 1 1 1 1 1 1 1 1 1 1 1 1 1 1 1 1 1 1 1 1 1 1 1 1 1 100 1 1 1 1 1 1 1 1 100 1 1 1 1 1 1 1 1 1 1 1 1 1 1 100 1 100 1 100 1 100 1 100 1 100 1 100 1 100 1 1 1 1 1 1 1 1 1 1 1 1 1 1 1 1 1 1
instanceKlass org/hibernate/internal/util/collections/BoundedConcurrentHashMap$LRU
instanceKlass org/mariadb/jdbc/client/impl/PrepareCache
instanceKlass com/fasterxml/classmate/util/LRUTypeCache$CacheMap
instanceKlass ch/qos/logback/classic/pattern/NamedConverter$NameCache
ciInstanceKlass java/util/LinkedHashMap 1 1 289 9 7 12 1 1 1 9 12 1 9 7 12 1 1 9 12 1 10 7 12 1 1 1 10 12 1 1 10 12 1 1 9 12 1 1 9 12 1 1 9 12 1 10 12 1 1 100 1 10 10 12 1 1 10 12 1 10 12 1 1 9 12 1 1 9 12 1 10 100 12 1 1 1 10 12 1 10 12 1 10 12 10 12 1 1 10 100 12 1 1 1 10 12 1 1 10 12 1 1 9 7 1 10 12 1 9 12 1 1 7 1 10 12 1 9 12 1 1 7 1 10 9 12 1 7 1 10 100 1 10 11 7 12 1 1 1 100 1 10 11 100 12 1 1 1 100 1 1 1 1 5 0 1 1 1 1 1 1 1 1 1 1 1 1 1 1 1 1 1 1 1 1 1 1 1 1 1 1 1 1 1 1 1 1 1 1 1 1 1 1 1 1 1 1 1 1 1 1 1 1 1 1 1 100 1 1 1 1 1 1 1 1 1 1 1 1 1 1 1 1 1 1 1 1 1 1 1 1 1 100 1 1 1 1 1 1 1 1 100 1 1 1 1 1 100 1 1 1 1 1 1 1 1 1 1 1 1 1 1 1 1 1 1 1 1 1 1 100 1 100 1 100 1 100 1 1 1 1 1 100 1 1 1 1 1 1 1 1
ciMethod java/util/HashMap get (Ljava/lang/Object;)Ljava/lang/Object; 1024 0 81764 0 672
ciMethod java/util/HashMap put (Ljava/lang/Object;Ljava/lang/Object;)Ljava/lang/Object; 1024 0 13893 0 256
ciMethod java/util/HashMap isEmpty ()Z 526 0 6028 0 96
ciMethod java/util/HashMap containsKey (Ljava/lang/Object;)Z 920 0 30135 0 672
ciMethod java/util/HashMap newNode (ILjava/lang/Object;Ljava/lang/Object;Ljava/util/HashMap$Node;)Ljava/util/HashMap$Node; 602 0 7157 0 -1
ciMethod java/util/HashMap afterNodeAccess (Ljava/util/HashMap$Node;)V 4 0 1027 0 -1
ciMethod java/util/HashMap afterNodeInsertion (Z)V 650 0 1637 0 -1
instanceKlass java/lang/invoke/DirectMethodHandle$Special
instanceKlass java/lang/invoke/DirectMethodHandle$Interface
instanceKlass java/lang/invoke/DirectMethodHandle$Constructor
instanceKlass java/lang/invoke/DirectMethodHandle$Accessor
ciInstanceKlass java/lang/invoke/DirectMethodHandle 1 1 940 7 1 7 1 100 1 7 1 7 1 10 7 12 1 1 1 10 7 12 1 1 1 100 1 10 12 1 10 12 1 1 10 7 12 1 1 10 12 1 1 10 12 1 10 12 1 7 1 10 12 1 1 10 12 1 1 10 12 1 10 12 1 1 10 7 12 1 1 1 10 12 1 9 12 1 1 100 1 10 9 12 1 1 9 12 1 10 12 1 10 12 1 10 12 1 1 10 12 1 10 12 1 10 12 1 10 7 12 1 1 1 10 12 1 10 12 1 1 8 1 10 12 1 1 7 1 10 12 1 7 1 10 10 12 1 10 12 1 10 12 1 10 7 12 1 1 1 10 12 1 1 100 1 10 12 1 10 12 1 7 1 10 12 1 10 12 1 1 10 12 1 1 10 12 1 8 10 100 12 1 1 1 10 12 1 10 12 1 10 12 1 1 10 12 1 9 7 12 1 1 1 7 1 10 12 1 10 7 12 1 1 1 10 12 1 10 12 1 1 9 12 1 1 100 1 10 8 1 10 12 1 1 10 12 1 10 12 1 10 10 12 1 10 12 1 10 12 1 10 12 1 10 12 1 1 10 12 1 10 12 1 1 10 12 1 10 12 1 1 10 10 7 12 1 1 1 10 12 1 10 12 1 1 10 12 1 10 12 1 1 8 1 9 7 12 1 1 1 8 1 9 12 1 9 12 1 8 1 9 12 1 9 12 1 8 1 9 12 1 9 12 1 8 1 10 12 1 10 12 1 1 9 12 1 1 7 1 10 12 1 1 100 1 10 7 12 1 1 1 10 12 1 1 10 12 1 10 12 1 1 7 1 10 12 1 1 10 12 1 10 12 1 1 7 1 10 12 1 1 10 7 12 1 1 1 10 12 1 10 12 1 10 12 1 9 12 1 1 10 7 1 9 12 9 12 1 10 7 12 1 1 1 10 12 1 7 1 7 1 7 1 9 12 1 1 10 7 12 1 10 12 1 1 10 12 1 100 1 10 12 1 10 12 1 1 9 100 12 1 1 1 10 12 1 1 100 1 10 100 12 1 1 1 10 12 1 10 12 1 8 1 9 12 1 9 12 1 10 12 1 9 12 1 1 10 100 12 1 1 1 9 12 1 1 9 12 1 1 10 12 1 10 12 1 10 12 1 10 12 1 10 12 1 1 10 12 1 10 7 12 1 1 9 12 1 10 12 1 10 12 1 10 12 1 10 12 1 1 10 12 1 1 9 12 1 1 10 12 1 1 9 7 12 1 1 1 9 12 1 9 12 1 9 12 1 9 12 1 9 12 1 9 12 1 9 12 1 9 12 1 9 12 1 9 12 1 9 12 1 9 12 1 9 12 1 9 12 1 9 12 1 9 12 1 9 12 1 9 12 1 9 12 1 9 12 1 9 12 1 9 12 1 9 12 1 9 12 1 9 12 1 9 12 1 9 12 1 9 12 1 9 12 1 9 12 1 9 12 1 9 12 1 9 12 1 9 12 1 9 12 1 9 12 1 8 1 9 12 1 1 9 12 1 1 10 12 1 10 12 1 1 9 7 1 10 12 1 9 12 1 1 10 12 10 12 1 10 12 1 10 12 1 10 8 1 8 1 8 1 8 1 10 12 1 1 9 12 1 1 10 12 1 10 100 12 1 1 1 8 9 12 1 1 10 12 1 1 8 1 8 8 9 12 1 8 1 8 8 8 8 8 1 8 10 12 1 10 12 1 8 1 8 1 10 12 1 10 12 1 10 12 1 10 12 1 1 7 1 1 1 1 3 1 3 1 3 1 3 1 3 1 3 1 3 1 3 1 3 1 3 1 1 1 1 1 1 1 1 1 1 3 1 3 1 1 1 1 3 1 1 1 1 1 1 1 1 1 1 1 1 1 1 1 1 1 1 1 1 1 1 1 1 1 1 1 1 1 1 1 1 1 1 1 1 1 1 1 1 1 1 1 1 1 1 1 1 1 1 1 1 1 1 1 1 100 1 1 1 1 1 1 1 1 1 1 1 1 100 1 1 1 1 1 1 1 1 1 1 1 1 1 1 1 1 1 1 1 1 1 1 1 1 1 1 1 1 1 1 1 1 1 1 1 1 1 1 1 1 1 1 1 1 1 1 1 1 1 1 1
staticfield java/lang/invoke/DirectMethodHandle IMPL_NAMES Ljava/lang/invoke/MemberName$Factory; java/lang/invoke/MemberName$Factory
staticfield java/lang/invoke/DirectMethodHandle FT_UNCHECKED_REF I 8
staticfield java/lang/invoke/DirectMethodHandle ACCESSOR_FORMS [Ljava/lang/invoke/LambdaForm; 132 [Ljava/lang/invoke/LambdaForm;
staticfield java/lang/invoke/DirectMethodHandle ALL_WRAPPERS [Lsun/invoke/util/Wrapper; 10 [Lsun/invoke/util/Wrapper;
staticfield java/lang/invoke/DirectMethodHandle NFS [Ljava/lang/invoke/LambdaForm$NamedFunction; 12 [Ljava/lang/invoke/LambdaForm$NamedFunction;
staticfield java/lang/invoke/DirectMethodHandle OBJ_OBJ_TYPE Ljava/lang/invoke/MethodType; java/lang/invoke/MethodType
staticfield java/lang/invoke/DirectMethodHandle LONG_OBJ_TYPE Ljava/lang/invoke/MethodType; java/lang/invoke/MethodType
staticfield java/lang/invoke/DirectMethodHandle $assertionsDisabled Z 1
ciInstanceKlass java/lang/invoke/LambdaForm 1 1 1052 100 1 9 7 12 1 1 1 10 7 12 1 1 1 10 7 12 1 1 9 12 1 1 9 12 1 1 10 12 1 1 100 1 10 9 12 1 10 12 1 1 9 12 1 10 7 12 1 1 1 9 12 1 9 12 1 9 12 1 1 9 12 1 10 12 1 1 7 1 10 12 1 10 100 12 1 1 1 10 100 12 1 1 1 10 12 1 10 12 1 1 9 100 12 1 1 1 10 12 1 1 9 12 1 10 12 1 1 10 12 1 10 12 1 1 10 12 1 1 10 100 12 1 1 1 7 1 10 10 12 1 1 8 1 10 12 1 10 12 1 10 12 1 1 7 1 10 7 12 1 1 1 10 12 1 1 10 12 1 10 12 1 1 9 12 1 1 9 12 1 9 12 1 1 10 12 1 9 12 1 10 100 12 1 1 1 10 12 1 1 10 12 1 9 12 1 1 10 100 12 1 1 1 10 12 1 10 12 1 10 12 1 10 12 1 10 12 1 10 12 1 1 10 12 1 10 12 1 1 8 1 10 12 1 10 12 1 8 1 8 1 9 12 1 9 12 1 9 12 1 1 10 12 1 1 10 12 1 9 12 1 10 12 1 1 10 7 12 1 1 1 10 12 1 1 10 12 1 10 12 1 10 12 1 1 9 12 1 10 12 1 8 1 8 1 8 1 8 1 8 1 8 1 8 1 8 1 10 12 1 9 12 1 7 1 10 12 1 1 9 12 1 10 12 1 10 12 1 1 10 12 10 12 1 10 12 1 1 10 12 1 1 10 10 12 1 1 10 12 1 1 7 1 8 1 10 12 1 1 10 12 1 10 12 1 1 10 8 1 10 12 1 1 8 1 8 1 8 1 10 12 1 9 12 1 1 10 12 1 1 10 12 1 1 100 1 10 12 1 1 10 12 1 10 7 12 1 1 1 10 12 1 1 9 12 1 1 8 1 10 100 12 1 1 1 10 7 12 1 1 10 12 10 10 12 1 1 9 12 1 8 10 12 1 1 100 1 10 12 1 1 10 12 1 9 7 12 1 1 9 12 1 1 8 1 10 100 12 1 1 10 12 1 1 100 1 100 1 10 10 12 1 1 10 12 1 1 8 1 8 1 100 1 8 1 10 12 10 12 1 10 12 1 10 12 1 1 8 1 8 1 9 100 12 1 1 1 10 12 1 10 12 1 1 8 1 8 1 8 1 100 1 8 1 100 1 8 1 100 1 8 1 10 12 1 8 1 9 10 7 12 1 1 1 10 12 1 9 12 1 1 10 12 1 10 10 12 1 10 12 1 10 12 1 10 12 1 1 10 12 1 10 12 1 1 10 12 1 1 10 12 1 1 8 1 100 10 12 1 10 12 1 9 12 1 1 10 7 12 1 1 8 1 8 1 100 1 8 1 8 1 8 1 8 1 8 1 8 1 8 1 8 1 10 12 1 1 10 12 1 1 10 12 1 10 12 1 8 1 8 1 8 1 10 12 1 8 1 10 12 1 8 1 8 1 8 1 8 1 8 1 10 12 1 10 12 1 10 12 1 1 10 7 12 1 1 1 10 12 1 10 12 1 10 12 1 10 12 1 10 12 1 10 12 1 10 12 1 9 12 1 1 8 1 10 12 1 1 9 12 1 1 10 12 1 1 9 12 1 9 12 1 1 9 12 1 9 12 1 1 7 1 10 7 12 1 1 1 9 12 1 10 12 1 10 12 1 8 1 10 12 1 9 12 1 1 7 1 10 7 12 1 1 1 8 1 100 1 10 12 1 9 12 1 9 12 1 10 12 1 10 12 1 10 7 12 1 1 1 10 12 1 9 7 12 1 1 10 12 1 1 10 12 1 10 12 1 9 12 10 12 1 10 10 12 1 9 9 12 1 7 9 12 1 1 10 12 1 1 9 12 1 10 12 1 10 7 1 9 1 1 1 1 3 1 3 1 3 1 1 1 1 1 1 1 1 1 1 1 1 1 1 1 1 1 1 1 1 1 1 1 1 1 1 1 1 1 1 1 1 1 1 1 1 1 1 1 1 1 1 1 1 1 1 1 1 1 1 1 1 1 1 1 1 100 1 1 1 1 1 1 1 1 1 1 1 1 1 1 1 1 1 1 1 1 1 1 1 1 1 1 1 1 1 1 1 1 1 1 1 1 1 1 1 1 1 1 1 1 1 1 1 1 1 1 1 1 1 1 1 1 1 1 1 100 1 1 1 1 1 1 1 1 1 1 1 1 1 1 1 1 1 1 1 1 1 1 1 1 1 1 1 1 1 1 1 1 1 1 100 1 1 1 1 1 1 1 1 1 1 1 1 1 1 1 1 1 1 1 1 1 1 100 1 1 1 100 1 1 100 1 1 1 1 1 1 1 1 1 1 1
staticfield java/lang/invoke/LambdaForm COMPILE_THRESHOLD I 0
staticfield java/lang/invoke/LambdaForm INTERNED_ARGUMENTS [[Ljava/lang/invoke/LambdaForm$Name; 5 [[Ljava/lang/invoke/LambdaForm$Name;
staticfield java/lang/invoke/LambdaForm IMPL_NAMES Ljava/lang/invoke/MemberName$Factory; java/lang/invoke/MemberName$Factory
staticfield java/lang/invoke/LambdaForm LF_identity [Ljava/lang/invoke/LambdaForm; 6 [Ljava/lang/invoke/LambdaForm;
staticfield java/lang/invoke/LambdaForm LF_zero [Ljava/lang/invoke/LambdaForm; 6 [Ljava/lang/invoke/LambdaForm;
staticfield java/lang/invoke/LambdaForm NF_identity [Ljava/lang/invoke/LambdaForm$NamedFunction; 6 [Ljava/lang/invoke/LambdaForm$NamedFunction;
staticfield java/lang/invoke/LambdaForm NF_zero [Ljava/lang/invoke/LambdaForm$NamedFunction; 6 [Ljava/lang/invoke/LambdaForm$NamedFunction;
staticfield java/lang/invoke/LambdaForm createFormsLock Ljava/lang/Object; java/lang/Object
staticfield java/lang/invoke/LambdaForm DEBUG_NAME_COUNTERS Ljava/util/HashMap; null
staticfield java/lang/invoke/LambdaForm DEBUG_NAMES Ljava/util/HashMap; null
staticfield java/lang/invoke/LambdaForm TRACE_INTERPRETER Z 0
staticfield java/lang/invoke/LambdaForm $assertionsDisabled Z 1
ciInstanceKlass java/lang/invoke/MethodHandleNatives 1 1 684 100 1 10 7 12 1 1 1 9 7 12 1 1 1 10 12 1 1 100 1 10 10 12 1 1 10 12 1 10 12 1 8 1 8 1 8 1 8 1 8 1 8 1 8 1 8 1 8 1 8 1 10 12 1 1 7 1 10 7 12 1 1 1 10 100 12 1 1 1 7 1 10 10 12 1 1 8 1 10 12 1 8 1 10 12 1 1 8 1 10 12 1 1 9 100 12 1 1 1 8 1 10 100 12 1 1 1 100 1 10 12 100 1 100 1 8 1 7 1 10 10 12 1 7 1 9 7 12 1 1 10 12 1 1 10 12 1 10 7 12 1 1 1 7 1 10 12 1 1 10 7 12 1 1 1 10 12 1 10 12 1 1 10 12 1 1 9 12 1 8 1 10 12 1 8 1 10 12 1 8 1 8 1 8 1 100 1 10 12 1 8 1 10 12 1 1 10 12 1 10 100 12 1 1 1 100 1 8 1 10 100 12 1 1 1 7 1 8 1 10 12 1 8 1 8 1 8 1 8 1 8 1 10 12 1 1 10 12 1 1 10 12 1 10 12 1 1 10 12 1 1 7 1 10 12 1 100 1 100 1 10 12 1 10 12 1 8 1 8 1 10 10 12 1 1 10 12 1 1 8 1 10 100 12 1 1 1 8 1 8 1 10 12 1 1 10 7 12 1 1 1 100 1 10 12 1 1 7 1 9 12 1 1 10 7 12 1 1 1 10 10 12 1 9 12 1 10 12 1 1 9 12 1 9 12 1 10 12 1 1 10 12 1 10 12 1 1 7 1 7 1 10 12 1 1 10 12 1 10 12 1 1 10 7 12 1 1 1 10 12 1 8 1 10 12 1 10 12 1 10 12 1 1 10 12 1 10 7 12 1 1 1 10 12 1 1 100 1 8 1 10 9 7 12 1 1 1 10 12 1 1 10 12 1 1 100 1 10 12 1 1 10 12 1 1 100 1 100 1 10 10 100 1 100 1 10 100 1 10 10 12 1 1 10 100 1 10 12 1 10 12 1 10 12 1 1 10 12 1 1 10 12 1 1 10 12 1 10 12 1 1 10 8 1 100 1 10 12 1 10 12 1 10 12 1 10 12 1 10 12 1 1 10 12 1 9 12 1 1 10 7 12 1 1 1 9 12 1 1 11 7 12 1 1 1 10 12 1 10 12 1 10 10 12 1 10 7 12 1 1 1 1 1 1 1 1 1 1 1 1 1 1 1 100 1 1 1 1 1 1 1 1 1 1 1 1 1 1 1 1 1 1 1 1 1 1 1 1 1 1 1 1 1 1 1 1 1 1 1 1 1 1 1 1 1 1 1 1 1 1 1 1 1 1 1 1 1 1 1 1 1 1 1 1 1 1 1 1 1 1 1 1 1 1 1 1 1 1 1 1 1 1 1 1 1 1 1 1 1 1 1 1 1 1 1 1 1 1 1 1 1 1 100 1 1 1 1 1 1 1 1 1 1 1 1 1 1 1 1 1 1 1 1 1 1 1 1 1 1 1 1 100 1 1 1 1 1 1 1 100 1 1 1
staticfield java/lang/invoke/MethodHandleNatives JLA Ljdk/internal/access/JavaLangAccess; java/lang/System$2
staticfield java/lang/invoke/MethodHandleNatives $assertionsDisabled Z 1
ciInstanceKlass jdk/internal/reflect/CallerSensitive 0 0 17 100 1 100 1 100 1 1 1 1 1 1 1 1 1 1 1
ciInstanceKlass jdk/internal/reflect/ConstantPool 1 1 142 10 100 12 1 1 1 9 7 12 1 1 1 10 12 1 1 10 12 1 1 10 12 1 10 12 1 1 10 12 1 1 10 12 1 10 12 1 1 10 12 1 10 12 1 1 10 12 1 10 12 1 10 12 1 10 12 1 1 10 12 1 1 10 12 1 1 10 12 1 1 10 12 1 10 12 1 1 10 100 12 1 1 1 8 11 7 12 1 1 1 10 7 12 1 1 1 1 1 1 1 1 1 1 1 1 1 1 1 1 1 1 1 1 1 1 1 1 1 1 1 1 1 1 1 1 1 1 1 1 1 1 1 1 1 1 1 1 1 1 1 1
instanceKlass jdk/internal/reflect/UnsafeQualifiedStaticFieldAccessorImpl
ciInstanceKlass jdk/internal/reflect/UnsafeStaticFieldAccessorImpl 1 1 47 10 7 12 1 1 1 9 7 12 1 1 1 10 7 12 1 1 1 9 12 1 1 8 11 7 12 1 1 1 10 7 12 1 1 1 1 1 1 1 1 1 1 1 1 1 1
instanceKlass jdk/internal/reflect/UnsafeFieldAccessorImpl
ciInstanceKlass jdk/internal/reflect/FieldAccessorImpl 1 1 59 10 7 12 1 1 1 100 1 100 1 1 1 1 1 1 1 1 1 100 1 1 1 1 1 1 1 1 1 1 1 1 1 1 1 1 1 1 1 100 1 1 1 1 1 1 1 1 1 1 1 1 1 1 1 1 1 1 1
instanceKlass jdk/internal/reflect/UnsafeDoubleFieldAccessorImpl
instanceKlass jdk/internal/reflect/UnsafeBooleanFieldAccessorImpl
instanceKlass jdk/internal/reflect/UnsafeIntegerFieldAccessorImpl
instanceKlass jdk/internal/reflect/UnsafeObjectFieldAccessorImpl
instanceKlass jdk/internal/reflect/UnsafeStaticFieldAccessorImpl
ciInstanceKlass jdk/internal/reflect/UnsafeFieldAccessorImpl 1 1 254 10 7 12 1 1 1 9 7 12 1 1 1 10 7 12 1 1 1 10 7 12 1 1 1 9 12 1 1 10 7 12 1 1 1 9 12 1 1 10 12 1 10 12 1 9 12 1 10 12 1 1 10 7 12 1 1 10 7 12 1 1 1 10 12 1 1 100 1 10 10 12 1 1 10 12 1 1 8 1 10 10 12 1 100 1 8 1 10 12 1 8 1 10 12 1 8 1 10 12 1 100 1 10 12 1 1 10 8 1 10 12 1 1 8 1 10 100 12 1 1 8 1 10 100 12 1 1 8 1 10 100 12 1 1 8 1 10 100 12 1 1 8 1 10 100 12 1 1 8 1 10 100 12 1 1 8 1 10 100 12 1 1 8 1 10 100 12 1 1 10 12 1 1 8 1 8 1 8 1 8 1 8 1 8 1 10 100 12 1 1 1 8 1 8 1 8 1 10 12 10 12 1 1 1 1 1 1 1 1 1 1 1 1 1 1 1 1 1 1 1 1 1 1 1 1 1 1 1 1 1 1 1 1 1 1 1 1 1 1 1 1 1 1 1 1 1 1 1 1 1 1 1 1
staticfield jdk/internal/reflect/UnsafeFieldAccessorImpl unsafe Ljdk/internal/misc/Unsafe; jdk/internal/misc/Unsafe
ciInstanceKlass jdk/internal/reflect/NativeConstructorAccessorImpl 1 1 126 10 7 12 1 1 1 9 7 12 1 1 1 9 12 1 1 10 7 12 1 1 1 10 7 12 1 1 1 10 7 12 1 1 1 9 12 1 9 12 1 1 9 12 1 1 10 7 12 1 1 1 7 1 10 10 12 1 1 10 12 1 10 12 1 10 12 1 1 9 12 1 1 10 7 12 1 1 1 100 1 10 12 1 1 10 12 1 1 8 10 12 1 1 1 1 1 1 1 1 1 1 1 1 1 1 1 1 1 1 1 1 1 1 100 1 100 1 100 1 1 1 1 1 1 1
staticfield jdk/internal/reflect/NativeConstructorAccessorImpl U Ljdk/internal/misc/Unsafe; jdk/internal/misc/Unsafe
staticfield jdk/internal/reflect/NativeConstructorAccessorImpl GENERATED_OFFSET J 16
ciInstanceKlass java/lang/invoke/ConstantCallSite 1 1 65 10 7 12 1 1 1 9 7 12 1 1 1 9 12 1 1 10 7 12 1 1 1 10 12 1 100 1 10 12 9 12 1 1 100 1 10 10 12 1 1 10 12 1 1 1 1 1 1 1 1 1 1 1 1 1 100 1 1 1 1 1 1 1 1
staticfield java/lang/invoke/ConstantCallSite UNSAFE Ljdk/internal/misc/Unsafe; jdk/internal/misc/Unsafe
ciInstanceKlass java/lang/invoke/MutableCallSite 0 0 63 10 100 12 1 1 1 10 12 1 9 100 12 1 1 1 10 12 1 10 12 1 1 9 12 1 1 10 100 12 1 1 1 10 100 12 1 1 1 10 12 1 1 1 1 1 1 1 1 1 1 1 1 1 1 1 1 1 1 100 1 1 1
instanceKlass java/lang/invoke/VarHandleInts$FieldStaticReadOnly
instanceKlass java/lang/invoke/VarHandleByteArrayAsLongs$ByteArrayViewVarHandle
instanceKlass java/lang/invoke/VarHandleByteArrayAsInts$ByteArrayViewVarHandle
instanceKlass java/lang/invoke/VarHandleInts$FieldInstanceReadOnly
instanceKlass java/lang/invoke/VarHandleLongs$FieldInstanceReadOnly
instanceKlass java/lang/invoke/VarHandleReferences$FieldInstanceReadOnly
ciInstanceKlass java/lang/invoke/VarHandle 1 1 390 10 7 12 1 1 1 10 7 12 1 1 9 12 1 1 9 12 1 1 100 1 10 8 1 10 12 1 1 10 7 12 1 1 1 10 12 1 1 10 100 12 1 1 1 9 100 12 1 1 1 10 12 1 1 10 100 12 1 1 1 10 12 1 1 9 12 1 10 12 1 9 12 1 1 10 7 12 1 1 10 12 1 9 7 12 1 1 1 9 12 1 1 10 12 1 1 100 1 100 1 10 8 1 10 12 1 1 10 12 1 8 1 10 12 1 10 12 1 10 12 1 1 9 7 12 1 1 1 10 12 1 10 12 1 1 10 12 1 10 10 100 12 1 1 1 10 12 1 1 10 12 1 1 10 100 12 1 1 1 10 100 12 1 1 1 10 100 12 1 1 1 9 12 1 1 10 9 12 1 1 10 12 1 10 12 1 10 12 1 1 10 12 1 10 100 12 1 1 1 9 12 1 1 10 12 1 1 9 12 1 10 12 1 10 12 1 10 100 12 1 1 100 1 10 9 7 12 1 1 1 9 12 1 1 10 7 12 1 1 1 10 12 1 10 12 1 10 12 1 10 12 1 10 12 1 10 12 1 1 7 1 10 10 7 12 1 1 1 9 12 1 1 8 10 12 1 1 7 1 10 12 1 1 100 1 1 1 1 1 1 1 1 1 1 1 1 1 1 1 1 1 1 1 1 1 1 1 1 1 1 1 1 1 1 1 1 1 1 1 1 1 1 1 1 1 1 1 1 1 1 1 1 1 1 1 1 1 1 1 1 1 1 1 1 1 1 1 1 1 1 1 1 1 1 1 1 1 1 1 1 1 1 1 1 1 1 1 1 1 1 1 1 1 100 1 100 1 100 1 1 1 1 1 1 1 100 1 1 1
staticfield java/lang/invoke/VarHandle AIOOBE_SUPPLIER Ljava/util/function/BiFunction; jdk/internal/util/Preconditions$1
staticfield java/lang/invoke/VarHandle VFORM_OFFSET J 16
staticfield java/lang/invoke/VarHandle $assertionsDisabled Z 1
ciInstanceKlass java/lang/invoke/MemberName 1 1 757 7 1 7 1 100 1 9 12 1 1 10 7 12 1 1 1 9 12 1 1 10 12 1 1 10 12 1 1 10 12 1 1 10 12 1 10 12 1 1 10 7 12 1 1 1 10 12 1 9 100 12 1 1 10 12 1 100 1 100 1 10 12 1 8 1 10 12 1 1 10 12 1 10 12 1 1 10 12 1 9 12 1 1 8 1 10 100 12 1 1 1 7 1 10 10 12 1 1 100 1 100 1 10 12 1 1 9 12 1 1 100 1 8 1 10 12 1 10 12 1 10 12 1 10 12 1 10 12 1 1 10 12 1 10 12 1 10 12 1 1 10 12 1 1 10 12 1 8 1 8 1 8 1 10 100 12 1 1 1 10 12 1 9 12 1 1 3 10 12 1 10 12 1 10 12 1 10 10 7 12 1 1 1 10 12 1 10 12 1 10 12 1 10 12 1 7 1 8 10 12 1 1 10 12 1 1 8 1 9 100 1 8 9 100 1 10 12 1 1 10 12 1 10 12 1 8 1 10 12 1 1 10 12 1 10 12 1 10 12 1 10 12 1 1 100 1 10 12 1 1 10 12 1 8 1 10 12 1 10 12 1 8 1 10 12 1 1 10 12 1 1 100 1 10 12 1 1 10 12 8 1 8 1 100 1 10 12 1 10 100 12 1 1 1 100 1 10 12 10 12 1 10 12 1 10 12 1 10 12 1 10 10 12 1 10 12 1 10 12 1 3 10 12 1 3 10 12 1 3 3 3 3 3 3 3 100 1 10 12 1 10 7 12 1 1 1 10 12 1 3 9 12 1 10 12 1 1 3 10 12 1 10 10 7 12 1 1 1 10 12 1 1 10 100 1 10 10 12 1 10 12 1 10 12 1 10 10 12 1 1 10 12 1 10 12 1 10 12 1 100 1 10 10 10 12 100 1 10 10 10 12 1 1 10 12 1 1 10 10 12 1 8 10 100 1 10 12 1 10 100 1 10 12 1 10 12 1 10 12 1 10 10 12 1 10 12 1 1 10 12 1 1 10 12 1 10 12 1 10 12 1 100 1 10 12 1 1 100 1 8 1 10 7 1 10 12 1 10 12 10 12 1 1 10 12 1 10 12 1 8 1 8 1 8 1 8 1 10 12 1 10 12 1 10 12 1 1 8 1 8 1 10 12 1 8 1 10 10 12 1 10 12 1 8 1 8 1 10 10 12 1 8 1 10 100 12 1 1 1 8 1 10 12 1 10 12 1 1 10 12 1 8 1 8 1 8 1 8 1 100 1 10 8 1 8 1 8 1 8 1 10 12 1 100 1 100 1 100 1 10 100 1 10 100 1 10 100 12 1 1 1 9 7 12 1 1 1 100 1 100 1 1 1 1 1 1 1 3 1 3 1 3 1 3 1 3 1 3 1 1 1 1 1 1 1 1 3 1 3 1 1 1 1 3 1 1 1 1 1 1 1 1 1 1 1 1 1 1 1 1 1 1 1 1 1 1 1 1 1 1 1 1 1 1 1 1 1 1 1 1 1 1 1 1 1 1 1 1 1 1 1 1 1 1 1 1 1 1 1 1 1 1 1 1 1 1 1 1 1 1 1 1 1 1 1 1 1 1 1 1 1 1 1 1 1 1 1 1 1 1 1 1 1 1 1 1 1 1 1 1 1 1 1 1 1 1 1 1 1 1 100 1 1 1 1 1 1 1 1 1 1 1 1 1 1 1
staticfield java/lang/invoke/MemberName $assertionsDisabled Z 1
ciInstanceKlass java/lang/invoke/ResolvedMethodName 1 1 16 10 100 12 1 1 1 100 1 1 1 1 1 1 1 1
ciInstanceKlass java/lang/StackWalker 1 1 235 9 7 12 1 1 1 10 7 12 1 1 1 7 1 10 7 12 1 1 1 10 12 1 1 11 7 12 1 1 1 10 12 1 1 10 12 1 1 10 12 1 1 100 1 8 1 10 12 1 10 12 1 10 12 1 10 7 12 1 1 9 12 1 1 9 12 1 1 9 12 1 1 9 12 1 1 10 12 1 1 9 12 1 1 10 7 12 1 1 1 11 12 1 1 100 1 8 1 10 10 100 12 1 1 9 12 1 1 10 12 1 1 10 7 12 1 1 1 10 7 12 1 1 1 18 12 1 1 100 1 8 1 10 10 12 1 1 10 7 12 1 1 1 9 7 12 1 1 11 100 12 1 1 1 10 12 1 1 1 1 1 1 1 1 1 1 1 1 1 1 1 1 1 1 1 1 1 1 1 1 1 1 1 1 1 1 1 1 1 1 1 1 1 1 1 1 1 1 1 1 1 1 1 1 1 1 1 100 1 1 15 10 100 12 1 1 1 16 15 10 12 16 1 1 1 1 1 1 1 100 1 100 1 1
staticfield java/lang/StackWalker DEFAULT_EMPTY_OPTION Ljava/util/EnumSet; java/util/RegularEnumSet
staticfield java/lang/StackWalker DEFAULT_WALKER Ljava/lang/StackWalker; java/lang/StackWalker
instanceKlass java/lang/StackStreamFactory$CallerClassFinder
instanceKlass java/lang/StackStreamFactory$StackFrameTraverser
ciInstanceKlass java/lang/StackStreamFactory$AbstractStackWalker 1 1 306 7 1 100 1 3 10 7 12 1 1 1 10 7 12 1 1 10 7 12 1 1 1 9 12 1 1 10 12 1 1 9 12 1 1 9 12 1 1 9 12 1 1 9 12 1 9 7 12 1 1 1 10 7 12 1 1 1 10 12 1 1 9 12 1 1 10 7 12 1 1 1 10 12 1 1 9 12 1 1 9 100 12 1 1 1 100 1 10 8 1 10 12 1 1 10 12 1 8 1 10 12 1 1 10 100 12 1 1 1 100 1 8 1 10 12 1 8 1 10 12 9 7 12 1 1 1 10 7 12 1 1 9 12 1 8 1 5 0 8 1 8 1 9 12 1 1 10 12 1 1 10 12 1 1 10 12 1 9 12 1 10 12 1 10 12 1 10 12 1 10 12 1 1 10 12 1 10 12 1 1 8 1 10 12 1 10 12 1 10 12 1 10 12 1 1 8 1 10 12 1 1 10 12 1 1 10 12 1 1 10 12 1 10 12 1 10 7 12 1 1 1 9 12 1 8 1 10 12 1 10 12 1 10 12 1 10 12 1 10 12 1 10 12 1 10 12 1 1 10 12 1 1 10 12 1 1 10 12 1 8 1 1 1 1 1 1 1 1 1 1 1 1 1 1 1 1 1 1 100 1 1 1 1 100 1 1 1 1 1 1 1 1 1 1 1 1 1 1 1 1 1 1 1 1 1
ciInstanceKlass jdk/internal/module/Modules 1 1 504 10 100 12 1 1 1 9 7 12 1 1 1 11 7 12 1 1 1 11 12 1 1 11 12 1 1 11 12 1 1 11 12 1 11 12 1 11 12 1 11 12 1 11 12 1 1 10 7 12 1 1 1 10 100 12 1 1 1 18 12 1 1 10 100 12 1 1 1 100 1 10 100 12 1 1 1 10 100 12 1 1 1 10 100 12 1 1 10 12 1 1 11 12 1 9 12 1 1 11 7 12 1 1 1 10 12 1 1 10 10 12 1 10 9 12 1 1 10 7 12 1 1 10 12 1 1 10 7 12 1 1 100 1 11 100 12 1 1 1 10 100 12 1 1 1 11 100 12 1 1 10 12 1 1 10 100 12 1 1 10 100 12 1 1 1 10 12 1 1 10 12 1 1 11 12 1 1 18 12 1 1 11 100 12 1 1 10 100 12 1 1 1 11 100 12 1 1 1 100 1 11 12 1 1 11 100 12 1 1 1 11 12 1 1 10 12 1 1 10 100 12 1 1 18 12 1 1 11 12 1 1 18 12 1 1 11 12 1 1 10 12 1 18 18 10 12 1 1 9 12 1 1 11 100 12 1 1 1 100 1 10 11 12 1 11 12 1 1 11 12 1 1 10 100 1 10 12 1 1 10 100 12 1 1 10 12 1 1 11 12 10 12 1 1 100 1 10 18 12 1 10 12 1 1 100 1 8 1 10 12 1 10 100 12 1 1 18 12 1 11 11 12 10 12 1 10 10 100 1 18 12 1 10 10 10 7 12 1 1 10 7 12 1 1 1 10 12 1 1 1 1 1 1 1 1 1 1 1 1 1 1 1 1 1 1 1 1 1 1 1 1 1 1 1 1 1 1 1 1 1 100 1 1 1 1 1 1 1 1 1 1 1 1 1 1 1 1 1 1 1 1 1 1 1 1 1 1 1 1 1 1 1 1 1 1 1 100 1 1 1 1 1 1 1 1 1 1 1 1 1 1 1 1 1 1 1 1 1 1 1 15 10 100 12 1 1 1 16 15 10 12 1 16 16 15 10 12 1 16 1 16 1 15 10 12 1 16 1 16 1 15 10 12 16 1 15 10 16 1 15 10 12 16 1 15 10 12 16 15 10 12 16 15 10 12 1 1 1 100 1 100 1 1
staticfield jdk/internal/module/Modules JLA Ljdk/internal/access/JavaLangAccess; java/lang/System$2
staticfield jdk/internal/module/Modules JLMA Ljdk/internal/access/JavaLangModuleAccess; java/lang/module/ModuleDescriptor$1
staticfield jdk/internal/module/Modules $assertionsDisabled Z 1
instanceKlass java/util/IdentityHashMap$EntrySet
instanceKlass java/util/WeakHashMap$EntrySet
instanceKlass javafx/collections/FXCollections$UnmodifiableObservableSet
instanceKlass com/sun/javafx/css/BitSet
instanceKlass javafx/collections/FXCollections$EmptyObservableSet
instanceKlass java/lang/ProcessEnvironment$CheckedEntrySet
instanceKlass java/util/LinkedHashMap$LinkedKeySet
instanceKlass java/util/LinkedHashMap$LinkedEntrySet
instanceKlass java/util/Collections$SingletonSet
instanceKlass java/util/concurrent/CopyOnWriteArraySet
instanceKlass java/util/TreeMap$EntrySet
instanceKlass java/util/concurrent/ConcurrentSkipListMap$KeySet
instanceKlass java/util/concurrent/ConcurrentSkipListSet
instanceKlass java/util/TreeMap$KeySet
instanceKlass java/util/TreeSet
instanceKlass java/util/IdentityHashMap$KeySet
instanceKlass java/util/EnumSet
instanceKlass java/util/HashMap$KeySet
instanceKlass java/util/WeakHashMap$KeySet
instanceKlass java/util/Collections$SetFromMap
instanceKlass java/util/HashSet
instanceKlass java/util/Collections$EmptySet
instanceKlass java/util/HashMap$EntrySet
instanceKlass java/util/ImmutableCollections$MapN$1
ciInstanceKlass java/util/AbstractSet 1 1 96 10 7 12 1 1 1 7 1 7 1 11 12 1 1 10 7 1 10 12 1 1 100 1 100 1 10 12 1 1 11 7 12 1 1 1 11 12 1 1 10 7 12 1 1 10 100 12 1 1 1 11 10 12 1 1 11 12 1 11 12 1 1 1 1 1 1 1 1 1 1 1 1 1 1 1 1 100 1 1 1 1 1 1 1 1 1 1 1 1 1 1 1 1 1 1
ciMethod java/util/AbstractSet hashCode ()I 520 526 7903 0 2816
ciInstanceKlass java/util/Formatter 1 1 357 8 1 10 100 12 1 1 1 10 100 12 1 1 1 100 1 100 1 100 1 10 12 1 1 7 1 10 12 1 10 7 1 7 1 3 9 12 1 1 9 12 1 1 9 12 1 1 100 1 100 1 100 1 10 12 1 10 12 1 10 12 1 10 12 1 9 7 12 1 1 1 10 7 12 1 1 1 10 12 1 1 10 10 12 1 10 12 1 10 12 1 100 1 10 10 12 1 8 1 10 12 1 10 12 1 100 1 10 12 1 10 12 1 9 12 1 10 12 1 1 10 100 12 1 1 1 10 12 1 1 10 12 1 10 12 1 1 100 1 11 12 1 100 1 9 12 1 1 100 1 11 12 1 100 1 10 10 12 1 1 10 12 1 1 11 7 12 1 1 1 11 12 1 1 7 1 11 12 1 11 12 1 1 100 1 11 10 7 1 10 10 7 12 1 1 10 12 1 1 7 1 10 12 1 10 12 1 100 1 8 1 10 10 12 1 1 10 7 12 1 1 1 7 1 10 12 1 9 12 1 1 10 7 12 1 1 1 10 7 12 1 1 1 10 12 1 10 12 1 10 12 1 10 12 1 1 8 1 10 12 1 1 1 1 1 1 1 1 1 1 1 1 1 100 1 1 1 1 1 1 1 100 1 1 1 1 1 1 1 1 1 1 1 1 1 1 1 1 1 1 1 1 1 1 100 1 1 1 1 1 1 1 1 1 1 1 1 1 1 1 1 1 100 1 1 1 1 1 1 1 1 1 1 1 1 1 1 1 100 1 100 1 100 1 100 1 1 1 1 1 1 1 1 1 1 1
staticfield java/util/Formatter fsPattern Ljava/util/regex/Pattern; java/util/regex/Pattern
ciInstanceKlass java/util/Collections$UnmodifiableCollection$1 1 1 70 9 7 12 1 1 1 10 7 12 1 1 1 9 7 12 1 1 1 11 7 12 1 1 1 9 12 1 1 11 7 12 1 1 1 11 12 1 1 100 1 10 11 12 1 1 1 1 1 1 1 1 1 1 1 1 1 1 1 1 1 1 1 1 1 1 100 1 1 1
instanceKlass java/util/Collections$UnmodifiableMap$UnmodifiableEntrySet
ciInstanceKlass java/util/Collections$UnmodifiableSet 1 1 57 10 7 12 1 1 1 9 7 12 1 1 1 11 7 12 1 1 1 11 12 1 1 100 1 100 1 1 1 1 5 0 1 1 1 1 1 1 1 1 1 1 1 1 1 1 1 1 1 1 1 1 100 1 1 1 1
ciMethod java/util/Formatter toString ()Ljava/lang/String; 8 0 75 0 -1
ciMethod java/util/Formatter <init> ()V 8 0 56 0 -1
ciMethod java/util/Formatter format (Ljava/lang/String;[Ljava/lang/Object;)Ljava/util/Formatter; 8 0 75 0 -1
instanceKlass java/lang/ClassValue$ClassValueMap
instanceKlass com/sun/jmx/mbeanserver/DefaultMXBeanMappingFactory$Mappings
instanceKlass com/sun/jmx/mbeanserver/MBeanIntrospector$MBeanInfoMap
instanceKlass com/sun/jmx/mbeanserver/MBeanIntrospector$PerInterfaceMap
ciInstanceKlass java/util/WeakHashMap 1 1 376 7 1 10 7 12 1 1 1 7 1 10 9 7 12 1 1 1 100 1 100 1 10 8 1 10 12 1 1 10 12 1 10 12 1 1 10 12 1 3 10 7 12 1 1 1 8 1 10 12 1 10 12 1 1 9 12 1 1 9 12 1 1 9 12 1 1 4 10 12 1 11 7 12 1 1 1 10 100 12 1 1 1 10 12 1 1 9 12 1 1 10 12 1 1 10 12 1 1 10 7 12 1 1 10 12 1 10 12 1 1 9 12 1 10 12 1 9 12 1 1 9 12 1 9 12 10 12 1 10 10 12 1 1 10 12 1 10 12 1 1 10 12 1 1 10 12 1 1 9 12 1 10 12 1 10 12 1 1 100 1 3 10 12 1 1 11 12 1 1 11 7 12 1 1 1 11 7 12 1 1 1 11 12 7 1 11 12 1 11 12 1 10 12 1 1 10 10 7 12 1 1 1 10 12 1 9 12 1 1 7 1 10 12 1 9 12 1 1 7 1 10 9 12 7 1 10 10 100 12 1 1 10 12 1 11 100 12 1 1 1 100 1 10 11 100 12 1 1 10 1 1 3 1 1 1 1 1 1 1 1 1 1 1 1 1 1 1 1 1 1 1 1 1 1 1 1 1 1 1 1 1 1 1 1 1 100 1 1 1 1 1 100 1 1 1 1 1 1 1 1 1 1 1 1 1 1 1 1 1 1 1 1 1 1 1 1 1 1 1 1 1 1 1 100 1 1 1 1 1 1 1 1 1 1 1 1 1 1 1 1 1 1 1 1 1 1 100 1 100 1 100 1 100 1 100 1 100 1 100 1 100 1 1 1 1 1 1 1 1 1 1 1 1 1 1
staticfield java/util/WeakHashMap NULL_KEY Ljava/lang/Object; java/lang/Object
ciMethod java/util/WeakHashMap get (Ljava/lang/Object;)Ljava/lang/Object; 540 82 7829 0 672
ciMethod java/util/WeakHashMap put (Ljava/lang/Object;Ljava/lang/Object;)Ljava/lang/Object; 418 76 5371 0 2592
ciMethod java/util/WeakHashMap resize (I)V 16 0 37 0 -1
ciMethod java/util/WeakHashMap hash (Ljava/lang/Object;)I 512 0 5422 0 224
ciMethod java/util/WeakHashMap indexFor (II)I 512 0 21126 0 0
ciMethod java/util/WeakHashMap expungeStaleEntries ()V 512 0 15927 0 3840
ciMethod java/util/WeakHashMap maskNull (Ljava/lang/Object;)Ljava/lang/Object; 512 0 20492 0 0
ciMethod java/util/WeakHashMap getTable ()[Ljava/util/WeakHashMap$Entry; 512 0 20529 0 0
ciMethod java/util/WeakHashMap matchesKey (Ljava/util/WeakHashMap$Entry;Ljava/lang/Object;)Z 516 0 9860 0 0
ciInstanceKlass java/lang/System$Logger 1 1 78 100 1 100 1 11 100 12 1 1 1 10 100 12 1 1 1 100 1 11 12 1 1 11 100 12 1 1 1 100 1 10 100 12 1 1 1 11 12 1 1 1 1 1 1 1 1 1 1 1 1 1 1 1 1 1 1 1 1 1 1 1 1 1 1 1 1 1 1 1 1 1 1 100 1 1 1 1
ciMethod java/lang/System$Logger log (Ljava/lang/System$Logger$Level;Ljava/lang/String;[Ljava/lang/Object;)V 0 0 1 0 -1
ciMethod java/lang/System$Logger isLoggable (Ljava/lang/System$Logger$Level;)Z 0 0 1 0 -1
instanceKlass java/util/LinkedHashMap$Entry
ciInstanceKlass java/util/HashMap$Node 1 1 95 10 7 12 1 1 1 9 7 12 1 1 1 9 12 1 1 9 12 1 9 12 1 1 100 1 10 10 12 1 1 8 1 10 12 1 10 12 1 1 10 7 12 1 1 1 100 1 11 12 1 1 10 12 1 1 11 12 1 1 1 1 1 1 1 1 1 1 1 1 1 1 1 1 1 1 1 1 1 1 1 1 1 1 1 1 1 1 100 1 1 1 100 1 1
instanceKlass java/util/HashMap$TreeNode
ciInstanceKlass java/util/LinkedHashMap$Entry 1 1 41 10 7 12 1 1 1 100 1 1 1 1 1 1 1 1 1 1 1 1 1 1 1 1 1 1 1 1 1 1 1 1 1 1 100 1 1 100 1 1 1
ciInstanceKlass java/util/HashMap$TreeNode 0 0 250 100 1 10 100 12 1 1 1 9 100 12 1 1 1 9 12 1 1 9 12 1 9 12 1 1 9 12 1 1 10 12 1 1 100 1 10 12 1 9 12 1 9 12 1 9 12 1 1 10 100 12 1 1 1 10 12 1 1 10 12 1 1 10 12 1 1 10 12 1 1 10 12 1 1 10 100 12 1 1 1 10 100 12 1 1 1 10 100 12 1 1 1 9 12 1 10 12 1 1 10 12 1 1 10 12 1 1 10 12 1 1 9 100 1 10 12 1 1 10 12 1 1 10 12 1 10 12 1 1 10 12 1 10 12 1 10 12 1 1 1 1 1 1 1 1 1 1 1 1 1 1 1 1 1 1 1 1 1 1 1 1 1 1 100 1 1 1 1 1 1 1 1 1 1 1 1 1 1 1 1 1 1 1 1 1 1 1 1 1 1 1 1 1 1 1 1 1 1 1 1 1 1 1 1 1 1 1 1 1 1 1 1 1 1 1 1 1 1 1 1 1 1 1 1 1 1 1 1 1 1 1 1 1 1 1 1 1 1 1 1 1 1 1 1 100 1 1 1 1
ciMethod java/util/Iterator remove ()V 0 0 1 0 -1
ciInstanceKlass java/util/function/BiFunction 1 1 65 10 100 12 1 1 1 18 12 1 1 11 100 12 1 1 11 100 12 1 100 1 1 1 1 1 1 1 1 1 1 1 1 1 1 1 1 1 1 1 1 1 1 1 1 1 1 1 15 10 100 12 1 1 1 16 15 11 12 1 100 1 100 1 1
ciInstanceKlass java/util/zip/ZipFile$ZipFileInflaterInputStream 1 1 154 10 7 12 1 1 1 10 7 12 1 1 1 9 12 1 1 10 7 12 1 1 9 12 1 1 10 7 12 1 1 1 7 1 10 12 1 10 7 12 1 1 1 9 12 1 1 9 12 1 10 12 1 1 9 7 12 1 1 1 9 12 1 1 11 7 12 1 1 1 11 7 12 1 1 100 1 8 1 10 12 1 9 12 1 1 9 12 1 1 10 7 12 1 1 1 9 12 1 1 9 12 1 1 10 7 12 1 1 1 7 1 10 12 1 1 10 12 1 100 1 5 0 3 1 1 1 1 1 1 1 1 1 100 1 100 1 1 100 1 1 1 1 1 1 1 1 1 1 1 1 1 1 1
ciInstanceKlass java/util/HashMap$KeyIterator 1 1 46 9 7 12 1 1 1 10 7 12 1 1 1 10 12 1 1 9 7 12 1 1 1 100 1 1 1 1 1 1 1 1 1 1 1 1 1 1 1 1 100 1 1 1 1 1
ciInstanceKlass java/util/Arrays$ArrayList 1 1 149 10 7 12 1 1 1 10 7 12 1 1 1 7 1 9 7 12 1 1 10 7 12 1 1 1 10 12 1 1 10 7 12 1 1 1 10 7 12 1 1 1 10 12 1 1 10 12 1 1 100 1 10 7 12 1 1 1 11 100 12 1 1 1 11 100 12 1 1 10 12 1 1 7 1 10 12 1 100 1 100 1 1 1 1 5 0 1 1 1 1 1 1 1 1 1 1 1 1 1 1 1 1 1 1 1 1 1 1 1 1 1 1 1 1 1 1 1 1 1 1 1 1 1 1 1 1 1 1 1 1 1 1 1 1 1 1 1 1 1 1 1 1 1 1 1 1 1 1
instanceKlass java/util/Collections$UnmodifiableList
instanceKlass java/util/Collections$UnmodifiableSet
ciInstanceKlass java/util/Collections$UnmodifiableCollection 1 1 136 10 7 12 1 1 1 100 1 10 9 7 12 1 1 1 11 7 12 1 1 1 11 12 1 1 11 12 1 1 11 12 1 1 11 12 1 11 12 1 10 12 1 1 7 1 10 12 1 100 1 10 11 12 1 1 11 12 1 1 11 12 1 1 11 12 1 1 11 12 1 100 1 1 1 1 5 0 1 1 1 1 1 1 1 1 1 1 1 1 1 1 1 1 1 1 1 1 1 1 1 1 1 1 1 1 1 1 1 1 1 1 1 1 1 1 1 1 1 1 1 1 1 1 1 1 1 1 1 1 1 1 100 1 1 1
ciMethod java/util/Collections$UnmodifiableCollection size ()I 514 0 6409 0 96
instanceKlass java/util/Collections$UnmodifiableRandomAccessList
ciInstanceKlass java/util/Collections$UnmodifiableList 1 1 127 10 7 12 1 1 1 9 7 12 1 1 1 11 7 12 1 1 1 11 12 1 1 11 12 1 1 100 1 10 12 1 11 12 1 1 11 12 1 10 12 1 1 100 1 10 12 1 11 12 1 1 10 12 1 100 1 100 1 10 1 1 1 5 0 1 1 1 1 1 1 1 1 1 1 1 1 1 1 1 1 1 1 1 1 1 1 1 1 1 1 1 1 1 1 1 1 1 1 1 1 1 1 1 1 1 1 1 1 1 1 1 1 1 1 100 1 1 1 1 1 100 1 1 1 1 1
ciInstanceKlass java/util/Collections$UnmodifiableRandomAccessList 1 1 52 10 7 12 1 1 1 100 1 9 12 1 1 11 100 12 1 1 1 10 100 1 1 1 1 5 0 1 1 1 1 1 1 1 1 1 1 1 1 1 1 1 1 1 1 1 1 100 1 1 1 1
ciMethod java/util/Collections$UnmodifiableList get (I)Ljava/lang/Object; 548 0 5718 0 256
ciInstanceKlass java/util/zip/ZipFile$ZipFileInputStream 1 1 179 100 1 100 1 9 7 12 1 1 1 10 7 12 1 1 1 10 7 12 1 1 1 9 12 1 1 10 12 1 9 12 1 10 12 1 9 12 1 5 0 10 12 1 1 9 7 12 1 1 1 9 7 12 1 1 1 9 7 12 1 1 10 12 1 1 10 12 1 10 12 1 10 12 1 10 12 1 1 100 1 8 1 10 12 1 10 12 1 1 5 0 8 1 10 12 1 1 10 12 1 9 12 1 10 12 1 10 12 1 1 10 12 1 10 12 1 10 12 1 1 100 1 5 0 3 9 12 1 1 9 12 1 1 11 7 12 1 1 1 1 1 1 1 1 1 1 1 1 1 1 100 1 1 1 1 1 1 1 100 1 1 100 1 100 1 1 1 1 1 1 1 1 1 1 1 1 1 1
ciMethod java/lang/ref/ReferenceQueue poll ()Ljava/lang/ref/Reference; 514 0 30507 0 -1
ciMethod java/util/HashMap$TreeNode getTreeNode (ILjava/lang/Object;)Ljava/util/HashMap$TreeNode; 0 0 1 0 -1
ciMethod java/util/HashMap$TreeNode putTreeVal (Ljava/util/HashMap;[Ljava/util/HashMap$Node;ILjava/lang/Object;Ljava/lang/Object;)Ljava/util/HashMap$TreeNode; 0 0 1 0 -1
ciMethod java/util/AbstractSet <init> ()V 668 0 77695 0 0
ciMethod java/util/HashMap getNode (Ljava/lang/Object;)Ljava/util/HashMap$Node; 1024 18 15877 0 672
ciMethod java/util/HashMap resize ()[Ljava/util/HashMap$Node; 34 548 1523 0 -1
ciMethod java/util/HashMap treeifyBin ([Ljava/util/HashMap$Node;I)V 0 0 1 0 -1
ciMethod java/util/HashMap putVal (ILjava/lang/Object;Ljava/lang/Object;ZZ)Ljava/lang/Object; 580 76 23057 0 4480
ciMethod java/util/HashMap hash (Ljava/lang/Object;)I 546 0 53599 0 192
ciMethod java/util/HashMap <init> ()V 512 0 22042 0 64
ciMethod java/util/HashMap <init> (I)V 160 0 2717 0 -1
ciMethod jdk/internal/util/Preconditions checkIndex (IILjava/util/function/BiFunction;)I 512 0 140306 0 -1
ciMethod java/util/AbstractList <init> ()V 514 0 97785 0 64
ciMethod java/util/List get (I)Ljava/lang/Object; 0 0 1 0 -1
ciMethod java/util/List isEmpty ()Z 0 0 1 0 -1
ciMethod java/util/List size ()I 0 0 1 0 -1
ciMethod java/util/Collection contains (Ljava/lang/Object;)Z 0 0 1 0 -1
ciMethod java/util/Collection iterator ()Ljava/util/Iterator; 0 0 1 0 -1
ciMethod java/util/Collection size ()I 0 0 1 0 -1
ciMethod java/util/Collections$EmptyList isEmpty ()Z 260 0 130 0 0
ciMethod java/util/AbstractMap <init> ()V 524 0 35774 0 0
ciMethod java/lang/ref/Reference refersTo0 (Ljava/lang/Object;)Z 256 0 128 0 -1
ciMethod java/lang/ref/Reference refersTo (Ljava/lang/Object;)Z 520 0 21879 0 96
ciMethod java/util/WeakHashMap$Entry <init> (Ljava/lang/Object;Ljava/lang/Object;Ljava/lang/ref/ReferenceQueue;ILjava/util/WeakHashMap$Entry;)V 512 0 5339 0 -1
ciMethod java/util/Set retainAll (Ljava/util/Collection;)Z 0 0 1 0 -1
ciMethod java/util/Set addAll (Ljava/util/Collection;)Z 0 0 1 0 -1
ciMethod java/util/Map containsKey (Ljava/lang/Object;)Z 0 0 1 0 -1
ciMethod java/util/Map isEmpty ()Z 0 0 1 0 -1
ciMethod java/util/Map put (Ljava/lang/Object;Ljava/lang/Object;)Ljava/lang/Object; 0 0 1 0 -1
ciMethod java/util/Map get (Ljava/lang/Object;)Ljava/lang/Object; 0 0 1 0 -1
ciMethod java/lang/String equals (Ljava/lang/Object;)Z 760 0 12706 0 -1
ciMethod java/lang/String valueOf (Ljava/lang/Object;)Ljava/lang/String; 80 0 410 0 -1
ciMethod java/lang/String format (Ljava/lang/String;[Ljava/lang/Object;)Ljava/lang/String; 2 0 53 0 0
ciMethod java/lang/String concat (Ljava/lang/String;)Ljava/lang/String; 512 0 17773 0 -1
ciMethod java/util/ArrayList size ()I 312 0 156 0 0
ciMethod java/util/ArrayList isEmpty ()Z 512 0 6106 0 96
ciMethod java/util/ArrayList get (I)Ljava/lang/Object; 512 0 27924 0 192
ciMethod java/util/ArrayList <init> ()V 512 0 29380 0 256
ciMethod java/util/ArrayList elementData (I)Ljava/lang/Object; 512 0 33253 0 0
ciMethod java/lang/Enum compareTo (Ljava/lang/Enum;)I 50 0 5482 0 -1
ciMethod java/util/Iterator hasNext ()Z 0 0 1 0 -1
ciMethod java/util/Iterator next ()Ljava/lang/Object; 0 0 1 0 -1
ciMethod java/lang/Object getClass ()Ljava/lang/Class; 256 0 128 0 -1
ciMethod java/lang/Object <init> ()V 1024 0 1103743 0 128
ciInstanceKlass javafx/beans/value/ObservableValue 1 1 143 100 1 10 12 1 1 100 1 10 12 1 100 1 10 100 1 10 12 1 8 1 10 100 12 1 1 1 18 12 1 1 11 100 12 1 1 1 18 12 1 1 8 1 18 12 1 11 12 1 1 11 100 12 1 1 1 18 11 12 1 11 100 12 1 1 100 1 100 1 1 1 1 1 1 1 1 1 1 1 1 1 1 1 1 1 1 1 1 1 1 1 1 1 1 1 1 1 1 1 1 15 10 100 12 1 1 1 16 1 15 11 12 16 1 15 11 12 15 11 12 15 11 12 1 100 1 100 1 1 1 100 1 8 1 1 12 10 1 1 1 8 1
ciInstanceKlass javafx/beans/value/WritableValue 1 0 15 100 1 100 1 1 1 1 1 1 1 1 1 1 1
instanceKlass javafx/beans/property/ObjectPropertyBase
ciInstanceKlass javafx/beans/property/ObjectProperty 1 1 130 10 7 12 1 1 1 10 7 12 1 1 1 10 100 12 1 1 1 10 12 1 10 12 1 1 10 12 1 1 100 1 8 1 10 12 1 8 1 10 12 1 1 10 12 1 8 1 8 1 10 100 12 1 1 1 8 1 8 1 10 12 1 8 1 10 12 1 100 1 100 1 1 1 1 1 1 1 1 1 100 1 1 1 1 1 100 1 8 1 1 12 10 1 1 1 8 1 1 1 8 1 1 1 8 1 1 1 8 1 1 1 8 1 1 8 1 1 8 1 8 1 1 1 8 1 1 1 8 1
instanceKlass javafx/collections/transformation/SortedList$1
instanceKlass javafx/scene/control/TableView$11
instanceKlass javafx/scene/control/TableView$12
instanceKlass javafx/scene/control/TableView$10
instanceKlass javafx/scene/layout/ColumnConstraints$5
instanceKlass javafx/scene/layout/ColumnConstraints$6
instanceKlass javafx/scene/shape/SVGPath$2
instanceKlass javafx/scene/control/MultipleSelectionModel$1
instanceKlass javafx/scene/control/ListView$6
instanceKlass javafx/scene/control/ListView$4
instanceKlass javafx/scene/control/ListView$3
instanceKlass javafx/scene/control/ListView$5
instanceKlass javafx/scene/control/ComboBoxBase$9
instanceKlass javafx/scene/control/ComboBoxBase$8
instanceKlass javafx/scene/control/ComboBoxBase$7
instanceKlass javafx/scene/control/ComboBoxBase$6
instanceKlass javafx/scene/control/ComboBoxBase$5
instanceKlass javafx/animation/FadeTransition$1
instanceKlass javafx/scene/shape/Arc$8
instanceKlass com/sun/javafx/charts/Legend$LegendItem$2
instanceKlass com/sun/javafx/charts/Legend$2
instanceKlass javafx/scene/chart/PieChart$2
instanceKlass javafx/scene/chart/Chart$4
instanceKlass javafx/scene/layout/BorderPane$BorderPositionProperty
instanceKlass javafx/animation/PauseTransition$1
instanceKlass javafx/scene/control/ContextMenu$1
instanceKlass javafx/scene/control/PopupControl$1
instanceKlass javafx/stage/PopupWindow$6
instanceKlass javafx/scene/control/MenuItem$1
instanceKlass javafx/scene/control/MenuItem$2
instanceKlass javafx/scene/shape/Path$2
instanceKlass javafx/animation/Animation$6
instanceKlass javafx/animation/Animation$3
instanceKlass javafx/scene/text/Text$TextAttribute$8
instanceKlass javafx/scene/Node$NodeTransformation$9
instanceKlass javafx/scene/Scene$8
instanceKlass javafx/scene/Scene$6
instanceKlass javafx/scene/Scene$7
instanceKlass javafx/scene/Scene$26
instanceKlass javafx/scene/Scene$49
instanceKlass javafx/scene/Scene$34
instanceKlass javafx/scene/Scene$32
instanceKlass javafx/scene/Scene$29
instanceKlass javafx/scene/Scene$39
instanceKlass javafx/scene/Scene$47
instanceKlass javafx/scene/Scene$40
instanceKlass javafx/scene/Scene$50
instanceKlass javafx/scene/Scene$36
instanceKlass javafx/scene/Scene$41
instanceKlass javafx/scene/Scene$37
instanceKlass javafx/scene/Scene$35
instanceKlass javafx/scene/Scene$33
instanceKlass javafx/scene/Scene$48
instanceKlass javafx/scene/Scene$38
instanceKlass javafx/scene/Scene$20
instanceKlass javafx/scene/Scene$30
instanceKlass javafx/scene/Scene$28
instanceKlass javafx/scene/Scene$19
instanceKlass javafx/scene/Scene$25
instanceKlass javafx/scene/Scene$24
instanceKlass javafx/scene/Scene$21
instanceKlass javafx/scene/Scene$17
instanceKlass javafx/scene/Scene$13
instanceKlass javafx/scene/Scene$23
instanceKlass javafx/scene/Scene$22
instanceKlass javafx/scene/Scene$18
instanceKlass javafx/scene/Scene$16
instanceKlass javafx/scene/Scene$15
instanceKlass javafx/scene/Scene$12
instanceKlass javafx/scene/Scene$31
instanceKlass javafx/scene/Scene$27
instanceKlass javafx/scene/Scene$14
instanceKlass javafx/scene/Scene$43
instanceKlass javafx/scene/Scene$42
instanceKlass javafx/scene/Scene$45
instanceKlass javafx/scene/Scene$46
instanceKlass javafx/scene/Scene$44
instanceKlass javafx/scene/Scene$9
instanceKlass javafx/scene/control/ButtonBase$2
instanceKlass javafx/scene/control/TextField$2
instanceKlass javafx/scene/control/TextInputControl$4
instanceKlass javafx/scene/control/Label$1
instanceKlass javafx/scene/control/Control$3
instanceKlass javafx/scene/image/ImageView$2
instanceKlass javafx/scene/image/ImageView$11
instanceKlass javafx/scene/Node$MiscProperties$5
instanceKlass javafx/scene/Node$MiscProperties$8
instanceKlass javafx/scene/Node$MiscProperties$6
instanceKlass javafx/beans/property/IntegerProperty$2
instanceKlass javafx/scene/effect/DropShadow$4
instanceKlass javafx/scene/effect/Effect$EffectInputProperty
instanceKlass javafx/scene/effect/DropShadow$6
instanceKlass javafx/scene/transform/Rotate$5
instanceKlass javafx/css/StyleableObjectProperty
instanceKlass javafx/beans/property/DoubleProperty$2
instanceKlass javafx/stage/Window$11
instanceKlass javafx/stage/Window$10
instanceKlass javafx/stage/Window$9
instanceKlass javafx/stage/Window$8
instanceKlass javafx/stage/Window$7
instanceKlass javafx/beans/property/SimpleObjectProperty
instanceKlass javafx/beans/property/BooleanProperty$2
ciInstanceKlass javafx/beans/property/ObjectPropertyBase 1 1 208 10 7 12 1 1 1 9 7 12 1 1 1 9 12 1 1 9 12 1 1 9 12 1 1 9 12 1 1 10 7 12 1 1 1 10 12 1 1 10 12 1 10 12 1 10 12 1 1 10 12 1 10 12 11 7 12 1 1 1 10 12 1 1 100 1 10 12 1 10 12 1 1 10 100 12 1 1 1 10 100 12 1 1 18 12 1 1 8 1 18 12 1 10 12 1 10 12 1 100 1 8 1 10 11 12 1 1 10 12 1 7 1 10 12 1 11 12 1 11 12 100 1 8 1 10 8 1 10 12 1 1 10 12 1 8 1 10 100 1 8 1 8 1 8 1 10 12 1 8 1 8 1 10 12 1 1 1 1 1 1 1 1 1 1 1 1 1 1 1 1 1 1 1 1 1 1 15 10 100 12 1 1 8 1 8 1 1 1 100 1 100 1 1 1 100 1 8 1 1 12 10 1 1 1 8 1 1
ciInstanceKlass com/sun/javafx/util/Logging 1 1 59 10 100 12 1 1 1 9 7 12 1 1 1 8 1 10 7 12 1 1 1 9 12 1 8 1 9 12 1 8 1 9 12 1 8 1 9 12 1 8 1 9 12 1 8 1 1 1 1 1 1 1 1 1 1 1 1 1 1
instanceKlass com/sun/javafx/binding/Logging$ErrorLogger
ciInstanceKlass com/sun/javafx/logging/PlatformLogger 1 1 144 9 7 12 1 1 1 10 7 12 1 1 1 9 7 12 1 1 1 9 12 1 9 12 1 9 12 1 9 12 1 9 12 1 9 12 1 9 7 12 1 1 1 11 7 12 1 1 1 7 1 10 12 1 10 7 12 1 1 1 10 12 1 1 10 12 1 11 12 1 1 10 7 12 1 1 9 12 1 1 9 12 1 1 11 7 12 1 1 1 11 12 1 1 11 12 1 1 11 12 1 100 1 10 10 12 1 1 100 1 11 12 1 11 12 1 7 1 10 1 1 1 1 1 1 1 1 1 1 1 1 1 1 1 1 1 1 1 1 1 1 1 1 1
staticfield com/sun/javafx/logging/PlatformLogger loggers Ljava/util/Map; java/util/HashMap
ciInstanceKlass java/lang/AssertionError 0 0 79 10 100 12 1 1 1 10 12 1 10 100 12 1 1 1 10 100 1 100 1 10 12 1 1 10 12 1 10 12 1 10 12 1 10 12 1 10 12 1 10 12 1 10 12 1 1 1 1 5 0 1 1 1 1 1 1 1 1 1 1 100 1 1 1 1 1 1 1 1 1 1 1 1 1 1 1 1 1
ciInstanceKlass java/lang/System$Logger$Level 1 1 95 7 1 9 12 1 1 9 12 1 9 12 1 9 12 1 9 12 1 9 12 1 9 12 1 9 12 1 1 10 7 12 1 1 10 7 12 1 1 1 10 12 1 1 9 12 1 1 10 12 1 1 8 100 1 3 10 12 1 8 8 8 8 8 8 3 10 12 1 1 1 1 1 1 1 1 1 1 1 1 1 1 1 1 1 1 1 1 100 1 1 100 1 1 1
staticfield java/lang/System$Logger$Level ALL Ljava/lang/System$Logger$Level; java/lang/System$Logger$Level
staticfield java/lang/System$Logger$Level TRACE Ljava/lang/System$Logger$Level; java/lang/System$Logger$Level
staticfield java/lang/System$Logger$Level DEBUG Ljava/lang/System$Logger$Level; java/lang/System$Logger$Level
staticfield java/lang/System$Logger$Level INFO Ljava/lang/System$Logger$Level; java/lang/System$Logger$Level
staticfield java/lang/System$Logger$Level WARNING Ljava/lang/System$Logger$Level; java/lang/System$Logger$Level
staticfield java/lang/System$Logger$Level ERROR Ljava/lang/System$Logger$Level; java/lang/System$Logger$Level
staticfield java/lang/System$Logger$Level OFF Ljava/lang/System$Logger$Level; java/lang/System$Logger$Level
staticfield java/lang/System$Logger$Level $VALUES [Ljava/lang/System$Logger$Level; 7 [Ljava/lang/System$Logger$Level;
ciInstanceKlass com/sun/jmx/mbeanserver/MBeanIntrospector$PerInterfaceMap 1 1 25 10 7 12 1 1 1 100 1 1 1 1 1 1 1 1 1 1 1 1 1 100 1 1 1
ciInstanceKlass sun/reflect/generics/reflectiveObjects/ParameterizedTypeImpl 1 1 178 10 7 12 1 1 1 9 7 12 1 1 1 9 12 1 1 10 7 12 1 1 1 9 12 1 1 10 12 1 10 12 1 1 100 1 8 1 10 12 1 1 10 100 12 1 1 1 10 100 12 1 1 1 10 12 1 10 12 1 10 7 12 1 1 7 1 11 12 1 1 11 12 1 10 7 12 1 1 1 11 12 1 1 10 7 12 1 1 10 12 1 1 10 12 1 100 1 10 11 100 12 1 1 10 12 1 1 8 1 10 12 1 8 1 10 12 1 1 10 12 1 100 1 8 1 8 1 8 1 10 12 1 10 12 1 1 10 12 1 10 10 12 1 1 1 1 1 1 1 1 1 1 1 1 1 1 1 100 1 1 1 1 1 1 1 1 1 1 1 1 1 1 1 1 1 1 1
ciInstanceKlass sun/util/logging/internal/LoggingProviderImpl$JULWrapper 1 1 299 10 7 12 1 1 1 9 7 12 1 1 1 10 7 12 1 1 1 10 12 1 1 10 12 1 1 10 12 1 10 12 1 10 12 1 10 12 1 10 12 1 1 10 12 1 10 12 1 1 10 12 1 10 12 1 10 12 1 10 12 1 10 12 1 10 12 1 10 12 1 1 10 12 1 10 100 12 1 1 1 18 12 1 1 9 12 1 1 10 7 12 1 1 1 9 12 1 1 100 1 10 10 12 1 1 9 7 12 1 1 1 10 10 100 12 1 1 1 100 1 10 12 1 10 12 1 10 12 1 1 10 9 12 1 10 100 12 1 1 1 10 12 1 10 12 1 10 12 1 7 1 10 7 12 1 1 1 9 12 1 9 12 1 9 12 1 9 12 1 9 12 1 9 12 1 9 12 1 9 12 1 100 1 100 1 100 1 1 1 1 1 1 1 1 1 1 1 1 1 1 1 1 1 1 1 1 1 1 1 1 1 1 1 1 1 1 1 1 1 1 1 1 1 1 1 1 1 1 1 1 1 1 1 1 1 1 1 1 1 1 1 1 1 1 1 1 1 1 1 1 1 1 1 1 1 1 1 1 1 1 1 1 1 1 1 1 1 1 1 15 10 100 12 1 1 1 16 1 15 10 12 16 1 100 1 1 1 1 1 100 1 1 1 100 1 100 1 1
staticfield sun/util/logging/internal/LoggingProviderImpl$JULWrapper spi2JulLevelMapping [Ljava/util/logging/Level; 7 [Ljava/util/logging/Level;
staticfield sun/util/logging/internal/LoggingProviderImpl$JULWrapper platform2JulLevelMapping [Ljava/util/logging/Level; 9 [Ljava/util/logging/Level;
staticfield sun/util/logging/internal/LoggingProviderImpl$JULWrapper $assertionsDisabled Z 1
ciInstanceKlass sun/rmi/transport/tcp/TCPEndpoint 1 1 562 18 12 1 1 10 7 12 1 1 1 100 1 10 12 1 1 18 12 1 7 1 10 12 1 1 18 12 1 7 1 10 7 12 1 1 1 10 7 12 1 1 9 12 1 1 9 12 1 1 8 1 9 12 1 1 9 12 1 9 12 1 1 9 12 1 1 10 12 1 1 9 12 1 1 11 7 12 1 1 1 7 1 10 12 1 1 10 10 12 1 1 7 1 10 12 1 11 12 1 1 9 12 1 1 9 7 12 1 1 1 10 12 1 1 10 12 1 1 18 12 1 1 10 12 1 1 10 12 1 1 10 12 1 10 12 1 10 12 1 9 12 1 1 10 12 1 1 9 12 1 18 12 1 18 11 12 1 1 11 100 12 1 1 1 11 7 12 1 1 11 12 1 10 10 12 1 18 12 1 100 1 11 10 12 1 10 12 1 11 100 1 10 12 1 10 12 1 10 12 1 1 10 12 1 1 10 100 12 1 1 1 18 18 12 1 10 12 1 1 10 11 7 12 1 1 11 12 1 11 12 1 11 12 1 1 11 100 12 1 1 1 11 12 1 11 12 1 11 12 1 100 1 10 100 12 1 1 1 100 1 8 1 10 12 8 1 100 1 8 1 10 11 100 1 11 11 100 1 11 10 12 1 10 100 12 1 1 1 9 12 1 1 9 12 1 18 10 12 1 11 12 1 1 100 1 100 1 18 10 12 1 100 1 100 1 18 10 10 100 1 100 1 100 1 18 10 10 100 12 1 1 1 10 12 1 18 11 7 12 1 1 1 10 7 12 1 1 10 12 1 1 8 1 10 7 12 1 1 10 12 1 1 10 12 1 10 12 1 1 10 7 12 1 1 1 10 12 1 1 8 1 10 10 100 12 1 1 1 10 12 1 18 12 1 7 1 10 100 1 1 1 1 1 3 1 3 1 1 1 1 1 1 1 1 1 1 1 1 1 1 1 1 1 1 1 1 100 1 1 1 1 1 1 1 1 1 1 1 1 100 1 1 1 1 1 1 1 1 1 1 1 1 1 1 1 1 1 1 1 1 1 1 1 1 100 1 1 1 1 1 1 1 1 1 1 1 1 1 1 1 1 1 1 1 1 1 1 1 1 1 1 1 1 1 1 1 1 100 1 1 1 1 15 10 7 12 1 1 1 16 15 10 12 16 1 15 10 12 16 1 15 10 12 16 15 10 100 12 1 1 8 1 8 1 8 1 8 1 8 1 8 1 8 1 8 1 8 1 8 1 8 1 8 1 1 1 100 1 100 1 1
staticfield sun/rmi/transport/tcp/TCPEndpoint localEndpoints Ljava/util/Map; java/util/HashMap
ciInstanceKlass javafx/collections/ObservableList 1 1 150 100 1 10 12 1 1 100 1 10 12 1 100 1 10 12 1 11 100 12 1 1 1 100 1 100 1 100 1 1 1 1 1 1 1 1 1 1 1 1 1 1 1 1 1 1 1 1 1 1 1 1 1 1 1 1 1 1 100 1 8 1 1 12 10 1 1 1 8 1 1 8 1 1 8 1 1 8 1 1 8 1 1 1 8 1 1 1 8 1 1 8 1 1 1 8 1 1 1 8 1 1 1 8 1 1 1 8 1 1 8 1 1 1 8 1 1 8 1 1 1 8 1 1 8 1 1 1 8 1 1 8 1 1 8 1 1 1 8 1 1 8 1 1 8 1 1 1 8 1
ciInstanceKlass javafx/collections/ObservableSet 1 0 76 100 1 100 1 100 1 100 1 1 1 1 1 1 1 1 1 1 100 1 8 1 1 12 10 1 1 1 8 1 1 8 1 1 1 8 1 1 1 8 1 1 1 8 1 1 1 8 1 1 8 1 1 1 8 1 1 8 1 1 1 8 1 1 8 1 1 8 1 1 8 1 1 1 8 1
instanceKlass com/sun/javafx/stage/EmbeddedWindow
instanceKlass javafx/stage/PopupWindow
instanceKlass javafx/stage/Stage
ciInstanceKlass javafx/stage/Window 1 1 682 10 100 12 1 1 1 9 100 12 1 1 1 10 100 12 1 1 1 9 7 12 1 1 1 10 7 12 1 1 1 9 12 1 1 10 7 12 1 1 1 9 12 1 1 7 1 10 12 1 9 12 1 1 9 12 1 1 7 1 8 1 10 12 1 9 12 1 8 1 9 12 7 1 8 1 10 12 1 9 12 1 7 1 8 1 10 12 1 9 12 1 7 1 8 1 10 9 12 9 12 1 8 1 7 1 6 0 9 12 9 12 1 8 1 9 12 9 12 1 8 1 9 12 9 12 1 8 1 9 12 7 1 10 9 12 1 1 7 1 10 9 12 1 1 7 1 10 9 12 1 9 12 1 7 1 10 7 12 1 1 1 10 12 1 9 12 1 1 10 12 1 10 7 12 1 1 9 12 1 1 9 12 1 1 10 12 1 1 10 100 12 1 1 1 10 12 1 1 10 7 12 1 1 1 6 0 10 10 12 1 10 10 12 1 1 10 12 1 10 12 1 10 12 1 1 10 7 12 1 1 10 6 0 10 12 1 10 6 0 10 12 1 1 4 4 10 12 1 1 10 12 1 1 10 7 12 1 1 1 10 7 12 1 1 10 100 12 1 1 1 10 10 12 10 12 1 1 10 12 10 10 12 1 10 12 1 1 10 12 1 10 12 1 10 12 1 10 12 1 10 7 1 11 100 12 1 1 10 10 12 1 9 12 1 1 100 1 10 10 7 12 1 1 1 11 100 12 1 1 10 12 1 1 9 12 1 1 11 12 1 1 11 12 1 10 12 10 12 1 10 12 1 10 12 1 1 9 12 1 100 1 10 12 1 10 12 1 1 10 7 1 9 12 1 1 10 100 1 100 1 10 10 12 1 9 12 1 100 1 10 10 12 1 9 12 1 100 1 10 10 12 1 9 12 1 100 1 10 10 12 1 9 12 1 100 1 10 10 7 12 1 1 1 10 12 1 10 12 1 10 12 1 1 10 7 12 1 1 1 9 12 1 100 1 10 10 12 1 7 1 9 12 1 10 12 1 1 10 7 12 1 1 1 10 100 12 1 1 1 10 12 1 10 12 1 10 12 1 10 12 1 9 12 1 1 10 12 1 7 1 8 10 12 1 10 10 7 12 1 1 1 11 7 12 1 1 1 9 12 1 1 10 12 1 11 12 1 11 12 1 10 12 1 10 12 1 10 12 1 1 10 12 1 10 12 10 7 12 1 1 1 10 12 1 1 10 10 12 1 1 10 10 7 12 1 1 10 12 1 1 9 12 1 10 12 1 1 7 1 10 10 12 1 1 100 1 1 1 1 1 1 1 1 1 1 1 1 1 1 1 1 1 1 1 1 1 1 1 1 1 1 1 1 1 1 1 1 1 1 1 1 1 1 1 1 1 1 1 1 1 1 1 1 1 1 1 1 1 1 1 1 1 1 1 1 1 1 1 1 1 1 1 1 1 1 1 1 1 1 1 1 1 1 1 1 1 1 1 1 1 1 1 1 1 1 1 1 1 1 1 1 1 1 1 1 1 1 1 100 1 1
staticfield javafx/stage/Window USER_DATA_KEY Ljava/lang/Object; java/lang/Object
staticfield javafx/stage/Window $assertionsDisabled Z 1
instanceKlass javafx/scene/control/TableColumn$2
instanceKlass javafx/scene/control/TableColumn$4
instanceKlass javafx/scene/control/TableColumn$3
instanceKlass javafx/scene/control/TableColumn$5
instanceKlass javafx/scene/control/TableColumnBase$3
instanceKlass javafx/scene/control/TableView$7
instanceKlass javafx/scene/control/TableView$5
instanceKlass javafx/scene/control/TableView$6
instanceKlass javafx/scene/control/TableView$9
instanceKlass javafx/scene/control/skin/VirtualFlow$8
instanceKlass javafx/scene/control/ComboBox$2
instanceKlass javafx/concurrent/EventHelper$6
instanceKlass javafx/concurrent/EventHelper$5
instanceKlass javafx/concurrent/EventHelper$4
instanceKlass javafx/concurrent/EventHelper$3
instanceKlass javafx/concurrent/EventHelper$2
instanceKlass javafx/concurrent/EventHelper$1
instanceKlass javafx/scene/Scene$11
instanceKlass com/sun/javafx/scene/EventHandlerProperties$EventHandlerProperty
instanceKlass javafx/scene/control/Control$4
instanceKlass javafx/scene/transform/Transform$4
instanceKlass javafx/beans/property/ReadOnlyObjectWrapper
ciInstanceKlass javafx/beans/property/SimpleObjectProperty 1 1 51 9 7 12 1 1 1 9 12 1 1 9 12 1 8 1 10 12 1 1 10 12 1 10 7 12 1 1 10 12 1 1 1 1 1 1 1 1 1 1 1 1 100 1 100 1 1 1 1 1 1
staticfield javafx/beans/property/SimpleObjectProperty DEFAULT_BEAN Ljava/lang/Object; null
ciInstanceKlass javafx/css/Styleable 1 1 27 100 1 100 1 1 1 1 1 1 1 1 1 1 1 1 1 1 1 1 1 1 1 1 1 1 1
instanceKlass javafx/scene/shape/Shape3D
instanceKlass javafx/scene/Camera
instanceKlass javafx/scene/image/ImageView
instanceKlass javafx/scene/shape/Shape
instanceKlass javafx/scene/SubScene
instanceKlass javafx/scene/Parent
ciInstanceKlass javafx/scene/Node 1 1 3315 7 1 10 7 12 1 1 1 10 12 1 1 9 12 1 1 11 7 12 1 1 1 10 12 1 1 10 7 12 1 1 1 10 12 1 1 10 7 12 1 1 11 12 1 11 12 1 11 12 1 11 12 1 9 12 1 1 9 7 12 1 1 1 10 12 1 1 9 12 1 10 7 12 1 1 10 12 1 10 12 1 1 10 12 1 9 12 1 9 12 1 9 12 1 9 12 1 10 12 1 1 10 12 1 9 12 1 1 9 7 12 1 1 1 10 12 1 1 9 12 1 10 12 1 10 12 1 1 9 7 12 1 1 9 12 1 10 12 1 1 10 7 12 1 1 1 10 7 12 1 1 10 7 1 10 12 1 18 12 1 1 10 7 12 1 1 1 9 12 1 10 12 1 1 9 12 1 10 12 1 1 10 12 1 1 10 12 1 1 10 12 1 1 9 12 1 10 12 1 10 7 12 1 1 1 10 12 1 1 9 12 1 10 12 1 10 12 1 1 10 12 1 1 9 12 1 10 12 1 1 9 12 1 10 12 1 1 10 7 12 1 1 1 10 12 1 9 12 1 10 12 1 10 12 1 1 10 12 1 10 12 1 1 9 12 1 10 12 1 10 12 1 9 12 1 10 12 1 1 10 12 1 1 10 12 1 1 9 12 1 1 7 1 10 12 1 10 7 12 1 1 1 11 7 1 10 12 1 1 9 12 1 1 11 12 1 1 11 12 1 1 10 12 1 1 10 7 12 1 1 1 9 12 1 1 10 12 1 7 1 10 12 1 1 7 1 10 12 10 12 1 10 7 1 9 12 1 1 10 12 1 1 10 12 1 10 12 1 10 12 1 10 12 1 1 10 12 1 1 10 12 1 9 12 1 1 10 12 1 10 12 1 10 12 1 1 10 12 1 9 12 1 1 10 7 12 1 1 9 12 1 1 10 12 1 1 10 100 12 1 1 10 10 12 1 10 12 1 10 10 10 10 12 1 1 10 7 1 9 12 1 1 10 7 1 10 9 12 1 1 10 12 1 9 12 1 8 1 7 1 10 12 1 10 12 1 1 10 7 12 1 9 12 1 1 10 12 7 1 10 12 1 10 12 1 1 10 7 1 9 12 1 1 9 12 1 1 10 7 12 1 1 1 10 12 1 1 10 10 12 1 1 10 7 12 1 9 12 1 1 10 12 7 1 10 12 1 10 12 1 9 12 1 1 10 100 1 100 1 10 12 1 10 12 1 9 12 1 1 10 10 10 12 1 10 10 10 12 1 9 12 1 1 10 10 10 12 1 9 12 1 1 10 10 10 12 1 9 12 1 1 10 12 1 1 10 10 9 7 12 1 1 10 9 12 1 10 12 1 9 12 1 10 12 1 10 12 1 10 10 12 1 9 12 1 7 1 8 10 12 1 10 12 1 1 10 7 1 9 12 1 1 10 10 12 1 7 1 10 10 10 12 1 10 10 12 1 10 10 100 12 1 1 1 10 12 1 1 10 100 12 1 1 1 10 12 1 1 100 1 10 12 1 100 1 10 11 7 1 10 12 1 10 12 1 9 12 1 1 9 7 12 1 1 10 12 1 10 12 1 10 12 1 1 11 7 12 1 1 1 11 12 1 10 12 1 10 12 1 10 12 1 10 12 1 10 12 1 10 12 1 10 12 10 100 12 1 1 1 100 1 10 10 100 12 1 1 1 10 12 1 1 10 100 12 1 1 10 12 1 10 12 1 10 12 1 10 7 12 1 1 1 9 12 1 10 7 12 1 1 10 12 10 12 10 12 10 12 1 10 12 1 1 10 12 1 1 10 12 1 1 10 7 12 1 1 1 10 12 1 10 10 10 12 1 1 10 10 12 1 10 10 12 1 1 10 12 1 100 1 8 1 10 12 10 12 1 1 18 12 1 1 10 12 1 1 10 12 1 9 12 1 1 10 7 12 1 1 1 10 12 1 1 10 10 12 1 10 12 1 10 10 12 1 10 12 1 10 10 12 1 10 12 1 10 10 12 1 10 12 1 10 10 12 1 1 100 1 8 1 10 10 12 1 1 8 1 9 12 1 10 12 1 10 12 1 9 100 12 1 1 1 10 100 12 1 1 8 1 10 12 10 100 12 1 1 10 12 1 1 10 9 12 1 1 10 7 12 1 1 1 7 1 4 10 12 1 10 7 1 10 7 1 10 9 12 1 1 9 12 1 10 9 12 1 9 12 1 9 12 1 9 12 1 9 12 1 9 12 1 9 12 1 1 7 1 10 9 12 1 1 7 1 10 9 12 1 7 1 10 9 12 1 1 9 12 1 9 12 1 7 1 10 9 12 1 1 10 12 1 1 9 12 1 10 12 1 9 12 1 7 1 10 10 12 1 9 12 1 7 1 10 10 12 1 9 12 1 7 1 10 10 12 1 1 10 7 1 10 12 1 10 10 12 1 10 7 12 1 1 1 9 7 12 1 1 1 10 7 12 1 1 1 10 12 1 18 12 1 10 12 1 10 12 1 1 10 12 1 10 10 12 1 1 10 10 12 1 10 12 1 1 6 0 10 12 1 10 12 1 10 12 1 10 12 1 10 12 1 9 100 12 1 1 1 10 12 1 1 10 7 12 1 1 1 10 12 1 10 12 1 6 0 10 12 1 10 12 1 100 1 10 12 1 9 12 1 1 100 1 10 12 1 10 12 1 10 12 1 10 12 1 10 12 1 10 100 1 10 7 12 1 1 10 12 1 10 12 1 10 12 1 10 12 1 10 12 1 10 12 1 10 12 1 10 12 1 9 12 1 1 10 7 12 1 1 10 12 1 1 9 12 1 1 10 12 1 10 12 1 10 12 1 10 10 12 1 10 12 1 1 10 12 1 10 12 1 1 10 12 10 12 1 10 12 10 12 1 9 12 1 1 10 12 1 1 10 100 12 1 1 10 12 1 1 10 10 12 1 10 12 1 6 0 10 12 1 10 12 1 10 10 12 1 10 12 1 10 10 12 1 10 12 1 7 1 10 12 1 10 12 1 9 7 12 1 1 10 12 1 9 12 1 1 10 7 12 1 1 10 12 1 10 12 1 10 12 1 10 12 1 10 12 1 1 10 12 1 10 12 1 10 12 1 10 12 1 10 12 10 12 10 12 1 10 12 1 10 10 10 10 10 10 10 10 10 10 12 1 1 10 12 1 1 10 12 1 10 12 1 10 12 1 10 12 1 10 10 12 1 10 12 1 1 9 12 1 1 10 12 1 1 7 1 10 12 1 10 12 1 10 12 1 1 10 12 1 10 10 10 12 1 10 12 1 10 12 1 7 1 10 12 1 10 12 1 10 12 1 10 12 1 1 10 12 1 10 12 1 1 10 12 1 9 12 1 1 9 7 12 1 1 1 9 12 1 10 12 1 1 100 1 10 12 10 7 12 1 1 10 12 1 10 12 1 1 10 12 1 10 12 1 1 10 10 7 1 10 10 10 12 1 1 10 12 10 100 12 1 1 1 10 12 1 1 10 7 1 10 10 12 1 10 12 1 1 10 7 12 1 1 1 10 12 10 12 1 10 12 10 12 1 10 12 1 10 12 1 10 12 9 12 9 12 10 12 10 12 1 10 12 1 1 10 12 10 12 10 12 1 1 10 100 12 1 1 10 100 12 1 1 1 10 12 1 10 12 10 12 10 12 1 10 12 1 10 12 1 10 12 1 10 12 1 10 12 10 12 10 12 10 12 1 10 12 10 12 10 12 10 12 1 9 12 1 10 12 1 10 12 1 10 12 1 10 12 10 10 10 10 12 1 10 12 1 1 10 12 1 1 10 12 1 10 12 1 10 12 1 10 12 1 10 12 1 10 12 1 10 12 1 10 12 1 10 12 1 10 12 1 10 12 1 10 12 10 12 1 10 12 1 1 10 12 1 1 10 12 1 10 12 1 11 12 1 1 11 7 12 1 1 11 12 1 10 12 1 1 10 12 1 1 10 12 1 10 10 10 10 10 12 10 12 10 12 1 10 12 1 10 7 12 1 1 1 10 12 1 10 12 1 10 12 1 1 10 12 1 10 12 1 10 12 1 1 10 7 12 1 1 1 10 12 1 1 10 12 1 1 10 12 1 10 10 6 0 6 0 10 12 1 6 0 6 0 10 12 1 10 10 10 12 1 10 12 1 1 10 10 12 1 10 10 10 12 1 10 10 10 12 1 10 10 10 12 1 10 10 10 12 1 10 10 10 12 1 10 10 10 12 1 10 10 10 12 1 9 12 1 1 10 10 10 12 1 10 10 10 12 1 10 10 10 10 9 12 1 1 9 100 12 1 1 10 12 1 1 10 7 12 1 1 1 10 12 1 10 12 1 9 12 1 9 7 12 1 1 7 1 10 12 1 10 12 1 1 9 12 1 9 12 1 9 12 1 1 7 1 10 10 12 1 1 10 12 1 10 12 1 1 10 12 1 10 10 12 1 10 12 1 10 12 1 10 12 1 10 12 1 10 12 1 10 10 12 1 10 10 10 12 1 9 12 1 7 1 10 10 12 1 9 12 1 7 1 10 10 12 1 10 12 1 10 10 12 1 10 12 1 10 10 12 1 10 12 1 10 10 12 1 10 12 1 10 10 12 1 10 12 1 10 10 12 1 10 12 1 10 10 12 1 10 12 1 10 10 12 1 10 12 1 10 10 12 1 10 12 1 10 10 12 1 10 12 1 10 10 12 1 10 12 1 10 10 12 1 10 12 1 10 10 12 1 10 12 1 10 10 12 1 10 12 1 10 10 12 1 10 12 1 10 10 12 1 10 12 1 10 10 12 1 10 12 1 10 10 12 1 10 12 1 10 10 12 1 10 12 1 10 10 12 1 10 12 1 10 10 12 1 10 12 1 10 10 12 1 10 12 1 10 10 12 1 10 12 1 10 10 12 1 10 12 1 10 10 12 1 10 12 1 10 10 12 1 10 12 1 10 10 12 1 10 12 1 10 10 12 1 10 12 1 10 10 12 1 10 12 1 10 10 12 1 10 12 1 10 10 12 1 10 12 1 10 10 12 1 10 12 1 10 10 12 1 10 12 1 10 10 12 1 10 12 1 10 10 12 1 9 12 1 1 10 12 1 1 10 10 7 1 10 12 1 10 10 9 12 1 1 10 12 1 1 10 12 1 10 12 1 1 10 10 12 1 9 12 1 7 1 10 10 12 1 10 12 1 10 12 1 10 12 1 1 10 12 1 1 10 12 1 1 100 1 10 10 12 1 10 12 1 11 10 12 1 1 10 12 1 10 100 12 1 1 10 12 1 8 1 8 1 8 1 8 1 10 12 1 10 10 7 12 1 1 1 9 12 1 1 10 12 1 10 12 1 9 12 1 10 12 1 1 9 12 1 9 12 1 10 12 1 9 12 1 9 12 1 9 12 1 1 9 7 12 1 9 12 1 10 12 1 1 10 12 1 10 12 1 10 12 1 1 10 10 12 1 10 12 1 10 12 1 10 12 1 10 12 1 9 12 1 1 10 7 1 10 12 10 7 1 10 10 10 12 1 18 12 1 10 12 1 9 12 1 100 1 10 10 12 1 7 1 10 9 12 1 10 7 12 1 1 1 10 12 1 10 12 1 10 12 1 10 12 1 9 12 1 1 10 12 1 7 1 8 10 12 1 10 12 9 12 1 1 18 12 1 1 11 7 12 1 1 1 10 12 1 1 7 1 10 12 1 9 12 1 10 7 1 10 9 12 1 9 12 1 10 12 1 10 12 1 10 12 1 1 10 12 1 1 10 7 1 10 12 1 9 100 12 1 1 1 9 7 12 1 1 1 10 12 1 1 10 7 12 1 1 1 8 1 10 12 1 10 12 1 11 12 10 12 1 1 9 12 9 12 1 10 12 1 11 7 1 11 9 12 1 1 10 12 1 1 10 12 1 9 12 1 10 9 10 9 10 12 1 1 9 12 1 10 12 1 10 12 10 12 1 1 11 11 9 7 12 1 1 1 10 12 1 10 12 1 10 12 1 9 7 12 1 1 1 10 12 1 9 12 1 8 10 12 1 9 12 1 1 9 7 12 1 1 10 12 1 1 10 12 1 10 12 1 9 12 1 10 12 1 10 12 1 9 12 1 10 12 1 10 9 12 1 10 100 1 10 12 1 1 10 12 10 12 10 12 10 12 10 12 1 1 10 12 1 9 12 1 10 100 1 10 12 100 1 9 12 1 100 1 10 12 1 10 12 1 10 12 1 1 10 12 1 1 10 100 12 1 1 1 10 12 1 1 100 1 10 10 12 1 11 12 1 10 12 1 1 100 1 10 12 1 11 100 12 1 1 100 1 7 1 8 1 10 12 1 1 8 1 10 7 12 1 1 7 1 10 10 12 1 1 9 7 12 1 1 9 7 12 1 1 8 10 7 12 1 1 1 9 12 1 1 8 9 12 1 8 9 12 1 8 9 12 1 8 1 9 12 1 8 1 9 12 1 8 1 9 12 1 18 12 1 100 1 100 1 1 1 1 1 1 1 1 1 1 1 1 1 6 0 1 1 1 6 0 1 1 1 1 1 3 1 3 1 1 1 3 1 1 1 1 1 1 1 1 1 1 1 1 1 100 1 100 1 1 1 1 1 1 1 1 1 1 1 1 1 1 1 1 100 1 1 1 1 1 1 1 1 1 1 1 100 1 1 1 1 1 1 1 1 1 1 1 1 1 1 100 1 1 1 1 1 1 1 100 1 1 1 1 1 1 1 1 1 1 1 1 1 1 1 1 1 1 1 1 1 1 1 1 1 1 1 1 1 1 1 1 1 1 1 1 1 1 1 1 1 1 1 1 1 1 1 1 1 1 1 1 1 1 1 1 1 1 1 1 1 1 1 1 1 1 1 1 1 1 1 1 1 1 1 1 1 1 1 1 1 1 1 1 1 1 1 1 1 1 1 1 1 1 1 1 1 1 1 1 1 1 1 1 1 1 1 1 1 1 1 1 1 1 1 1 1 1 1 1 1 1 1 1 1 1 100 1 1 1 1 1 1 1 1 1 1 1 1 100 1 1 1 1 1 1 1 1 1 1 1 1 1 1 1 1 1 1 1 1 1 1 1 1 1 100 1 1 1 1 1 1 1 1 1 1 1 1 1 1 1 1 1 1 1 1 1 1 1 1 1 1 1 1 1 1 1 1 1 1 1 1 1 1 1 1 1 1 1 1 100 1 100 1 100 1 100 1 100 1 100 1 100 1 100 1 100 1 100 1 100 1 100 1 100 1 100 1 100 1 100 1 100 1 100 1 100 1 100 1 100 1 100 1 100 1 100 1 100 1 100 1 100 1 100 1 100 1 100 1 100 1 100 1 100 1 100 1 100 1 100 1 100 1 100 1 1 15 10 100 12 1 1 8 1 15 10 7 12 1 1 1 16 15 10 12 8 1 8 1 16 15 10 12 16 15 10 12 1 100 1 1 1 1 1 1 1 1 1 1 1 1 1 1 100 1 1 100 1 1 1 100 1 100 1 1
staticfield javafx/scene/Node USER_DATA_KEY Ljava/lang/Object; java/lang/Object
staticfield javafx/scene/Node DEFAULT_ROTATION_AXIS Ljavafx/geometry/Point3D; javafx/geometry/Point3D
staticfield javafx/scene/Node DEFAULT_CACHE_HINT Ljavafx/scene/CacheHint; javafx/scene/CacheHint
staticfield javafx/scene/Node DEFAULT_CLIP Ljavafx/scene/Node; null
staticfield javafx/scene/Node DEFAULT_CURSOR Ljavafx/scene/Cursor; null
staticfield javafx/scene/Node DEFAULT_DEPTH_TEST Ljavafx/scene/DepthTest; javafx/scene/DepthTest
staticfield javafx/scene/Node DEFAULT_EFFECT Ljavafx/scene/effect/Effect; null
staticfield javafx/scene/Node DEFAULT_INPUT_METHOD_REQUESTS Ljavafx/scene/input/InputMethodRequests; null
staticfield javafx/scene/Node HOVER_PSEUDOCLASS_STATE Ljavafx/css/PseudoClass; com/sun/javafx/css/PseudoClassImpl
staticfield javafx/scene/Node PRESSED_PSEUDOCLASS_STATE Ljavafx/css/PseudoClass; com/sun/javafx/css/PseudoClassImpl
staticfield javafx/scene/Node DISABLED_PSEUDOCLASS_STATE Ljavafx/css/PseudoClass; com/sun/javafx/css/PseudoClassImpl
staticfield javafx/scene/Node FOCUSED_PSEUDOCLASS_STATE Ljavafx/css/PseudoClass; com/sun/javafx/css/PseudoClassImpl
staticfield javafx/scene/Node FOCUS_VISIBLE_PSEUDOCLASS_STATE Ljavafx/css/PseudoClass; com/sun/javafx/css/PseudoClassImpl
staticfield javafx/scene/Node FOCUS_WITHIN_PSEUDOCLASS_STATE Ljavafx/css/PseudoClass; com/sun/javafx/css/PseudoClassImpl
staticfield javafx/scene/Node SHOW_MNEMONICS_PSEUDOCLASS_STATE Ljavafx/css/PseudoClass; com/sun/javafx/css/PseudoClassImpl
staticfield javafx/scene/Node boundsAccessor Lcom/sun/javafx/scene/BoundsAccessor; javafx/scene/Node$$Lambda$179+0x000002313d14fd78
instanceKlass javafx/scene/Group
instanceKlass javafx/scene/layout/Region
ciInstanceKlass javafx/scene/Parent 1 1 900 10 7 12 1 1 1 7 1 10 7 12 1 1 1 10 12 1 1 11 7 12 1 1 1 9 12 1 1 9 100 12 1 1 1 18 12 1 1 10 100 12 1 1 1 9 7 12 1 1 1 10 12 1 1 9 12 1 10 12 1 1 9 12 1 1 11 7 1 11 12 1 1 7 1 10 10 12 1 1 9 12 1 1 10 12 1 1 9 12 1 1 11 12 1 11 10 12 1 1 11 12 1 9 12 1 10 12 1 9 12 1 10 12 1 1 10 12 1 18 10 12 1 1 10 100 12 1 1 1 18 12 1 18 100 1 8 1 10 12 1 1 11 12 1 1 11 7 12 1 1 11 12 1 1 18 12 1 9 12 1 10 7 12 1 1 11 10 12 1 1 11 12 1 1 18 12 1 1 10 100 12 1 1 1 9 12 1 9 12 1 7 1 10 12 10 12 1 11 12 1 10 12 1 9 12 1 1 11 100 12 1 1 8 1 9 12 1 11 12 1 11 11 12 1 10 7 12 1 1 1 10 12 1 1 10 12 1 1 9 12 1 1 9 7 12 1 1 10 7 12 1 1 10 7 1 9 12 1 10 9 12 1 10 12 1 10 12 1 1 10 12 1 10 12 1 10 12 1 1 10 7 12 1 1 10 12 1 1 10 7 12 1 1 1 10 12 1 1 10 12 1 10 12 1 1 10 12 1 1 10 12 1 10 12 1 1 10 12 1 1 9 12 1 1 10 12 1 1 9 12 1 9 12 1 10 12 1 1 9 12 1 1 100 1 8 10 12 1 9 12 1 10 12 1 10 7 12 1 1 1 10 12 1 10 12 1 1 10 12 1 10 12 1 10 12 1 9 12 1 10 9 12 1 6 0 9 12 1 1 9 12 1 9 12 1 9 12 1 10 12 1 1 10 12 1 10 12 1 10 12 1 10 12 1 1 10 100 12 1 1 10 12 1 10 100 12 1 1 1 10 12 1 10 12 1 10 12 1 10 12 1 1 10 12 1 10 12 1 10 12 1 10 12 1 10 12 1 10 12 1 10 10 10 12 1 6 0 9 12 1 1 9 7 12 1 1 1 10 12 1 10 12 1 10 12 1 10 12 1 10 12 1 10 12 1 9 12 1 10 7 12 1 1 1 11 10 12 9 12 1 1 9 7 12 1 9 12 10 12 1 10 12 1 1 11 12 1 1 7 1 9 12 1 9 10 12 1 1 10 12 10 7 1 10 7 1 7 1 10 12 10 12 1 10 7 12 1 1 1 7 1 10 10 12 1 7 1 10 9 12 1 1 9 12 1 9 7 12 1 1 1 10 12 1 1 10 10 12 1 10 7 12 1 1 1 10 7 12 1 1 9 12 1 10 12 1 9 12 1 1 10 9 12 1 10 12 1 10 12 1 10 12 1 10 12 10 12 1 10 12 1 10 12 1 10 12 1 10 12 1 10 12 1 10 12 1 1 10 12 1 6 0 6 0 10 12 1 10 12 1 1 10 9 12 1 10 10 10 12 1 1 9 12 1 9 12 1 9 12 1 9 12 1 9 12 1 9 12 1 9 12 1 1 10 12 1 1 10 12 1 10 12 1 1 10 12 1 9 12 1 10 12 1 10 12 1 10 12 1 10 100 12 1 1 9 12 1 1 9 100 12 1 1 1 9 12 1 10 12 1 1 100 1 10 12 1 9 12 1 10 100 1 10 12 1 1 10 12 1 1 10 12 1 8 1 10 7 12 1 1 1 9 12 1 7 1 10 10 12 1 1 1 1 3 1 3 1 1 1 1 1 1 1 1 3 1 3 1 3 1 3 1 3 1 3 1 1 1 1 1 1 1 1 1 1 1 1 1 1 100 1 1 1 1 1 1 1 1 1 1 1 1 1 1 1 1 1 1 1 1 1 1 1 1 1 1 1 1 1 1 1 1 1 1 1 1 1 1 1 1 1 15 10 100 12 1 1 8 1 8 1 8 1 8 1 8 1 15 10 100 12 1 1 1 16 1 15 10 12 16 1 100 1 1 100 1 100 1 1
staticfield javafx/scene/Parent warnOnAutoMove Z 0
instanceKlass javafx/scene/control/TableCell$1
instanceKlass javafx/scene/control/TableCell$2
instanceKlass javafx/scene/control/TableRow$1
instanceKlass javafx/scene/control/TableView$TableViewFocusModel$2
instanceKlass javafx/scene/control/ListCell$4
instanceKlass com/sun/javafx/scene/control/inputmap/InputMap$1
instanceKlass javafx/scene/Scene$FocusOwnerProperty
instanceKlass javafx/scene/Scene$3
instanceKlass javafx/scene/Node$ReadOnlyObjectWrapperManualFire
instanceKlass javafx/scene/Node$2
instanceKlass javafx/stage/Window$SceneModel
ciInstanceKlass javafx/beans/property/ReadOnlyObjectWrapper 1 1 47 10 7 12 1 1 1 10 12 1 10 12 1 10 12 1 9 7 12 1 1 1 7 1 10 12 1 10 12 1 10 1 1 1 1 1 1 1 1 1 1 1 1 1 1 1 1
ciInstanceKlass javafx/scene/paint/LinearGradient 1 1 336 9 7 12 1 1 1 9 12 1 9 12 1 9 12 1 9 12 1 1 9 12 1 1 9 12 1 1 9 12 1 10 7 12 1 1 1 9 7 12 1 1 10 7 12 1 1 1 10 12 1 1 10 12 1 11 7 12 1 1 1 11 12 1 1 10 12 1 1 10 7 12 1 1 9 12 1 1 10 7 12 1 1 1 10 12 1 1 11 12 1 1 9 12 1 1 5 0 5 0 10 7 12 1 1 1 5 0 5 0 10 12 1 11 12 1 1 11 7 12 1 1 11 12 1 1 10 100 1 8 1 10 12 1 10 100 12 1 1 1 10 12 1 1 8 1 8 1 8 1 9 100 12 1 1 1 10 12 1 8 1 8 1 10 12 1 10 12 1 10 12 1 1 8 1 10 12 1 1 100 1 8 1 10 8 1 10 100 12 1 1 1 10 12 1 100 1 18 12 1 1 10 10 10 12 1 1 100 1 10 10 12 1 8 1 9 100 12 1 1 1 10 12 1 1 8 1 10 10 12 1 1 10 12 1 1 8 1 8 1 10 12 1 8 1 9 12 1 8 1 8 1 8 1 8 1 8 1 8 1 10 12 1 9 12 1 9 12 1 9 9 12 1 10 100 12 1 1 1 10 12 1 1 10 12 1 1 1 1 1 1 1 1 1 1 1 1 1 1 1 1 1 100 1 1 1 1 1 1 1 1 1 1 1 100 1 1 1 1 1 15 10 100 12 1 1 8 1 1 1 1 100 1 100 1 1
instanceKlass javafx/scene/layout/GridPane
instanceKlass javafx/scene/layout/FlowPane
instanceKlass javafx/scene/layout/TilePane
instanceKlass javafx/scene/chart/Chart$1
instanceKlass javafx/scene/layout/BorderPane
instanceKlass javafx/scene/control/PopupControl$CSSBridge
instanceKlass javafx/scene/text/TextFlow
instanceKlass javafx/scene/layout/HBox
instanceKlass javafx/scene/layout/VBox
instanceKlass javafx/scene/layout/StackPane
ciInstanceKlass javafx/scene/layout/Pane 1 1 87 10 7 12 1 1 1 11 7 12 1 1 1 11 12 1 1 10 12 1 1 10 7 12 1 1 1 10 12 1 1 11 12 1 10 7 12 1 1 10 7 12 1 1 1 10 100 12 1 1 1 11 100 12 1 1 1 10 7 1 10 10 12 1 1 1 1 1 1 1 1 1 1 1 1 1 1 1 1 1 1 1 1 1 100 1 1
instanceKlass javafx/scene/control/skin/TableHeaderRow$1
instanceKlass javafx/scene/control/skin/TableHeaderRow
instanceKlass javafx/scene/control/skin/ScrollPaneSkin$6
instanceKlass javafx/scene/control/skin/ScrollPaneSkin$5
instanceKlass javafx/scene/control/skin/SliderSkin$2
instanceKlass javafx/scene/control/skin/ScrollBarSkin$1
ciInstanceKlass javafx/scene/layout/StackPane 1 1 283 7 1 8 1 10 12 1 1 10 12 1 1 7 1 8 1 7 1 10 12 1 1 10 12 1 1 10 7 12 1 1 1 9 12 1 1 10 12 1 1 11 100 12 1 1 1 9 12 1 1 7 1 9 12 1 1 10 12 1 10 12 1 1 10 7 12 1 1 1 10 12 1 1 10 12 1 1 9 12 1 1 10 12 1 1 11 7 12 1 1 1 11 7 12 1 1 1 11 12 1 7 1 10 12 1 1 9 7 12 1 1 10 12 1 1 10 12 1 1 9 12 1 1 10 12 1 1 10 12 1 10 12 1 10 12 1 10 12 1 1 10 12 1 1 10 12 1 6 0 10 12 1 10 12 1 1 10 12 1 10 12 1 1 10 12 1 10 12 1 9 7 12 1 1 1 18 12 1 1 10 12 1 1 11 12 1 1 11 12 1 10 12 1 10 12 1 1 10 12 1 1 9 7 12 1 1 1 10 12 1 10 100 12 1 1 1 18 12 1 1 1 1 1 1 1 1 1 1 1 1 1 1 1 1 1 1 1 1 1 100 1 1 1 100 1 1 1 1 1 1 1 1 1 1 100 1 1 15 10 7 12 1 1 1 16 1 15 10 12 16 1 15 10 12 16 1 1 100 1 100 1 1
staticfield javafx/scene/layout/StackPane marginAccessor Ljavafx/util/Callback; javafx/scene/layout/StackPane$$Lambda$181+0x000002313d1556e8
ciInstanceKlass javafx/css/StyleableProperty 1 0 19 100 1 100 1 100 1 1 1 1 1 1 1 1 1 1 1 1 1
ciInstanceKlass javafx/scene/Node$2 1 1 114 9 7 12 1 1 1 10 7 12 1 1 1 9 12 1 1 10 7 12 1 1 1 9 12 1 1 9 7 12 1 1 1 10 12 1 1 10 12 1 1 10 100 12 1 1 1 10 12 1 10 12 1 10 12 1 1 7 1 10 12 1 10 12 1 9 7 12 1 1 1 9 12 1 10 12 1 1 10 12 1 10 12 1 9 7 12 1 1 1 10 12 1 1 8 1 1 1 1 1 1 1 1 1 1 1 1 1 12 1 1 1 1 1
ciInstanceKlass javafx/scene/SubScene 0 0 589 9 100 12 1 1 1 10 100 12 1 1 1 10 100 12 1 1 10 100 12 1 1 1 9 12 1 1 9 12 1 1 9 12 1 100 1 10 12 9 12 1 1 9 12 1 1 100 1 10 9 12 1 1 9 12 1 9 12 1 10 12 1 1 10 12 1 1 10 12 1 9 12 1 10 100 12 1 1 1 10 100 12 1 1 1 8 1 10 12 1 1 10 100 12 1 1 1 10 12 1 1 8 1 10 12 1 1 10 100 12 1 1 1 9 12 1 10 12 1 1 100 1 100 1 10 10 12 1 9 12 1 100 1 100 1 10 10 12 1 1 100 1 9 12 1 1 100 1 10 10 12 1 10 12 1 1 10 12 1 10 12 1 10 12 1 9 100 12 1 1 1 10 12 1 1 10 12 1 1 10 100 12 1 9 12 1 1 10 12 100 1 10 10 12 1 9 12 1 100 1 10 10 12 1 9 12 1 100 1 100 1 10 12 1 10 12 1 10 12 1 1 100 1 10 12 1 10 12 1 1 10 12 1 10 12 1 9 12 1 10 12 1 1 10 12 1 1 11 100 12 1 1 1 10 12 1 9 12 1 10 12 1 10 12 9 12 1 10 100 1 10 12 1 1 9 12 1 10 12 1 1 10 10 12 1 10 12 1 10 12 1 10 12 1 10 12 1 9 12 1 1 9 100 12 1 1 9 10 12 1 1 10 12 1 9 100 12 1 1 1 10 12 1 10 12 1 1 9 12 1 10 100 1 8 10 12 1 100 1 10 12 1 10 12 1 10 10 12 1 10 100 12 1 1 1 10 100 12 1 1 1 10 100 12 1 1 1 10 10 12 1 1 10 12 1 10 10 12 1 10 100 12 1 1 1 10 12 1 1 9 12 1 10 100 12 1 1 10 12 1 10 12 1 1 10 12 1 1 100 1 10 100 1 10 10 12 1 1 10 12 1 1 10 100 12 1 1 10 12 1 1 10 12 1 1 10 12 1 1 10 100 12 1 1 1 10 12 1 10 12 1 1 10 100 12 1 1 10 12 1 10 12 1 1 10 12 1 1 10 12 1 10 12 1 1 11 100 12 1 1 1 9 12 1 11 12 1 11 12 1 10 12 1 1 11 12 1 10 12 1 1 11 12 1 100 1 11 12 1 100 1 10 100 1 10 10 12 1 1 9 100 12 1 1 1 10 100 12 1 1 1 1 1 1 1 1 1 1 1 1 1 1 1 1 1 1 1 1 1 1 1 1 1 1 1 100 1 1 1 1 1 1 1 1 1 1 1 1 1 1 1 100 1 1 1 1 100 1 1 1 1 1 1 1 1 100 1 1
ciInstanceKlass javafx/scene/layout/Region$3 1 1 87 9 7 12 1 1 1 10 7 12 1 1 1 9 7 12 1 1 1 9 12 1 8 1 9 100 12 1 1 1 10 12 1 1 10 12 1 1 10 12 1 1 10 12 1 100 1 8 1 10 12 1 10 12 1 1 9 7 12 1 1 1 10 7 12 1 1 1 1 1 1 1 1 1 1 1 1 1 1 1 1 1 1 1 1 1 1
instanceKlass com/sun/javafx/css/StyleClassSet
instanceKlass com/sun/javafx/css/PseudoClassState
ciInstanceKlass com/sun/javafx/css/BitSet 1 1 174 10 7 12 1 1 1 9 7 12 1 1 1 9 12 1 10 7 12 1 1 1 7 1 10 12 1 10 12 1 1 10 7 12 1 1 1 9 12 1 1 10 7 12 1 1 1 100 1 10 12 1 1 10 12 1 1 5 0 10 7 12 1 1 1 11 7 1 11 12 1 1 11 7 12 1 1 1 11 12 1 1 10 12 1 1 11 10 12 1 10 12 1 1 11 10 11 11 12 1 11 10 12 10 12 1 1 10 12 1 1 10 12 1 10 12 1 1 10 12 1 10 12 1 10 12 10 12 1 10 12 1 1 100 1 1 1 1 1 1 1 1 1 1 1 1 1 1 100 1 1 1 1 1 1 1 1 1 1 1 1 1 1 1 1 1 1 1 1 1 100 1 100 1
staticfield com/sun/javafx/css/BitSet EMPTY_SET [J 0
ciInstanceKlass com/sun/javafx/css/PseudoClassState 1 1 210 10 7 12 1 1 1 11 7 12 1 1 1 11 12 1 1 7 1 10 7 12 1 1 1 10 12 1 1 10 7 1 10 12 1 1 100 1 10 12 1 1 100 1 10 12 1 7 1 10 10 12 1 1 11 100 12 1 1 1 11 12 1 1 10 12 1 1 11 11 12 1 100 1 8 1 10 12 1 7 1 10 12 1 9 12 1 1 11 7 12 1 1 7 1 9 12 1 1 10 12 1 1 10 12 1 10 12 1 11 12 1 1 10 12 1 10 12 1 100 1 8 1 10 9 12 1 1 100 1 10 10 12 1 1 10 12 1 10 12 1 10 12 10 12 1 1 10 12 1 10 12 1 10 12 1 10 12 1 10 12 1 10 12 1 1 10 12 1 10 12 1 10 12 1 10 12 1 10 12 1 10 10 10 10 10 7 12 1 1 7 1 10 12 1 1 1 1 1 1 1 1 1 1 1 1 1 1 1 1
staticfield com/sun/javafx/css/PseudoClassState pseudoClassMap Ljava/util/Map; java/util/HashMap
staticfield com/sun/javafx/css/PseudoClassState pseudoClasses Ljava/util/List; java/util/ArrayList
staticfield com/sun/javafx/css/PseudoClassState $assertionsDisabled Z 1
ciInstanceKlass com/sun/javafx/css/PseudoClassImpl 1 1 27 10 7 12 1 1 1 9 7 12 1 1 1 9 12 1 1 1 1 1 1 1 1 1 1 1 1
ciInstanceKlass javafx/css/StyleOrigin 1 1 54 7 1 9 12 1 1 9 12 1 9 12 1 9 12 1 9 12 1 1 10 7 12 1 1 10 7 12 1 1 1 10 12 1 1 8 10 8 8 8 10 12 1 1 1 1 1 1 1 1 1 1 1 1
staticfield javafx/css/StyleOrigin USER_AGENT Ljavafx/css/StyleOrigin; javafx/css/StyleOrigin
staticfield javafx/css/StyleOrigin USER Ljavafx/css/StyleOrigin; javafx/css/StyleOrigin
staticfield javafx/css/StyleOrigin AUTHOR Ljavafx/css/StyleOrigin; javafx/css/StyleOrigin
staticfield javafx/css/StyleOrigin INLINE Ljavafx/css/StyleOrigin; javafx/css/StyleOrigin
staticfield javafx/css/StyleOrigin $VALUES [Ljavafx/css/StyleOrigin; 4 [Ljavafx/css/StyleOrigin;
instanceKlass com/sun/javafx/scene/control/DatePickerContent
ciInstanceKlass javafx/scene/layout/VBox 1 1 400 7 1 8 1 10 12 1 1 10 12 1 1 7 1 8 1 7 1 10 12 1 1 10 12 1 1 10 7 12 1 1 1 9 12 1 1 10 10 12 1 1 10 12 1 1 11 100 12 1 1 1 9 12 1 1 7 1 10 12 1 10 12 1 1 10 7 12 1 1 10 12 1 1 9 12 1 1 7 1 9 7 12 1 1 1 10 12 1 10 12 1 1 10 7 12 1 1 10 12 1 10 12 1 1 9 12 1 1 7 1 10 12 1 10 12 1 1 10 7 12 1 1 10 12 1 9 12 1 1 10 12 1 1 11 7 12 1 1 1 11 7 12 1 1 11 12 1 7 1 10 12 1 1 9 7 12 1 1 10 12 1 1 6 0 10 10 12 1 1 10 12 1 1 9 12 1 1 10 12 1 1 10 12 1 10 12 1 10 12 1 1 10 12 1 10 12 1 10 12 1 10 12 1 1 10 12 1 10 12 1 10 12 11 12 1 1 10 12 1 1 10 12 1 11 12 1 10 12 1 1 10 12 1 1 10 12 1 10 12 1 1 10 12 1 9 12 1 1 10 12 1 1 9 12 1 10 12 1 1 10 12 1 10 12 1 10 7 12 1 1 1 10 7 12 1 1 10 12 1 10 12 1 10 12 1 10 12 1 10 12 1 10 12 1 10 12 1 1 10 12 1 1 10 12 1 1 10 12 1 1 9 12 1 1 7 10 12 1 1 9 7 12 1 1 1 10 12 1 18 12 1 1 1 1 1 1 1 1 1 1 1 1 1 1 1 1 1 1 1 1 1 1 1 1 1 1 100 1 1 1 1 100 1 100 1 1 1 1 1 1 1 1 100 1 100 1 100 1 1 15 10 7 12 1 1 1 16 1 15 10 12 16 1 1 100 1 100 1 1
staticfield javafx/scene/layout/VBox marginAccessor Ljavafx/util/Callback; javafx/scene/layout/VBox$$Lambda$183+0x000002313d151dc8
ciInstanceKlass javafx/geometry/Insets 1 1 84 9 7 12 1 1 1 9 12 1 9 12 1 9 12 1 10 7 12 1 1 1 9 12 1 1 5 0 5 0 10 7 12 1 1 1 18 12 1 1 10 12 1 9 12 1 1 1 1 1 1 1 1 1 1 1 1 1 1 1 1 1 1 1 1 1 1 1 1 1 15 10 100 12 1 1 8 1 1 100 1 100 1 1
staticfield javafx/geometry/Insets EMPTY Ljavafx/geometry/Insets; javafx/geometry/Insets
ciInstanceKlass javafx/scene/Node$ReadOnlyObjectWrapperManualFire 1 1 35 9 7 12 1 1 1 10 7 12 1 1 1 8 1 10 12 1 1 1 1 1 1 1 1 1 1 1 1 1 1 7 1 1 1
ciInstanceKlass javafx/scene/layout/HBox 1 1 483 7 1 8 1 10 12 1 1 10 12 1 1 7 1 8 1 7 1 10 12 1 1 10 12 1 1 10 7 12 1 1 1 9 12 1 1 7 1 6 0 9 12 1 1 9 12 1 9 12 1 10 10 12 1 1 10 12 1 1 11 100 12 1 1 1 9 12 1 1 7 1 10 12 1 10 12 1 1 10 7 12 1 1 10 12 1 1 9 12 1 1 7 1 9 7 12 1 1 1 10 12 1 10 12 1 1 10 7 12 1 1 10 12 1 10 12 1 1 9 12 1 1 100 1 10 12 1 10 12 1 1 10 100 12 1 1 10 12 1 10 12 1 10 12 1 10 12 1 1 9 7 12 1 1 1 9 12 1 1 10 12 1 1 11 7 12 1 1 1 11 7 12 1 1 11 12 1 7 1 10 12 1 1 9 100 12 1 1 10 12 1 1 10 12 1 10 12 1 1 10 12 1 1 10 12 1 6 0 10 10 12 1 1 10 12 1 1 9 12 1 1 10 12 1 1 10 12 1 10 12 1 10 12 1 10 12 1 10 12 1 10 12 11 12 1 1 10 12 1 1 10 12 1 11 12 1 10 12 1 1 10 12 1 10 12 1 1 10 12 1 10 12 1 10 12 1 1 10 12 1 9 12 1 1 10 12 1 1 9 12 1 10 12 1 1 10 12 1 10 12 1 10 7 12 1 1 1 10 7 12 1 1 10 12 1 10 12 1 10 12 1 10 12 1 1 10 12 1 10 12 11 12 1 6 0 10 12 1 10 12 1 1 10 100 12 1 1 10 12 1 1 10 12 1 10 12 1 1 10 12 1 10 12 1 10 12 1 1 18 12 1 1 10 12 1 1 10 12 1 1 9 12 1 1 7 10 12 1 9 7 12 1 1 1 10 12 1 10 100 12 1 1 10 12 1 1 18 12 1 1 1 1 1 1 1 1 1 1 1 1 1 1 1 1 1 1 1 1 1 1 1 1 1 1 100 1 1 1 1 100 1 1 1 1 1 1 1 1 1 1 100 1 100 1 100 1 1 15 10 7 12 1 1 1 16 1 15 10 12 16 1 15 10 12 16 1 1 100 1 100 1 1
staticfield javafx/scene/layout/HBox marginAccessor Ljavafx/util/Callback; javafx/scene/layout/HBox$$Lambda$184+0x000002313d16dc10
ciInstanceKlass javafx/scene/text/Font 1 1 257 9 7 12 1 1 1 4 10 7 12 1 1 1 10 12 1 1 10 7 12 1 1 1 9 12 1 1 8 1 10 12 1 10 12 1 1 10 12 1 1 10 12 1 10 12 1 8 1 10 7 12 1 1 1 8 1 10 12 1 1 10 12 1 6 0 9 12 1 1 9 12 1 9 12 1 9 12 1 1 10 7 12 1 1 9 12 1 1 10 12 1 1 9 12 1 1 10 12 1 1 100 1 10 12 1 100 1 10 12 1 1 8 1 10 12 1 100 1 10 10 12 1 10 100 12 1 1 1 100 1 8 1 10 12 1 10 100 12 1 1 1 10 12 10 12 1 1 10 100 12 1 1 1 10 12 1 10 100 12 1 1 100 1 8 1 10 10 12 1 1 8 1 8 1 8 1 10 12 1 8 1 10 12 1 5 0 5 0 10 12 1 1 10 7 12 1 1 1 10 12 1 7 1 10 10 7 12 1 1 1 1 1 1 1 1 1 1 1 1 1 1 1 1 1 1 1 1 1 1 1 1 1 1 1 1 100 1 1 1 100 1 1 1 1 1 1 1 1 1 1 1 1 1 100 1 1
instanceKlass javafx/scene/Scene$2$1
ciInstanceKlass javafx/scene/Scene 1 1 2499 7 1 6 0 9 7 12 1 1 1 9 7 12 1 1 1 10 12 1 1 10 7 12 1 1 1 10 12 1 1 10 7 12 1 1 1 10 100 12 1 1 1 8 1 10 12 1 1 10 7 12 1 1 9 12 1 1 9 12 1 9 12 1 1 7 1 10 7 12 1 1 1 9 12 1 1 10 7 12 1 1 1 9 12 1 1 7 1 10 12 1 9 12 1 1 9 12 1 1 7 1 10 9 12 1 1 7 1 10 9 12 1 1 9 12 1 1 7 1 10 9 12 1 1 9 12 1 9 12 1 9 12 1 7 1 10 9 12 1 1 9 12 1 1 9 12 1 1 9 12 1 1 9 12 1 7 1 10 9 12 1 1 18 12 1 1 9 12 1 1 9 12 1 7 1 10 9 12 1 1 7 1 10 9 12 1 1 9 12 1 1 7 1 10 9 12 1 1 9 12 1 9 12 1 100 1 8 1 10 12 9 7 12 1 1 1 10 7 12 1 1 1 8 1 10 12 1 10 12 1 1 10 12 1 10 12 1 1 18 12 1 1 9 7 12 1 1 1 10 12 1 1 9 7 12 1 1 9 12 1 9 12 1 9 12 1 10 7 12 1 1 9 12 1 100 1 8 1 10 12 1 9 12 1 1 9 12 1 9 12 1 1 10 12 1 7 1 10 100 12 1 1 1 10 12 1 1 9 7 12 1 1 1 9 7 12 1 1 9 7 12 1 1 1 10 12 1 1 10 12 1 10 12 1 10 12 1 8 1 9 12 1 100 1 10 11 100 12 1 1 1 11 12 1 9 12 1 10 12 1 1 10 7 12 1 1 9 12 1 1 10 12 1 1 7 1 10 12 1 1 7 1 10 9 12 1 10 10 12 1 1 10 7 12 1 1 1 9 12 1 10 100 12 1 1 8 1 10 7 12 1 1 10 12 1 1 10 12 1 10 12 1 11 7 12 1 1 1 8 1 7 1 10 11 7 12 1 1 1 7 1 10 11 12 1 1 8 1 10 12 1 11 12 1 10 12 1 1 10 12 1 1 11 12 1 10 12 1 1 10 7 12 1 1 1 10 7 1 7 1 11 12 1 1 11 12 1 8 1 10 12 1 1 7 1 10 10 12 1 1 7 1 10 10 12 1 1 8 1 8 1 10 12 1 9 12 1 1 10 12 1 10 12 1 10 100 12 1 1 11 8 1 10 12 1 1 10 7 12 1 1 9 12 1 1 10 12 1 10 12 1 8 10 12 1 10 12 1 9 12 1 8 10 12 1 9 12 1 7 1 10 10 12 1 9 12 1 7 1 10 10 12 1 10 12 1 1 10 7 1 9 12 1 10 100 1 10 10 12 1 100 1 9 12 1 1 7 1 10 10 12 1 10 12 1 10 12 1 10 12 1 10 12 1 9 12 1 1 10 12 1 10 12 1 9 12 1 10 12 1 9 12 1 7 1 7 1 10 12 1 10 12 1 9 12 1 7 1 10 11 12 1 10 12 1 10 12 1 10 12 1 10 12 1 11 12 1 11 12 1 10 12 1 11 12 1 100 1 10 10 100 12 1 1 1 10 12 1 10 12 1 1 100 1 10 12 1 10 10 9 12 9 12 9 12 9 12 9 12 1 1 9 10 9 12 1 9 12 1 1 10 12 1 10 12 1 9 12 1 9 12 1 11 12 1 11 12 1 1 100 1 11 12 1 100 1 10 10 12 1 1 11 100 12 1 1 1 9 12 1 10 12 1 1 11 12 1 1 10 12 1 9 100 12 1 1 10 12 1 1 9 12 1 1 9 12 1 9 12 1 9 12 1 18 12 1 1 10 12 1 18 12 1 1 10 12 1 8 1 18 12 1 10 12 1 1 10 12 1 9 12 1 100 1 100 1 10 10 12 1 1 100 1 8 10 12 1 100 1 10 12 1 10 12 1 10 12 1 10 12 1 10 12 1 1 18 12 1 1 7 1 10 9 12 1 1 7 1 10 9 12 1 1 18 10 12 1 10 12 1 10 12 1 10 12 1 10 12 1 1 10 7 1 10 12 1 10 12 1 10 12 1 10 12 1 10 10 12 1 8 1 10 12 1 1 10 12 1 1 10 12 1 9 7 12 1 1 1 10 12 1 10 12 1 10 12 1 10 12 1 1 10 12 1 10 12 1 10 12 1 10 12 1 1 10 12 1 1 10 12 1 10 12 1 1 10 12 1 6 0 10 12 1 6 0 10 12 1 1 10 100 12 1 1 100 1 9 12 1 10 12 1 10 7 12 1 1 1 10 100 12 1 1 1 9 100 12 1 1 9 100 12 1 1 9 100 12 1 1 9 12 1 1 9 12 1 10 12 1 10 100 1 100 1 10 12 1 1 10 9 12 1 9 12 1 9 12 1 100 1 10 12 1 10 12 1 10 12 9 12 1 1 10 12 1 10 12 1 9 12 1 10 100 12 1 1 1 10 100 12 1 1 1 9 100 12 1 1 1 10 12 1 1 10 100 12 1 1 9 12 1 9 12 1 9 12 1 10 100 12 1 1 1 10 12 1 10 12 1 10 12 1 10 12 1 10 12 1 10 12 1 10 12 1 10 100 12 1 1 11 100 12 1 1 1 9 12 1 1 11 12 1 7 1 100 1 6 0 6 0 10 12 1 10 12 1 1 10 12 1 10 12 1 7 1 10 12 1 1 9 100 12 1 1 1 10 12 1 1 10 12 1 1 10 7 12 1 1 10 12 1 10 12 1 1 10 12 1 100 1 9 12 9 12 9 12 1 10 12 1 10 12 1 10 12 1 1 10 12 1 1 10 12 1 1 10 7 12 1 1 1 10 12 1 10 12 1 10 12 1 9 12 1 9 12 1 10 12 1 1 10 12 1 9 100 12 1 1 1 10 12 1 1 10 12 1 1 10 7 12 1 1 1 10 7 12 1 1 10 12 1 1 10 100 12 1 1 1 10 7 12 1 1 1 10 12 1 9 100 12 1 1 1 9 100 12 1 1 1 10 10 100 12 1 1 1 10 12 1 1 10 12 1 1 10 12 1 10 10 9 12 1 1 10 12 1 11 12 1 10 9 12 1 10 7 12 1 10 12 1 10 12 1 10 12 1 11 12 1 10 12 1 9 12 1 1 9 100 12 1 10 12 1 10 10 12 1 10 10 12 1 11 9 12 1 10 12 1 1 11 12 1 1 11 12 1 1 10 12 1 10 12 1 7 1 10 12 1 9 12 1 10 12 1 1 10 7 12 1 1 10 12 1 10 10 12 1 10 12 1 9 12 1 1 10 12 1 7 1 8 10 12 1 10 10 12 1 1 10 12 1 10 12 1 10 12 1 1 10 12 1 11 7 12 1 1 1 10 12 1 1 10 12 1 9 12 1 100 1 100 1 10 10 12 1 9 12 1 100 1 10 10 12 1 9 12 1 100 1 10 10 12 1 9 12 1 100 1 10 10 12 1 9 12 1 100 1 10 10 12 1 9 12 1 100 1 10 10 12 1 9 12 1 100 1 10 10 12 1 9 12 1 100 1 10 10 12 1 9 12 1 100 1 10 10 12 1 9 12 1 100 1 10 10 12 1 9 12 1 100 1 10 10 12 1 9 12 1 100 1 10 10 12 1 9 12 1 100 1 10 10 12 1 9 12 1 100 1 10 10 12 1 9 12 1 100 1 10 10 12 1 9 12 1 100 1 10 10 12 1 9 12 1 100 1 10 10 12 1 9 12 1 100 1 10 10 12 1 9 12 1 100 1 10 10 12 1 9 12 1 100 1 10 10 12 1 9 12 1 100 1 10 10 12 1 9 12 1 100 1 10 10 12 1 9 12 1 100 1 10 10 12 1 9 12 1 100 1 10 10 12 1 9 12 1 100 1 10 10 12 1 9 12 1 100 1 10 10 12 1 9 12 1 100 1 10 10 12 1 9 12 1 100 1 10 10 12 1 9 12 1 100 1 10 10 12 1 9 12 1 100 1 10 10 12 1 9 12 1 100 1 10 10 12 1 9 12 1 100 1 10 10 12 1 9 12 1 100 1 10 10 12 1 9 12 1 100 1 10 10 12 1 9 12 1 100 1 10 10 12 1 1 10 12 1 1 9 12 1 1 9 100 12 1 1 100 1 8 1 10 100 1 10 100 12 1 1 1 11 12 1 1 11 100 12 1 1 11 12 1 11 100 1 10 12 1 1 8 1 10 12 1 8 1 10 12 1 9 12 1 100 1 10 10 12 1 9 12 1 100 1 10 10 12 1 9 12 1 100 1 10 10 12 1 9 12 1 100 1 10 9 12 1 1 10 100 12 1 1 1 11 100 1 10 12 1 9 12 1 11 11 12 10 12 1 9 12 1 9 12 1 1 7 1 100 1 10 12 1 9 12 1 10 12 1 1 9 12 1 1 100 1 10 10 12 1 9 12 1 10 12 1 10 12 1 10 12 1 10 12 1 7 1 10 12 1 10 10 12 1 9 12 1 9 12 1 11 12 1 1 11 100 1 11 12 1 11 12 1 9 9 12 1 1 8 1 10 100 12 1 1 8 1 11 10 100 12 1 1 1 10 12 1 1 100 1 10 10 12 1 10 12 1 1 10 100 1 8 1 10 7 12 1 1 1 10 12 1 10 12 100 1 10 12 1 11 100 12 1 1 100 1 7 1 8 1 10 12 1 1 18 12 1 10 12 1 1 11 100 12 1 8 1 11 10 12 1 7 1 10 10 12 1 1 7 1 10 10 7 12 1 1 9 12 1 18 12 1 10 12 1 10 12 1 9 12 1 1 1 1 1 1 3 1 3 1 1 1 1 1 1 1 1 1 1 1 1 1 1 1 1 1 1 1 1 1 1 1 1 1 1 1 1 1 1 1 1 1 1 1 1 1 1 1 1 1 1 1 1 1 1 1 1 1 1 1 1 1 1 1 1 1 1 1 1 1 1 1 1 1 1 1 1 1 1 1 1 1 1 1 1 1 1 1 1 1 1 1 1 1 1 1 1 1 1 1 1 1 1 1 1 1 1 1 100 100 1 1 1 1 1 1 1 1 1 1 1 1 1 1 1 1 1 1 1 1 1 100 1 1 1 1 1 1 1 1 1 1 1 1 1 1 1 1 1 1 1 1 1 1 1 1 1 1 1 1 1 1 1 1 1 1 1 1 1 1 1 1 1 1 1 1 1 1 1 1 1 1 1 1 1 1 1 1 1 1 1 1 1 1 1 1 1 1 1 1 1 1 1 1 1 1 1 1 1 1 1 1 1 1 1 1 1 1 1 1 1 1 1 1 1 1 1 1 1 1 1 1 1 1 1 1 1 1 1 1 1 1 1 1 1 1 1 1 1 1 1 1 1 1 1 1 1 1 1 1 1 1 1 1 1 1 1 1 1 1 1 1 1 1 1 1 1 1 1 1 1 1 1 1 1 1 1 1 100 1 100 1 100 1 100 1 100 1 1 15 10 7 12 1 1 1 16 15 10 12 16 15 10 12 16 16 15 10 12 15 10 12 15 10 12 15 10 100 12 1 1 8 1 8 1 16 15 10 12 16 1 15 10 12 16 1 1 1 1 1 1 1 1 1 1 1 1 1 1 1 1 1 1 1 1 1 100 1 1 100 1 1 100 1 1 1 1 100 1 100 1 1
staticfield javafx/scene/Scene trackerMonitor Ljava/lang/Object; java/lang/Object
staticfield javafx/scene/Scene USER_DATA_KEY Ljava/lang/Object; java/lang/Object
staticfield javafx/scene/Scene defaultNodeOrientation Ljavafx/geometry/NodeOrientation; javafx/geometry/NodeOrientation
staticfield javafx/scene/Scene $assertionsDisabled Z 1
ciInstanceKlass javafx/scene/control/Label 1 1 146 10 7 12 1 1 1 18 12 1 1 9 7 12 1 1 1 10 12 1 10 12 1 10 12 1 10 12 1 1 7 1 8 1 11 7 12 1 1 1 9 7 12 1 1 1 10 12 1 1 10 12 1 1 7 1 9 7 12 1 1 1 11 12 1 1 9 12 1 1 7 1 10 12 1 10 12 1 1 10 100 12 1 1 1 10 12 1 1 100 1 7 1 10 10 100 12 1 1 1 10 100 12 1 1 1 1 1 1 1 1 1 1 1 1 1 1 1 1 1 1 1 1 1 1 1 1 15 10 7 12 1 1 1 16 1 15 10 12 16 1 100 1 100 1 1
ciInstanceKlass javafx/scene/control/Labeled$6 1 1 87 9 7 12 1 1 1 10 7 12 1 1 1 9 12 1 1 10 12 1 1 100 1 10 12 1 1 7 1 10 12 1 1 10 12 1 10 7 12 1 1 1 10 12 1 1 9 100 12 1 1 1 8 1 10 12 1 10 12 1 1 1 1 1 100 1 1 1 1 1 1 1 1 1 1 1 1 1 1 100 1 12 1 1 1 1 1
ciInstanceKlass javafx/scene/control/Labeled$14 1 1 44 9 7 12 1 1 1 10 7 12 1 1 1 9 100 12 1 1 1 8 1 1 1 1 1 1 1 1 1 1 1 1 1 1 1 1 100 1 12 1 1 1 1 1
ciInstanceKlass javafx/scene/control/Labeled$11 1 1 44 9 7 12 1 1 1 10 7 12 1 1 1 9 100 12 1 1 1 8 1 1 1 1 1 1 1 1 1 1 1 1 1 1 1 1 100 1 12 1 1 1 1 1
ciInstanceKlass com/sun/javafx/css/StyleManager 1 1 1075 9 7 12 1 1 1 10 100 12 1 1 1 9 7 12 1 1 1 10 7 12 1 1 1 7 1 10 9 12 1 1 9 12 1 9 12 1 1 7 1 10 9 12 1 1 7 1 10 9 12 1 1 9 12 1 1 7 1 10 9 12 1 1 10 100 12 1 1 1 7 1 10 12 1 1 10 7 1 100 1 10 9 12 1 1 9 12 1 11 7 12 1 1 1 7 1 10 11 12 1 1 10 12 1 1 10 12 1 1 7 1 10 7 1 10 12 1 9 7 12 1 1 1 10 12 1 1 10 12 1 1 10 12 1 1 10 7 12 1 1 10 12 1 1 11 7 12 1 1 1 11 12 1 7 1 9 12 1 1 10 12 1 1 9 12 1 1 10 100 12 1 1 1 9 12 1 11 12 11 12 1 1 11 7 12 1 1 1 11 7 12 1 1 11 12 1 1 100 1 11 12 1 11 100 1 10 12 7 1 10 10 12 1 11 12 11 11 12 1 10 12 1 10 100 12 1 1 10 12 10 12 1 10 12 1 1 10 12 1 1 10 12 1 10 12 1 11 12 10 12 1 1 9 12 1 1 10 7 1 10 12 1 1 10 12 1 1 10 11 12 1 1 10 12 1 10 12 1 9 12 1 11 11 12 1 11 12 1 11 10 100 12 1 1 1 10 12 1 1 7 1 10 12 10 12 1 8 1 10 12 1 1 8 1 10 12 1 8 1 10 7 12 1 1 1 8 1 10 12 1 1 8 1 10 12 1 1 10 12 1 10 12 1 1 10 7 12 1 1 1 7 1 100 1 100 1 100 1 100 1 10 100 12 1 1 10 100 12 1 1 1 10 12 1 10 12 1 8 1 10 100 12 1 1 10 12 1 1 100 1 100 1 10 12 1 8 1 10 12 1 10 12 1 1 100 1 8 1 10 100 12 1 1 1 10 12 1 10 12 1 1 10 10 12 1 1 10 12 1 1 10 12 1 10 100 1 7 1 10 12 1 1 100 1 100 1 100 1 100 1 10 12 1 1 100 1 9 7 12 1 1 1 18 12 1 1 10 100 12 1 1 8 1 10 12 1 1 8 1 10 12 1 18 12 1 1 10 7 12 1 1 1 10 12 1 10 12 1 10 12 1 100 1 8 10 12 1 10 12 1 1 10 100 12 1 1 100 1 100 1 10 12 1 10 12 1 18 12 1 10 12 1 100 1 100 1 10 12 1 1 18 12 1 10 12 1 7 1 18 10 12 1 7 1 10 12 1 18 12 1 10 12 1 1 18 10 12 1 1 100 1 10 10 12 1 10 100 12 1 1 1 8 1 10 12 1 10 12 1 8 1 10 12 1 8 1 8 1 8 1 10 12 1 8 1 10 100 12 1 1 10 12 1 1 100 1 100 1 8 1 10 12 1 1 9 12 1 1 100 1 10 11 100 1 10 12 1 9 100 12 1 1 1 10 100 12 1 1 1 10 12 1 10 12 1 10 12 1 10 12 100 1 10 12 1 10 12 1 8 1 18 8 1 10 12 1 100 1 100 1 10 12 1 100 1 10 12 1 1 9 100 12 1 1 1 10 12 1 6 0 10 100 12 1 1 1 18 10 12 1 100 1 18 9 12 1 18 10 12 1 18 9 12 1 1 10 12 1 10 12 1 1 9 12 1 1 10 7 12 1 1 11 10 12 1 10 12 1 10 12 1 10 12 1 10 12 1 9 7 12 1 1 1 10 12 1 1 10 12 1 8 1 10 8 1 10 12 1 11 12 1 1 11 12 1 10 100 1 11 7 1 10 7 1 11 12 1 11 12 1 9 12 1 10 12 1 10 12 10 7 12 1 1 10 7 12 1 1 1 10 12 1 1 10 9 12 1 100 1 10 10 12 10 10 12 1 10 12 1 1 10 12 1 7 1 18 12 1 1 10 12 1 1 10 12 1 10 12 1 10 12 1 7 1 10 9 12 1 9 12 1 9 12 1 1 10 7 12 1 1 10 10 12 1 1 7 1 10 10 12 1 1 11 12 1 1 10 12 1 10 12 1 10 100 12 1 1 8 1 10 12 1 10 12 1 9 12 1 1 10 10 12 1 1 10 12 1 1 10 100 12 1 1 10 12 1 1 10 12 1 1 1 1 1 1 1 1 1 1 1 1 1 1 1 1 100 1 1 1 1 1 1 1 1 1 1 1 100 100 1 1 1 1 1 1 1 1 1 1 1 100 1 1 1 1 1 1 1 1 1 1 1 1 1 1 1 100 1 1 15 10 7 12 1 1 8 1 15 10 7 12 1 1 1 16 15 10 12 16 15 10 12 16 1 15 10 12 16 1 15 10 12 16 1 8 1 8 1 8 1 8 1 8 1 8 1 8 1 16 15 10 16 1 1 1 1 1 1 1 1 1 100 1 1 1 1 1 1 1 100 1 100 1 1
staticfield com/sun/javafx/css/StyleManager styleLock Ljava/lang/Object; java/lang/Object
staticfield com/sun/javafx/css/StyleManager cacheContainerMap Ljava/util/Map; java/util/WeakHashMap
staticfield com/sun/javafx/css/StyleManager $assertionsDisabled Z 1
ciInstanceKlass com/sun/javafx/css/StyleManager$InstanceHolder 1 1 24 10 100 12 1 1 1 7 1 10 9 7 12 1 1 1 1 1 1 1 1 1 1 1
staticfield com/sun/javafx/css/StyleManager$InstanceHolder INSTANCE Lcom/sun/javafx/css/StyleManager; com/sun/javafx/css/StyleManager
ciInstanceKlass javafx/scene/text/Text$9 1 1 62 9 7 12 1 1 1 10 7 12 1 1 1 8 1 9 100 12 1 1 1 9 7 12 1 1 1 10 7 12 1 1 1 10 12 1 1 1 1 1 1 1 1 1 1 1 1 1 1 1 1 1 1 1 100 1 12 1 1 1 1 1
ciInstanceKlass com/sun/javafx/css/StyleClassSet 1 1 222 10 7 12 1 1 1 11 7 12 1 1 1 11 12 1 1 7 1 10 12 1 1 10 7 12 1 1 1 10 12 1 1 10 7 1 10 12 1 1 100 1 10 12 1 1 100 1 10 12 1 100 1 8 1 10 12 1 10 12 1 1 11 100 12 1 1 11 12 1 1 10 12 1 1 10 12 1 1 8 1 10 12 1 10 12 1 100 1 8 1 10 10 12 1 10 12 1 100 1 8 1 10 9 12 1 1 11 7 12 1 1 7 1 10 12 1 9 12 1 1 9 12 1 1 100 1 10 10 12 1 11 10 12 1 1 11 12 1 1 10 12 1 1 10 12 1 10 12 1 10 12 10 12 1 1 10 12 1 10 12 1 10 12 1 10 12 1 10 12 1 10 12 1 1 10 12 1 10 12 1 10 12 1 10 12 1 10 12 1 10 10 10 10 10 7 12 1 1 7 1 10 12 1 7 1 10 1 1 1 1 1 1 1 1 1 1 1 1 1 1 1
staticfield com/sun/javafx/css/StyleClassSet styleClassMap Ljava/util/Map; java/util/HashMap
staticfield com/sun/javafx/css/StyleClassSet styleClasses Ljava/util/List; java/util/ArrayList
staticfield com/sun/javafx/css/StyleClassSet $assertionsDisabled Z 1
ciInstanceKlass javafx/css/StyleClass 1 1 27 10 7 12 1 1 1 9 7 12 1 1 1 9 12 1 1 1 1 1 1 1 1 1 1 1 1
instanceKlass com/sun/javafx/collections/SetListenerHelper$SingleInvalidation
instanceKlass com/sun/javafx/collections/SetListenerHelper$SingleChange
ciInstanceKlass com/sun/javafx/collections/SetListenerHelper 1 1 69 10 100 12 1 1 1 100 1 10 100 1 10 12 1 10 100 12 1 1 1 10 12 1 100 1 10 12 1 10 12 1 10 12 10 12 1 1 1 1 1 1 1 1 1 1 1 1 1 1 1 1 1 1 1 1 1 1 100 1 1 1 1 100 1 100 1 1 1
instanceKlass com/sun/javafx/css/ParsedValueImpl
ciInstanceKlass javafx/css/ParsedValue 1 1 45 9 7 12 1 1 1 9 12 1 1 10 100 12 1 1 1 10 7 12 1 1 1 1 1 1 1 1 1 1 1 1 1 1 1 1 1 1 1 1 1 1 1 1 1
instanceKlass javafx/css/converter/ShapeConverter
instanceKlass javafx/scene/layout/BackgroundConverter
instanceKlass javafx/scene/layout/BorderConverter
instanceKlass javafx/css/converter/CursorConverter
instanceKlass javafx/scene/Node$StyleableProperties$14
instanceKlass javafx/css/converter/StringConverter
instanceKlass javafx/css/converter/FontConverter
instanceKlass javafx/css/converter/BooleanConverter
instanceKlass javafx/css/converter/SizeConverter
instanceKlass javafx/css/converter/InsetsConverter
instanceKlass javafx/css/converter/PaintConverter$RepeatingImagePatternConverter
instanceKlass javafx/css/converter/PaintConverter$ImagePatternConverter
instanceKlass javafx/css/converter/PaintConverter
instanceKlass javafx/css/converter/EnumConverter
instanceKlass javafx/css/converter/StopConverter
instanceKlass javafx/css/converter/LadderConverter
instanceKlass javafx/css/converter/DeriveSizeConverter
instanceKlass javafx/css/converter/DeriveColorConverter
instanceKlass com/sun/javafx/scene/layout/region/CornerRadiiConverter
instanceKlass com/sun/javafx/scene/layout/region/Margins$SequenceConverter
instanceKlass com/sun/javafx/scene/layout/region/Margins$Converter
instanceKlass com/sun/javafx/scene/layout/region/StrokeBorderPaintConverter
instanceKlass com/sun/javafx/scene/layout/region/SliceSequenceConverter
instanceKlass com/sun/javafx/scene/layout/region/RepeatStructConverter
instanceKlass com/sun/javafx/scene/layout/region/LayeredBorderStyleConverter
instanceKlass com/sun/javafx/scene/layout/region/LayeredBorderPaintConverter
instanceKlass com/sun/javafx/scene/layout/region/LayeredBackgroundSizeConverter
instanceKlass com/sun/javafx/scene/layout/region/LayeredBackgroundPositionConverter
instanceKlass com/sun/javafx/scene/layout/region/BorderStyleConverter
instanceKlass com/sun/javafx/scene/layout/region/BorderStrokeStyleSequenceConverter
instanceKlass com/sun/javafx/scene/layout/region/BorderImageWidthsSequenceConverter
instanceKlass com/sun/javafx/scene/layout/region/BorderImageWidthConverter
instanceKlass com/sun/javafx/scene/layout/region/BorderImageSliceConverter
instanceKlass com/sun/javafx/scene/layout/region/BackgroundSizeConverter
instanceKlass com/sun/javafx/scene/layout/region/BackgroundPositionConverter
instanceKlass javafx/css/converter/URLConverter$SequenceConverter
instanceKlass javafx/css/converter/StringConverter$SequenceConverter
instanceKlass javafx/css/converter/SizeConverter$SequenceConverter
instanceKlass javafx/css/converter/PaintConverter$RadialGradientConverter
instanceKlass javafx/css/converter/PaintConverter$LinearGradientConverter
instanceKlass javafx/css/converter/PaintConverter$SequenceConverter
instanceKlass javafx/css/converter/InsetsConverter$SequenceConverter
instanceKlass javafx/css/converter/FontConverter$FontSizeConverter
instanceKlass javafx/css/converter/FontConverter$FontWeightConverter
instanceKlass javafx/css/converter/FontConverter$FontStyleConverter
instanceKlass javafx/css/converter/EffectConverter
instanceKlass javafx/css/converter/URLConverter
ciInstanceKlass javafx/css/StyleConverter 1 1 564 10 7 12 1 1 1 10 100 12 1 1 1 10 7 12 1 1 1 10 100 1 10 100 1 10 100 1 7 1 10 12 1 10 100 1 10 7 1 10 100 1 10 7 1 10 7 1 10 7 1 10 12 1 1 10 100 12 1 1 1 10 100 12 1 1 1 10 100 12 1 1 1 9 7 12 1 1 1 11 7 12 1 1 11 12 1 1 7 1 10 11 12 1 1 10 7 12 1 1 1 10 7 12 1 1 1 8 1 10 12 1 1 10 12 1 1 10 12 1 1 18 12 1 1 8 1 10 12 1 1 9 12 1 11 12 1 1 10 12 1 10 100 12 1 1 1 9 100 12 1 1 1 10 100 12 1 1 1 18 10 12 1 1 9 100 12 1 1 1 10 100 12 1 1 7 1 10 10 12 1 8 1 10 12 1 8 1 8 1 8 1 8 1 8 1 8 1 8 1 8 1 8 1 8 1 8 1 8 1 8 1 8 1 8 1 8 1 8 1 8 1 8 1 8 1 8 1 8 1 8 1 8 1 8 1 8 1 8 1 8 1 8 1 8 1 8 1 8 1 8 1 8 1 8 1 8 1 8 1 8 1 8 1 8 1 8 1 8 1 8 1 8 1 8 1 8 1 8 1 8 1 8 1 8 1 8 1 8 1 8 1 8 1 8 1 8 1 8 1 8 1 8 1 8 1 8 1 8 1 8 1 10 100 1 10 7 12 1 1 10 7 12 1 1 10 100 12 1 1 10 7 12 1 1 10 7 12 1 1 10 7 12 1 1 10 7 12 1 1 10 7 12 1 1 10 7 12 1 1 10 7 12 1 1 10 100 12 1 1 10 7 12 1 1 10 100 12 1 1 10 7 12 1 1 10 100 12 1 1 10 100 12 1 1 10 100 12 1 1 10 7 12 1 1 10 7 12 1 1 10 100 12 1 1 10 7 12 1 1 10 7 12 1 1 10 7 12 1 1 10 7 12 1 1 10 100 12 1 1 10 7 12 1 1 10 7 12 1 1 10 7 12 1 1 10 7 12 1 1 10 7 12 1 1 10 100 12 1 1 10 7 12 1 1 10 7 12 1 1 18 1 1 1 1 1 1 1 1 1 1 1 1 1 1 1 1 1 1 1 1 1 1 1 1 1 1 1 1 1 1 1 1 1 1 1 1 100 1 1 1 1 1 1 1 1 1 1 1 1 1 1 1 15 10 100 12 1 1 8 1 8 1 8 1 1 1 1 1 1 1 1 1 1 1 1 100 1 1 100 1 100 1 1
ciInstanceKlass com/sun/javafx/css/BitSet$1 1 1 84 9 7 12 1 1 1 10 7 12 1 1 1 9 12 1 1 9 12 1 9 12 1 9 7 12 1 1 1 100 1 10 12 1 1 100 1 100 1 18 12 1 1 10 12 1 10 12 1 1 100 1 1 1 1 1 1 1 1 1 1 1 1 1 1 12 1 1 1 1 15 10 100 12 1 1 8 1 1 100 1 100 1 1
ciInstanceKlass javafx/css/converter/FontConverter 1 1 164 9 7 12 1 1 1 10 7 12 1 1 1 10 100 12 1 1 1 100 1 10 100 12 1 1 1 10 12 1 1 100 1 10 100 12 1 1 1 10 12 1 1 10 12 1 1 100 1 10 12 1 1 100 1 9 12 1 1 100 1 9 12 1 1 10 12 1 1 11 100 12 1 1 1 11 100 12 1 1 1 11 100 12 1 1 1 11 12 1 100 1 11 11 12 1 100 1 10 12 1 8 1 10 12 1 1 100 1 10 12 1 8 1 8 1 8 1 8 1 10 100 12 1 1 10 12 1 1 1 1 1 1 1 1 1 100 1 1 1 1 1 1 1 1 1 100 1 100 1 100 1 100 1 100 1 100 1 1 1 1 1 1 1
ciInstanceKlass javafx/scene/text/FontWeight 1 1 128 7 1 9 12 1 1 9 12 1 9 12 1 9 12 1 9 12 1 9 12 1 9 12 1 9 12 1 9 12 1 9 12 1 1 10 7 12 1 1 10 7 12 1 1 1 10 12 1 1 9 12 1 1 9 12 1 1 10 12 1 1 10 7 12 1 1 1 8 8 1 10 12 1 8 8 1 8 1 8 8 1 8 8 1 8 1 8 8 1 8 8 1 8 1 8 8 1 8 8 1 8 1 8 8 1 8 1 10 12 1 1 1 1 1 1 1 1 1 1 100 1 1 1 1 1 1 1
staticfield javafx/scene/text/FontWeight THIN Ljavafx/scene/text/FontWeight; javafx/scene/text/FontWeight
staticfield javafx/scene/text/FontWeight EXTRA_LIGHT Ljavafx/scene/text/FontWeight; javafx/scene/text/FontWeight
staticfield javafx/scene/text/FontWeight LIGHT Ljavafx/scene/text/FontWeight; javafx/scene/text/FontWeight
staticfield javafx/scene/text/FontWeight NORMAL Ljavafx/scene/text/FontWeight; javafx/scene/text/FontWeight
staticfield javafx/scene/text/FontWeight MEDIUM Ljavafx/scene/text/FontWeight; javafx/scene/text/FontWeight
staticfield javafx/scene/text/FontWeight SEMI_BOLD Ljavafx/scene/text/FontWeight; javafx/scene/text/FontWeight
staticfield javafx/scene/text/FontWeight BOLD Ljavafx/scene/text/FontWeight; javafx/scene/text/FontWeight
staticfield javafx/scene/text/FontWeight EXTRA_BOLD Ljavafx/scene/text/FontWeight; javafx/scene/text/FontWeight
staticfield javafx/scene/text/FontWeight BLACK Ljavafx/scene/text/FontWeight; javafx/scene/text/FontWeight
staticfield javafx/scene/text/FontWeight $VALUES [Ljavafx/scene/text/FontWeight; 9 [Ljavafx/scene/text/FontWeight;
ciInstanceKlass javafx/scene/text/FontPosture 1 1 70 7 1 9 12 1 1 9 12 1 9 12 1 1 10 100 12 1 1 10 7 12 1 1 1 10 12 1 1 9 12 1 1 10 12 1 1 10 7 12 1 1 1 8 8 1 8 1 10 12 1 8 8 1 10 12 1 1 1 1 1 1 1 1 100 1 1 1 1 1
staticfield javafx/scene/text/FontPosture REGULAR Ljavafx/scene/text/FontPosture; javafx/scene/text/FontPosture
staticfield javafx/scene/text/FontPosture ITALIC Ljavafx/scene/text/FontPosture; javafx/scene/text/FontPosture
staticfield javafx/scene/text/FontPosture $VALUES [Ljavafx/scene/text/FontPosture; 2 [Ljavafx/scene/text/FontPosture;
instanceKlass com/sun/javafx/scene/control/FakeFocusTextField
instanceKlass javafx/scene/control/PasswordField
ciInstanceKlass javafx/scene/control/TextField 1 1 194 10 7 12 1 1 1 8 1 10 12 1 1 7 1 10 12 1 10 7 12 1 1 7 1 10 12 1 9 12 1 1 7 1 10 12 1 9 12 1 1 10 12 1 1 8 1 11 7 12 1 1 1 9 7 12 1 1 1 10 12 1 1 10 12 1 10 12 1 1 9 12 1 1 10 7 12 1 1 1 10 7 12 1 1 1 10 12 1 1 10 12 1 1 10 12 1 1 10 7 12 1 1 1 7 1 10 12 1 1 9 12 1 7 1 9 7 12 1 1 1 10 12 1 10 12 1 7 1 10 10 12 1 1 9 7 12 1 1 1 10 12 1 1 1 1 1 3 1 1 1 1 1 1 1 1 1 1 1 1 1 1 1 1 1 1 1 1 1 1 1 1 1 1 1 1 1 1 1 1 1 1 1 1 100 1 100 1 1 1 100 1 1 1
instanceKlass javafx/scene/control/skin/TableColumnHeader$StyleableProperties$1
instanceKlass javafx/scene/layout/GridPane$StyleableProperties$4
instanceKlass javafx/scene/layout/GridPane$StyleableProperties$3
instanceKlass javafx/scene/layout/GridPane$StyleableProperties$2
instanceKlass javafx/scene/layout/GridPane$StyleableProperties$1
instanceKlass javafx/scene/control/Separator$StyleableProperties$3
instanceKlass javafx/scene/control/Separator$StyleableProperties$2
instanceKlass javafx/scene/control/Separator$StyleableProperties$1
instanceKlass javafx/scene/control/TableView$StyleableProperties$1
instanceKlass javafx/scene/control/skin/CellSkinBase$StyleableProperties$1
instanceKlass javafx/scene/control/ScrollBar$StyleableProperties$3
instanceKlass javafx/scene/control/ScrollBar$StyleableProperties$2
instanceKlass javafx/scene/control/ScrollBar$StyleableProperties$1
instanceKlass javafx/scene/control/ListView$StyleableProperties$2
instanceKlass javafx/scene/control/ListView$StyleableProperties$1
instanceKlass javafx/scene/layout/FlowPane$StyleableProperties$6
instanceKlass javafx/scene/layout/FlowPane$StyleableProperties$5
instanceKlass javafx/scene/layout/FlowPane$StyleableProperties$4
instanceKlass javafx/scene/layout/FlowPane$StyleableProperties$3
instanceKlass javafx/scene/layout/FlowPane$StyleableProperties$2
instanceKlass javafx/scene/layout/FlowPane$StyleableProperties$1
instanceKlass javafx/scene/control/ScrollPane$StyleableProperties$5
instanceKlass javafx/scene/control/ScrollPane$StyleableProperties$4
instanceKlass javafx/scene/control/ScrollPane$StyleableProperties$3
instanceKlass javafx/scene/control/ScrollPane$StyleableProperties$2
instanceKlass javafx/scene/control/ScrollPane$StyleableProperties$1
instanceKlass javafx/scene/control/DatePicker$StyleableProperties$1
instanceKlass javafx/scene/control/Slider$StyleableProperties$7
instanceKlass javafx/scene/control/Slider$StyleableProperties$6
instanceKlass javafx/scene/control/Slider$StyleableProperties$5
instanceKlass javafx/scene/control/Slider$StyleableProperties$4
instanceKlass javafx/scene/control/Slider$StyleableProperties$3
instanceKlass javafx/scene/control/Slider$StyleableProperties$2
instanceKlass javafx/scene/control/Slider$StyleableProperties$1
instanceKlass javafx/scene/chart/Chart$StyleableProperties$3
instanceKlass javafx/scene/chart/Chart$StyleableProperties$2
instanceKlass javafx/scene/chart/Chart$StyleableProperties$1
instanceKlass javafx/scene/chart/PieChart$StyleableProperties$4
instanceKlass javafx/scene/chart/PieChart$StyleableProperties$3
instanceKlass javafx/scene/chart/PieChart$StyleableProperties$2
instanceKlass javafx/scene/chart/PieChart$StyleableProperties$1
instanceKlass javafx/scene/layout/TilePane$StyleableProperties$9
instanceKlass javafx/scene/layout/TilePane$StyleableProperties$8
instanceKlass javafx/scene/layout/TilePane$StyleableProperties$7
instanceKlass javafx/scene/layout/TilePane$StyleableProperties$6
instanceKlass javafx/scene/layout/TilePane$StyleableProperties$5
instanceKlass javafx/scene/layout/TilePane$StyleableProperties$4
instanceKlass javafx/scene/layout/TilePane$StyleableProperties$3
instanceKlass javafx/scene/layout/TilePane$StyleableProperties$2
instanceKlass javafx/scene/layout/TilePane$StyleableProperties$1
instanceKlass javafx/scene/control/skin/ProgressBarSkin$StyleableProperties$4
instanceKlass javafx/scene/control/skin/ProgressBarSkin$StyleableProperties$3
instanceKlass javafx/scene/control/skin/ProgressBarSkin$StyleableProperties$2
instanceKlass javafx/scene/control/skin/ProgressBarSkin$StyleableProperties$1
instanceKlass javafx/scene/control/skin/ProgressIndicatorSkin$6
instanceKlass javafx/scene/control/skin/ProgressIndicatorSkin$5
instanceKlass javafx/scene/control/skin/ProgressIndicatorSkin$4
instanceKlass javafx/scene/control/skin/TextInputControlSkin$StyleableProperties$5
instanceKlass javafx/scene/control/skin/TextInputControlSkin$StyleableProperties$4
instanceKlass javafx/scene/control/skin/TextInputControlSkin$StyleableProperties$3
instanceKlass javafx/scene/control/skin/TextInputControlSkin$StyleableProperties$2
instanceKlass javafx/scene/control/skin/TextInputControlSkin$StyleableProperties$1
instanceKlass javafx/scene/shape/Rectangle$StyleableProperties$2
instanceKlass javafx/scene/shape/Rectangle$StyleableProperties$1
instanceKlass javafx/scene/control/PopupControl$9
instanceKlass javafx/scene/shape/Shape$StyleableProperties$10
instanceKlass javafx/scene/shape/Shape$StyleableProperties$9
instanceKlass javafx/scene/shape/Shape$StyleableProperties$8
instanceKlass javafx/scene/shape/Shape$StyleableProperties$7
instanceKlass javafx/scene/shape/Shape$StyleableProperties$6
instanceKlass javafx/scene/shape/Shape$StyleableProperties$5
instanceKlass javafx/scene/shape/Shape$StyleableProperties$4
instanceKlass javafx/scene/shape/Shape$StyleableProperties$3
instanceKlass javafx/scene/shape/Shape$StyleableProperties$2
instanceKlass javafx/scene/shape/Shape$StyleableProperties$1
instanceKlass javafx/scene/text/Text$StyleableProperties$9
instanceKlass javafx/scene/text/Text$StyleableProperties$8
instanceKlass javafx/scene/text/Text$StyleableProperties$7
instanceKlass javafx/scene/text/Text$StyleableProperties$6
instanceKlass javafx/scene/text/Text$StyleableProperties$5
instanceKlass javafx/scene/text/Text$StyleableProperties$4
instanceKlass javafx/scene/text/Text$StyleableProperties$3
instanceKlass javafx/scene/text/Text$StyleableProperties$2
instanceKlass com/sun/javafx/scene/control/LabeledText$5
instanceKlass com/sun/javafx/scene/control/LabeledText$4
instanceKlass com/sun/javafx/scene/control/LabeledText$3
instanceKlass com/sun/javafx/scene/control/LabeledText$2
instanceKlass javafx/scene/layout/HBox$StyleableProperties$3
instanceKlass javafx/scene/layout/HBox$StyleableProperties$2
instanceKlass javafx/scene/layout/HBox$StyleableProperties$1
instanceKlass javafx/scene/layout/VBox$StyleableProperties$3
instanceKlass javafx/scene/layout/VBox$StyleableProperties$2
instanceKlass javafx/scene/layout/VBox$StyleableProperties$1
instanceKlass javafx/scene/layout/StackPane$StyleableProperties$1
instanceKlass javafx/scene/control/TextField$StyleableProperties$2
instanceKlass javafx/scene/control/TextField$StyleableProperties$1
instanceKlass com/sun/javafx/css/SubCssMetaData
instanceKlass javafx/scene/layout/Region$StyleableProperties$15
instanceKlass javafx/scene/layout/Region$StyleableProperties$14
instanceKlass javafx/scene/layout/Region$StyleableProperties$13
instanceKlass javafx/scene/layout/Region$StyleableProperties$12
instanceKlass javafx/scene/layout/Region$StyleableProperties$11
instanceKlass javafx/scene/layout/Region$StyleableProperties$10
instanceKlass javafx/scene/layout/Region$StyleableProperties$9
instanceKlass javafx/scene/layout/Region$StyleableProperties$8
instanceKlass javafx/scene/layout/Region$StyleableProperties$7
instanceKlass javafx/scene/layout/Region$StyleableProperties$6
instanceKlass javafx/scene/layout/Region$StyleableProperties$5
instanceKlass javafx/scene/layout/Region$StyleableProperties$4
instanceKlass javafx/scene/layout/Region$StyleableProperties$3
instanceKlass javafx/scene/layout/Region$StyleableProperties$2
instanceKlass javafx/scene/layout/Region$StyleableProperties$1
instanceKlass javafx/scene/control/Control$StyleableProperties$1
instanceKlass javafx/scene/control/Labeled$StyleableProperties$13
instanceKlass javafx/scene/control/Labeled$StyleableProperties$12
instanceKlass javafx/scene/control/Labeled$StyleableProperties$11
instanceKlass javafx/scene/control/Labeled$StyleableProperties$10
instanceKlass javafx/scene/control/Labeled$StyleableProperties$9
instanceKlass javafx/scene/control/Labeled$StyleableProperties$8
instanceKlass javafx/scene/control/Labeled$StyleableProperties$7
instanceKlass javafx/scene/control/Labeled$StyleableProperties$6
instanceKlass javafx/scene/control/Labeled$StyleableProperties$5
instanceKlass javafx/scene/control/Labeled$StyleableProperties$4
instanceKlass javafx/scene/control/Labeled$StyleableProperties$3
instanceKlass javafx/scene/control/Labeled$StyleableProperties$2
instanceKlass javafx/scene/Node$StyleableProperties$16
instanceKlass javafx/scene/Node$StyleableProperties$15
instanceKlass javafx/scene/Node$StyleableProperties$13
instanceKlass javafx/scene/Node$StyleableProperties$12
instanceKlass javafx/scene/Node$StyleableProperties$11
instanceKlass javafx/scene/Node$StyleableProperties$10
instanceKlass javafx/scene/Node$StyleableProperties$9
instanceKlass javafx/scene/Node$StyleableProperties$8
instanceKlass javafx/scene/Node$StyleableProperties$7
instanceKlass javafx/scene/Node$StyleableProperties$6
instanceKlass javafx/scene/Node$StyleableProperties$5
instanceKlass javafx/scene/Node$StyleableProperties$4
instanceKlass javafx/scene/Node$StyleableProperties$3
instanceKlass javafx/scene/Node$StyleableProperties$2
instanceKlass javafx/scene/Node$StyleableProperties$1
instanceKlass javafx/scene/image/ImageView$StyleableProperties$1
instanceKlass javafx/css/FontCssMetaData$4
instanceKlass javafx/css/FontCssMetaData$3
instanceKlass javafx/css/FontCssMetaData$2
instanceKlass javafx/css/FontCssMetaData$1
instanceKlass javafx/css/FontCssMetaData
ciInstanceKlass javafx/css/CssMetaData 1 1 161 10 7 12 1 1 1 11 100 12 1 1 1 11 12 1 1 10 7 12 1 1 1 11 12 1 1 9 12 1 1 9 12 1 1 9 12 1 1 9 12 1 1 9 12 1 1 10 12 1 1 10 7 12 1 1 1 100 1 8 1 10 12 1 10 12 1 10 12 1 1 10 7 1 10 12 1 1 100 1 8 1 10 8 1 10 12 1 1 8 1 10 12 1 1 8 1 10 12 1 1 8 1 10 12 1 8 1 11 100 1 8 1 8 1 10 1 1 1 1 1 1 1 1 1 100 1 1 1 1 1 1 1 1 1 1 1 1 1 1 1 1 1 1 1 1 1 1 1 100 1 1 1 1 1 1 1 1 1 1 1
ciInstanceKlass javafx/scene/control/PasswordField 1 1 56 10 7 12 1 1 1 10 7 12 1 1 1 8 1 11 7 12 1 1 1 9 7 12 1 1 1 10 12 1 1 9 100 12 1 1 1 10 100 12 1 1 1 10 12 1 1 1 1 1 1 1 1 1 1 1
ciInstanceKlass javafx/scene/control/Button 1 1 129 10 7 12 1 1 1 10 7 12 1 1 10 12 1 10 12 1 10 12 1 1 7 1 8 1 11 7 12 1 1 1 9 7 12 1 1 1 10 12 1 1 10 12 1 1 10 12 1 1 10 7 12 1 1 9 12 1 1 10 12 1 1 7 1 10 12 1 10 12 1 9 12 1 7 1 10 10 12 1 7 1 10 10 12 1 1 7 1 10 12 1 8 1 10 7 12 1 1 1 9 12 1 1 8 1 9 12 1 1 1 1 1 1 1 1 1 1 1 1 1 1 1 1 1 1 1 1 1
staticfield javafx/scene/control/Button PSEUDO_CLASS_DEFAULT Ljavafx/css/PseudoClass; com/sun/javafx/css/PseudoClassImpl
staticfield javafx/scene/control/Button PSEUDO_CLASS_CANCEL Ljavafx/css/PseudoClass; com/sun/javafx/css/PseudoClassImpl
ciInstanceKlass javafx/scene/Scene$8 1 1 166 9 7 12 1 1 1 10 7 12 1 1 1 9 100 12 1 1 1 8 1 10 100 12 1 1 1 10 12 1 10 12 1 1 7 1 10 12 1 1 10 12 1 100 1 8 1 10 12 10 12 1 1 100 1 10 100 12 1 1 1 18 12 1 1 10 10 12 1 1 18 10 12 1 1 10 7 12 1 1 18 9 12 1 1 10 12 1 1 10 12 1 1 8 1 11 7 12 1 1 1 11 12 1 1 9 7 12 1 1 1 10 12 1 1 10 12 1 1 10 12 1 10 12 1 1 10 12 1 1 1 1 1 1 1 1 1 1 1 1 1 1 12 1 1 1 1 15 10 100 12 1 1 8 1 8 1 8 1 1 1 100 1 100 1 1
ciInstanceKlass javafx/scene/Scene$2$1 1 1 39 9 7 12 1 1 1 10 7 12 1 1 1 10 12 1 1 10 12 1 10 12 1 1 1 1 1 1 1 1 1 1 100 1 12 1 1 1 1
ciInstanceKlass javafx/scene/CssStyleHelper 1 1 944 10 7 12 1 1 1 9 7 12 1 1 1 9 12 1 9 12 1 1 7 1 10 9 12 1 1 9 12 1 11 7 12 1 1 1 10 7 12 1 1 1 10 7 12 1 1 1 10 12 1 1 10 12 1 1 9 12 1 1 9 12 1 1 10 12 1 1 9 7 12 1 1 1 11 7 12 1 1 9 12 1 10 12 1 1 10 12 1 1 10 7 12 1 1 1 10 12 1 1 11 7 12 1 1 1 11 12 1 1 7 1 10 12 1 10 12 1 1 10 10 12 1 7 1 10 12 1 1 10 12 1 10 9 12 1 1 10 12 1 1 11 7 12 1 1 1 9 7 12 1 1 1 10 12 1 10 12 1 1 11 100 12 1 1 100 1 10 12 1 10 12 1 1 11 12 1 10 12 1 1 10 9 12 1 1 10 7 12 1 1 1 9 12 1 11 7 1 11 12 1 1 10 12 1 11 7 12 1 1 1 11 7 12 1 1 11 12 1 7 1 11 12 1 11 7 1 10 12 1 10 11 12 1 1 10 10 12 1 1 10 12 1 1 9 12 1 1 11 11 12 1 10 7 12 1 1 1 10 12 1 1 10 12 1 10 12 1 10 12 1 1 8 1 10 7 12 1 1 8 1 10 12 1 1 10 7 12 1 1 1 7 1 10 10 10 10 12 1 1 10 7 12 1 1 1 10 12 1 10 12 1 1 9 12 1 1 9 12 1 11 10 9 12 1 1 9 7 12 1 1 1 10 7 12 1 1 1 10 12 1 18 12 1 1 10 12 1 1 11 12 1 1 100 1 8 1 10 12 1 10 12 1 1 10 7 12 1 1 1 9 12 1 10 12 1 10 12 1 10 12 1 1 7 1 10 7 12 1 1 1 10 12 1 11 12 1 10 12 1 1 10 12 1 1 10 7 12 1 1 1 7 1 10 10 12 1 1 10 12 1 9 12 1 100 1 18 12 1 10 10 12 1 11 12 1 11 12 1 8 1 10 12 1 1 100 1 10 12 1 11 12 1 10 12 1 1 9 12 1 8 1 10 12 1 10 12 1 1 11 10 12 1 1 10 7 12 1 1 1 10 12 1 1 10 7 12 1 10 12 1 7 1 10 10 12 1 1 10 12 1 10 7 12 1 1 1 100 1 10 12 1 1 8 1 10 12 1 1 18 10 12 11 18 8 1 10 7 1 10 12 1 1 10 12 1 1 11 9 12 1 1 10 12 1 11 12 1 1 10 12 1 9 7 12 1 1 1 10 12 1 1 11 10 12 1 1 10 100 1 18 12 1 100 1 10 12 11 10 7 1 10 12 1 11 12 1 10 12 1 7 1 11 10 10 12 1 7 1 7 1 10 12 1 1 100 1 10 8 1 10 12 1 1 8 1 8 1 8 1 10 12 1 8 1 10 100 12 1 1 1 10 100 1 10 12 1 1 10 100 12 1 1 8 1 10 8 1 9 12 1 10 8 1 11 10 8 1 8 1 11 8 1 8 1 8 1 10 10 12 1 10 12 1 10 12 1 10 12 1 10 12 1 1 11 18 10 12 1 1 18 11 100 1 11 9 7 12 1 1 1 10 12 1 8 1 10 12 1 9 12 1 9 7 12 1 1 1 8 1 8 1 9 12 1 8 1 8 1 9 12 1 8 1 9 12 1 8 1 9 12 1 9 12 1 8 1 9 12 1 8 1 8 1 9 12 1 10 12 1 10 12 1 1 10 100 12 1 1 10 12 1 1 10 12 1 1 10 12 1 1 10 12 1 1 6 0 9 12 1 8 1 10 12 1 10 12 1 10 12 1 1 7 1 10 12 1 10 12 1 1 8 1 8 1 8 1 10 100 12 1 1 10 12 1 10 12 1 11 100 1 10 12 1 11 100 1 10 12 1 100 1 10 10 12 1 10 12 1 1 10 12 1 11 10 12 1 1 11 10 7 12 1 1 7 1 10 12 1 1 1 1 1 1 1 100 1 1 1 1 1 1 1 100 1 1 1 100 1 1 1 1 1 1 1 1 1 1 1 1 1 1 1 1 1 1 1 1 15 10 100 12 1 1 8 1 8 1 8 1 8 1 8 1 8 1 8 1 1 1 1 1 1 100 1 100 1 1 1 100 1 100 1 1
staticfield javafx/scene/CssStyleHelper LOGGER Lcom/sun/javafx/logging/PlatformLogger; com/sun/javafx/logging/PlatformLogger
staticfield javafx/scene/CssStyleHelper EMPTY_NODE Ljava/lang/ref/WeakReference; java/lang/ref/WeakReference
staticfield javafx/scene/CssStyleHelper NULL_PSEUDO_CLASS_STATE Ljava/util/Set; null
staticfield javafx/scene/CssStyleHelper dummyFontProperty Ljavafx/css/CssMetaData; javafx/scene/CssStyleHelper$1
staticfield javafx/scene/CssStyleHelper $assertionsDisabled Z 1
ciInstanceKlass com/sun/javafx/css/StyleManager$CacheContainer 1 1 200 10 7 12 1 1 1 9 7 12 1 1 1 9 12 1 9 12 1 1 7 1 10 9 12 1 9 7 12 1 1 1 11 7 12 1 1 1 10 7 1 11 7 12 1 1 1 11 12 1 1 11 12 1 1 9 12 1 1 7 1 10 12 1 11 12 1 100 1 9 12 1 1 11 12 1 1 11 12 1 9 12 1 10 10 12 1 1 7 1 9 12 1 1 11 100 1 3 10 12 1 1 9 12 1 11 12 1 7 1 7 1 10 18 12 1 1 10 12 1 1 9 7 12 1 1 1 10 7 12 1 1 1 10 12 1 7 1 10 12 1 1 10 12 1 1 1 1 1 1 1 1 1 1 1 1 1 1 100 1 1 1 1 1 1 1 1 1 1 1 1 1 1 1 15 10 7 12 1 1 8 1 1 1 1 100 1 100 1 1 100 1 100 1 1 100 1 100 1 1
ciInstanceKlass com/sun/javafx/css/StyleMap 1 1 186 10 7 12 1 1 1 9 7 12 1 1 1 9 12 1 1 11 7 12 1 1 1 9 12 1 1 11 7 1 10 7 12 1 1 1 7 1 10 11 12 1 1 11 12 1 1 7 1 10 12 1 1 10 12 1 1 10 7 12 1 1 1 11 7 1 11 7 1 7 1 10 12 1 11 12 1 1 9 12 1 1 10 12 1 1 7 1 10 12 1 10 12 1 1 11 12 1 10 7 12 1 1 11 12 1 1 11 12 1 1 9 12 1 1 100 1 10 11 12 1 10 12 1 1 10 12 1 10 7 12 1 1 10 12 1 1 10 12 1 9 12 1 1 18 12 1 1 1 1 1 1 1 1 1 1 1 1 100 1 1 1 1 1 1 1 1 15 10 7 12 1 1 1 16 1 15 10 12 16 1 100 1 100 1 1
staticfield com/sun/javafx/css/StyleMap EMPTY_MAP Lcom/sun/javafx/css/StyleMap; com/sun/javafx/css/StyleMap
staticfield com/sun/javafx/css/StyleMap cascadingStyleComparator Ljava/util/Comparator; com/sun/javafx/css/StyleMap$$Lambda$223+0x000002313d20e9d8
staticfield com/sun/javafx/css/StyleMap $assertionsDisabled Z 1
ciInstanceKlass com/sun/javafx/css/CascadingStyle 1 1 128 9 7 12 1 1 1 10 7 12 1 1 1 9 12 1 1 9 12 1 1 9 12 1 8 1 10 7 12 1 1 1 10 7 12 1 1 1 10 7 12 1 1 1 9 12 1 1 10 7 12 1 1 1 10 12 1 10 12 1 1 10 12 1 1 10 12 1 10 10 12 1 1 10 10 7 12 1 1 1 10 12 1 1 10 10 12 1 1 11 100 12 1 1 1 10 12 1 11 10 12 1 1 10 7 12 1 1 1 10 12 1 100 1 1 1 1 1 1 1 1 1 1 1 1 1 1 1
ciInstanceKlass javafx/scene/CssStyleHelper$CacheContainer 1 1 135 10 7 12 1 1 1 9 7 12 1 1 1 10 7 12 1 1 1 9 12 1 1 10 7 12 1 1 1 9 12 1 1 9 7 12 1 1 1 11 7 1 7 1 10 12 1 9 12 1 1 10 12 1 1 11 7 12 1 1 11 12 1 1 7 1 8 1 10 12 1 1 10 7 12 1 1 1 9 12 1 1 7 1 10 9 12 1 1 9 12 1 10 12 1 1 10 7 12 1 1 1 10 12 1 1 9 12 1 1 1 1 1 1 1 1 1 1 100 1 1 100 1 1 1 1 1 1 100 1 1 100 1 100 1
ciInstanceKlass com/sun/javafx/css/StyleCache$Key 1 1 57 10 7 12 1 1 1 100 1 3 9 7 12 1 1 1 9 12 1 1 10 7 12 1 1 1 10 12 1 10 100 12 1 1 1 10 12 1 1 1 1 1 1 1 1 1 1 1 1 1 1 1 1 100 1 1 1
ciInstanceKlass javafx/scene/control/Labeled$StyleableProperties$1 1 1 51 10 7 12 1 1 1 9 7 12 1 1 1 10 7 12 1 1 1 10 12 1 1 7 1 10 7 12 1 1 1 10 12 1 1 1 1 1 1 1 1 1 1 1 1 1 100 1 1 1 1
ciInstanceKlass javafx/scene/control/Labeled$StyleableProperties$11 1 1 52 10 7 12 1 1 1 9 7 12 1 1 1 10 7 12 1 1 1 10 12 1 1 7 1 10 7 12 1 1 1 10 12 1 1 1 1 1 1 1 1 1 1 1 1 1 1 100 1 1 1 1
ciInstanceKlass javafx/scene/control/ContentDisplay 1 1 66 7 1 9 12 1 1 9 12 1 9 12 1 9 12 1 9 12 1 9 12 1 9 12 1 9 12 1 1 10 7 12 1 1 10 7 12 1 1 1 10 12 1 1 8 10 8 8 8 8 8 8 10 12 1 1 1 1 1 1 1 1 1 1 1 1
staticfield javafx/scene/control/ContentDisplay TOP Ljavafx/scene/control/ContentDisplay; javafx/scene/control/ContentDisplay
staticfield javafx/scene/control/ContentDisplay RIGHT Ljavafx/scene/control/ContentDisplay; javafx/scene/control/ContentDisplay
staticfield javafx/scene/control/ContentDisplay BOTTOM Ljavafx/scene/control/ContentDisplay; javafx/scene/control/ContentDisplay
staticfield javafx/scene/control/ContentDisplay LEFT Ljavafx/scene/control/ContentDisplay; javafx/scene/control/ContentDisplay
staticfield javafx/scene/control/ContentDisplay CENTER Ljavafx/scene/control/ContentDisplay; javafx/scene/control/ContentDisplay
staticfield javafx/scene/control/ContentDisplay GRAPHIC_ONLY Ljavafx/scene/control/ContentDisplay; javafx/scene/control/ContentDisplay
staticfield javafx/scene/control/ContentDisplay TEXT_ONLY Ljavafx/scene/control/ContentDisplay; javafx/scene/control/ContentDisplay
staticfield javafx/scene/control/ContentDisplay $VALUES [Ljavafx/scene/control/ContentDisplay; 7 [Ljavafx/scene/control/ContentDisplay;
ciInstanceKlass javafx/scene/layout/Region$StyleableProperties$1 1 1 52 10 7 12 1 1 1 9 7 12 1 1 1 10 7 12 1 1 1 10 12 1 1 7 1 10 7 12 1 1 1 10 12 1 1 1 1 1 1 1 1 1 1 1 1 1 1 100 1 1 1 1
ciInstanceKlass javafx/scene/layout/BorderConverter 1 1 228 9 7 12 1 1 1 10 7 12 1 1 1 9 7 12 1 1 1 11 7 12 1 1 1 7 1 9 12 1 7 1 9 12 1 100 1 9 12 1 7 1 7 1 9 12 1 7 1 7 1 9 12 1 7 1 7 1 7 1 9 12 1 1 9 12 1 100 1 9 100 12 1 1 1 7 1 9 12 1 1 9 12 1 1 7 1 10 12 1 1 10 12 1 10 12 1 10 12 1 10 12 1 10 12 1 100 1 9 12 1 100 1 100 1 9 12 1 100 1 100 1 9 12 1 100 1 9 12 1 9 100 12 1 1 1 9 100 12 1 1 1 9 12 1 1 10 100 12 1 1 1 9 12 1 9 12 1 9 12 1 9 12 1 9 12 1 1 9 12 1 9 12 10 100 12 1 1 1 10 12 1 1 9 12 1 9 12 1 1 10 12 1 10 12 1 8 1 10 12 1 1 10 1 1 1 1 100 1 100 1 100 1 100 1 100 1 1 1 1 1 1 1 1 1 1 1 1
staticfield javafx/scene/layout/BorderConverter BORDER_IMAGE_CONVERTER Ljavafx/scene/layout/BorderConverter; javafx/scene/layout/BorderConverter
ciInstanceKlass javafx/scene/layout/Region$StyleableProperties$4 1 1 48 10 7 12 1 1 1 9 7 12 1 1 1 10 7 12 1 1 1 7 1 10 7 12 1 1 1 10 12 1 1 1 1 1 1 1 1 1 1 1 1 1 1 100 1 1 1 1
ciInstanceKlass javafx/scene/layout/Region$StyleableProperties$11 1 1 52 10 7 12 1 1 1 9 7 12 1 1 1 10 7 12 1 1 1 10 12 1 1 7 1 10 7 12 1 1 1 10 12 1 1 1 1 1 1 1 1 1 1 1 1 1 1 100 1 1 1 1
ciInstanceKlass javafx/scene/layout/BackgroundConverter 1 1 129 10 7 12 1 1 1 9 7 12 1 1 1 11 7 12 1 1 1 7 1 9 12 1 100 1 7 1 9 12 1 7 1 7 1 9 12 1 7 1 7 1 9 12 1 1 9 12 1 10 12 1 100 1 9 12 1 100 1 100 1 9 12 1 100 1 100 1 9 12 1 100 1 100 1 10 100 12 1 1 1 10 12 1 1 9 12 1 1 9 12 1 10 12 1 10 12 1 10 7 12 1 1 1 10 9 12 1 1 1 1 1 1 1 100 1 100 1 100 1 100 1 100 1 1 1 1 1 1
staticfield javafx/scene/layout/BackgroundConverter INSTANCE Ljavafx/css/StyleConverter; javafx/scene/layout/BackgroundConverter
ciInstanceKlass com/sun/javafx/css/SubCssMetaData 1 1 32 10 7 12 1 1 1 10 12 1 100 1 10 100 12 1 1 1 10 12 1 1 1 1 1 1 1 1 1 1 1 1
ciInstanceKlass com/sun/javafx/logging/PlatformLogger$Level 1 1 106 7 1 9 12 1 1 9 12 1 9 12 1 9 12 1 9 12 1 9 12 1 9 12 1 9 12 1 9 12 1 1 10 7 12 1 1 10 7 12 1 1 1 10 12 1 1 9 12 1 1 8 9 7 12 1 10 12 1 8 9 12 1 8 8 9 12 1 8 9 12 8 9 12 8 9 12 1 8 9 12 10 12 1 1 1 1 1 1 1 1 1 1 1 1 1 1 100 1 1 1 100 1 100 1 1
staticfield com/sun/javafx/logging/PlatformLogger$Level ALL Lcom/sun/javafx/logging/PlatformLogger$Level; com/sun/javafx/logging/PlatformLogger$Level
staticfield com/sun/javafx/logging/PlatformLogger$Level FINEST Lcom/sun/javafx/logging/PlatformLogger$Level; com/sun/javafx/logging/PlatformLogger$Level
staticfield com/sun/javafx/logging/PlatformLogger$Level FINER Lcom/sun/javafx/logging/PlatformLogger$Level; com/sun/javafx/logging/PlatformLogger$Level
staticfield com/sun/javafx/logging/PlatformLogger$Level FINE Lcom/sun/javafx/logging/PlatformLogger$Level; com/sun/javafx/logging/PlatformLogger$Level
staticfield com/sun/javafx/logging/PlatformLogger$Level INFO Lcom/sun/javafx/logging/PlatformLogger$Level; com/sun/javafx/logging/PlatformLogger$Level
staticfield com/sun/javafx/logging/PlatformLogger$Level WARNING Lcom/sun/javafx/logging/PlatformLogger$Level; com/sun/javafx/logging/PlatformLogger$Level
staticfield com/sun/javafx/logging/PlatformLogger$Level SEVERE Lcom/sun/javafx/logging/PlatformLogger$Level; com/sun/javafx/logging/PlatformLogger$Level
staticfield com/sun/javafx/logging/PlatformLogger$Level OFF Lcom/sun/javafx/logging/PlatformLogger$Level; com/sun/javafx/logging/PlatformLogger$Level
staticfield com/sun/javafx/logging/PlatformLogger$Level $VALUES [Lcom/sun/javafx/logging/PlatformLogger$Level; 8 [Lcom/sun/javafx/logging/PlatformLogger$Level;
ciInstanceKlass com/sun/javafx/css/StyleCache 1 1 56 10 7 12 1 1 1 9 7 12 1 1 1 10 100 12 1 1 11 7 12 1 1 11 12 1 1 7 1 7 1 10 12 1 11 12 1 1 1 1 1 1 1 1 1 1 1 1 1 1 100 1 1 1 100 1
ciInstanceKlass com/sun/javafx/css/StyleCacheEntry$Key 1 1 108 10 7 12 1 1 1 100 1 3 9 7 12 1 1 1 7 1 9 12 1 1 7 1 10 11 12 1 1 10 7 12 1 1 1 10 12 1 1 9 12 1 1 10 100 12 1 1 1 18 12 1 1 10 7 12 1 1 1 10 12 1 1 11 12 1 10 12 1 1 6 0 6 0 11 12 1 1 1 1 1 1 1 1 100 1 1 1 1 1 100 1 1 15 10 100 12 1 1 8 1 1 1 100 1 100 1 1
ciInstanceKlass com/sun/javafx/css/CalculatedValue 1 1 88 10 7 12 1 1 1 9 7 12 1 1 1 9 12 1 1 9 12 1 1 100 1 10 10 12 1 1 10 100 12 1 1 1 10 12 1 8 1 10 12 1 10 12 1 10 12 1 1 10 12 1 1 10 12 1 1 10 12 1 1 10 7 12 1 1 10 7 1 10 12 1 9 12 1 1 1 1 1 1 1 1 1 1 1 1 1 1
staticfield com/sun/javafx/css/CalculatedValue SKIP Lcom/sun/javafx/css/CalculatedValue; com/sun/javafx/css/CalculatedValue
ciInstanceKlass javafx/css/Style 1 1 64 9 7 12 1 1 1 9 12 1 1 10 7 12 1 1 1 10 12 1 1 10 12 1 1 10 100 1 10 12 1 1 10 100 1 10 10 100 12 1 1 1 10 12 1 1 8 1 8 1 10 12 1 1 1 1 1 1 1 1 1 1 1 1
ciInstanceKlass com/sun/javafx/css/StyleCacheEntry 1 1 48 10 7 12 1 1 1 9 7 12 1 1 1 11 7 12 1 1 1 11 12 1 1 7 1 7 1 10 12 1 11 12 1 1 1 1 1 1 1 1 1 1 1 1 100 1 1 1
ciInstanceKlass com/sun/javafx/scene/control/LabeledText 1 1 324 10 7 12 1 1 1 9 7 12 1 1 1 100 1 8 1 10 12 1 9 12 1 1 10 7 12 1 1 1 10 12 1 1 10 12 1 1 10 12 1 1 10 12 1 1 10 12 1 1 10 12 1 1 10 12 1 1 10 12 1 1 10 12 1 1 10 12 1 1 10 12 1 10 7 12 1 1 1 10 12 1 10 10 12 1 10 10 12 1 1 10 10 7 1 10 12 1 1 10 10 7 1 10 12 1 1 7 1 8 1 11 7 12 1 1 1 9 12 1 1 10 12 1 1 7 1 9 12 1 1 8 10 7 12 1 1 7 1 10 12 1 10 12 1 1 9 12 1 9 12 1 8 9 7 12 1 1 1 9 12 1 9 12 1 8 9 7 12 1 1 1 9 12 1 9 12 1 8 1 9 7 12 1 1 1 10 9 12 1 9 12 1 8 10 100 12 1 1 1 10 7 1 8 1 10 12 1 7 1 8 1 10 7 12 1 1 1 10 12 1 7 1 8 1 7 1 10 12 1 10 12 1 7 1 8 1 10 7 1 10 12 1 7 1 8 1 10 7 1 10 7 12 1 1 10 12 1 7 1 10 10 12 1 11 7 12 1 1 1 11 12 1 1 7 1 10 12 1 1 10 12 1 1 11 12 1 1 10 7 12 1 1 1 1 1 1 1 1 1 1 1 1 1 1 1 1 1 1 1 1 1 1 1 1 1 1 1 1 1 1 1 1 1
staticfield com/sun/javafx/scene/control/LabeledText FONT Ljavafx/css/CssMetaData; com/sun/javafx/scene/control/LabeledText$1
staticfield com/sun/javafx/scene/control/LabeledText FILL Ljavafx/css/CssMetaData; com/sun/javafx/scene/control/LabeledText$2
staticfield com/sun/javafx/scene/control/LabeledText TEXT_ALIGNMENT Ljavafx/css/CssMetaData; com/sun/javafx/scene/control/LabeledText$3
staticfield com/sun/javafx/scene/control/LabeledText UNDERLINE Ljavafx/css/CssMetaData; com/sun/javafx/scene/control/LabeledText$4
staticfield com/sun/javafx/scene/control/LabeledText LINE_SPACING Ljavafx/css/CssMetaData; com/sun/javafx/scene/control/LabeledText$5
staticfield com/sun/javafx/scene/control/LabeledText STYLEABLES Ljava/util/List; java/util/Collections$UnmodifiableRandomAccessList
ciInstanceKlass com/sun/javafx/scene/control/LabeledText$1 1 1 52 10 7 12 1 1 1 9 7 12 1 1 1 10 7 12 1 1 1 10 7 12 1 1 1 10 12 1 1 10 7 12 1 1 1 10 12 1 1 1 1 1 1 1 1 1 1 1 1 1 1 1
ciInstanceKlass com/sun/javafx/scene/control/LabeledText$StyleablePropertyMirror 1 1 68 9 7 12 1 1 1 10 7 12 1 1 1 9 12 1 1 9 12 1 1 7 1 11 12 1 1 10 12 1 1 11 7 12 1 1 1 10 7 12 1 1 1 9 12 1 1 11 100 1 1 1 1 1 1 1 1 1 1 1 1 1 1 1 7 1 1 1
ciInstanceKlass javafx/scene/layout/BorderPane 1 1 326 7 1 8 1 10 12 1 1 10 12 1 1 100 1 8 1 7 1 10 12 1 1 9 12 1 1 10 12 1 1 10 12 1 1 10 7 12 1 1 1 10 12 1 1 10 12 1 10 12 1 10 12 1 10 12 1 9 12 1 1 7 1 8 10 12 1 10 12 1 1 10 7 12 1 1 1 10 12 1 1 7 1 9 12 1 8 10 12 1 9 12 1 8 10 12 1 9 12 1 8 10 12 1 9 12 1 8 10 12 1 10 12 1 1 10 12 1 1 10 12 1 1 10 12 1 9 7 12 1 1 1 10 12 1 10 12 1 9 12 1 10 12 1 6 0 10 12 1 1 10 12 1 1 10 12 1 10 7 12 1 1 1 10 12 1 1 10 12 1 10 12 10 12 10 12 10 12 1 10 12 1 10 10 12 1 1 10 12 1 10 12 1 10 12 1 1 10 12 1 10 12 1 10 12 1 10 12 1 9 12 1 1 10 12 1 1 9 7 12 1 1 1 9 12 1 10 12 1 10 12 1 1 10 12 1 10 12 1 1 10 12 1 1 9 7 12 1 1 1 10 12 1 1 9 7 12 1 1 1 10 12 1 10 12 1 1 9 12 1 10 12 1 10 12 1 9 12 1 9 12 1 9 12 10 12 1 1 10 12 1 1 10 12 1 10 12 1 1 10 12 1 1 1 1 1 1 1 1 1 1 1 1 1 1 1 1 1 1 1 1 1 100 1 1 1
compile javafx/scene/CssStyleHelper transitionToState (Ljavafx/scene/Node;)V -1 4 inline 227 0 -1 javafx/scene/CssStyleHelper transitionToState (Ljavafx/scene/Node;)V 1 10 javafx/scene/CssStyleHelper getStyleMap (Ljavafx/css/Styleable;)Lcom/sun/javafx/css/StyleMap; 2 18 javafx/scene/CssStyleHelper$CacheContainer getStyleMap (Ljavafx/css/Styleable;)Lcom/sun/javafx/css/StyleMap; 3 15 javafx/scene/Node getSubScene ()Ljavafx/scene/SubScene; 3 23 com/sun/javafx/css/StyleManager getInstance ()Lcom/sun/javafx/css/StyleManager; 3 32 com/sun/javafx/css/StyleManager getStyleMap (Ljavafx/css/Styleable;Ljavafx/scene/SubScene;I)Lcom/sun/javafx/css/StyleMap; 4 12 com/sun/javafx/css/StyleManager getCacheContainer (Ljavafx/css/Styleable;Ljavafx/scene/SubScene;)Lcom/sun/javafx/css/StyleManager$CacheContainer; 5 39 javafx/scene/Node getScene ()Ljavafx/scene/Scene; 6 4 javafx/beans/property/ObjectPropertyBase get ()Ljava/lang/Object; 5 51 javafx/scene/Scene getRoot ()Ljavafx/scene/Parent; 6 15 javafx/beans/property/ObjectPropertyBase get ()Ljava/lang/Object; 5 102 java/util/WeakHashMap get (Ljava/lang/Object;)Ljava/lang/Object; 6 1 java/util/WeakHashMap maskNull (Ljava/lang/Object;)Ljava/lang/Object; 6 7 java/util/WeakHashMap hash (Ljava/lang/Object;)I 6 12 java/util/WeakHashMap getTable ()[Ljava/util/WeakHashMap$Entry; 6 21 java/util/WeakHashMap indexFor (II)I 6 51 java/util/WeakHashMap matchesKey (Ljava/util/WeakHashMap$Entry;Ljava/lang/Object;)Z 7 2 java/lang/ref/Reference refersTo (Ljava/lang/Object;)Z 8 2 java/lang/ref/Reference refersToImpl (Ljava/lang/Object;)Z 7 21 java/lang/Object equals (Ljava/lang/Object;)Z 5 121 com/sun/javafx/css/StyleManager$CacheContainer <init> ()V 6 1 java/lang/Object <init> ()V 4 29 com/sun/javafx/css/StyleManager$CacheContainer getStyleMap (I)Lcom/sun/javafx/css/StyleMap; 5 14 com/sun/javafx/css/StyleManager$CacheContainer getStyleMapList ()Ljava/util/List; 6 12 java/util/ArrayList <init> ()V 7 1 java/util/AbstractList <init> ()V 8 1 java/util/AbstractCollection <init> ()V 9 1 java/lang/Object <init> ()V 5 17 java/util/ArrayList size ()I 5 26 com/sun/javafx/css/StyleManager$CacheContainer getStyleMapList ()Ljava/util/List; 6 12 java/util/ArrayList <init> ()V 7 1 java/util/AbstractList <init> ()V 8 1 java/util/AbstractCollection <init> ()V 9 1 java/lang/Object <init> ()V 5 30 java/util/ArrayList get (I)Ljava/lang/Object; 6 5 java/util/Objects checkIndex (II)I 6 11 java/util/ArrayList elementData (I)Ljava/lang/Object; 1 29 com/sun/javafx/css/StyleMap isEmpty ()Z 2 11 java/util/ArrayList isEmpty ()Z 2 11 java/util/Collections$EmptyList isEmpty ()Z 2 28 java/util/HashMap isEmpty ()Z 1 33 com/sun/javafx/css/StyleManager getInstance ()Lcom/sun/javafx/css/StyleManager; 1 38 javafx/scene/Node getSubScene ()Ljavafx/scene/SubScene; 1 48 com/sun/javafx/css/StyleManager getSharedCache (Ljavafx/css/Styleable;Ljavafx/scene/SubScene;Lcom/sun/javafx/css/StyleCache$Key;)Lcom/sun/javafx/css/StyleCache; 2 3 com/sun/javafx/css/StyleManager getCacheContainer (Ljavafx/css/Styleable;Ljavafx/scene/SubScene;)Lcom/sun/javafx/css/StyleManager$CacheContainer; 3 39 javafx/scene/Node getScene ()Ljavafx/scene/Scene; 4 4 javafx/beans/property/ObjectPropertyBase get ()Ljava/lang/Object; 3 51 javafx/scene/Scene getRoot ()Ljavafx/scene/Parent; 4 15 javafx/beans/property/ObjectPropertyBase get ()Ljava/lang/Object; 3 102 java/util/WeakHashMap get (Ljava/lang/Object;)Ljava/lang/Object; 4 1 java/util/WeakHashMap maskNull (Ljava/lang/Object;)Ljava/lang/Object; 4 7 java/util/WeakHashMap hash (Ljava/lang/Object;)I 4 12 java/util/WeakHashMap getTable ()[Ljava/util/WeakHashMap$Entry; 4 21 java/util/WeakHashMap indexFor (II)I 4 51 java/util/WeakHashMap matchesKey (Ljava/util/WeakHashMap$Entry;Ljava/lang/Object;)Z 5 2 java/lang/ref/Reference refersTo (Ljava/lang/Object;)Z 6 2 java/lang/ref/Reference refersToImpl (Ljava/lang/Object;)Z 5 21 java/lang/Object equals (Ljava/lang/Object;)Z 3 121 com/sun/javafx/css/StyleManager$CacheContainer <init> ()V 4 1 java/lang/Object <init> ()V 2 17 com/sun/javafx/css/StyleManager$CacheContainer getStyleCache ()Ljava/util/Map; 3 12 java/util/HashMap <init> ()V 4 1 java/util/AbstractMap <init> ()V 5 1 java/lang/Object <init> ()V 2 32 java/util/HashMap get (Ljava/lang/Object;)Ljava/lang/Object; 3 2 java/util/HashMap getNode (Ljava/lang/Object;)Ljava/util/HashMap$Node; 4 23 java/util/HashMap hash (Ljava/lang/Object;)I 5 9 com/sun/javafx/css/StyleCache$Key hashCode ()I 4 63 com/sun/javafx/css/StyleCache$Key equals (Ljava/lang/Object;)Z 4 128 com/sun/javafx/css/StyleCache$Key equals (Ljava/lang/Object;)Z 2 51 com/sun/javafx/css/StyleCache <init> ()V 3 1 java/lang/Object <init> ()V 2 63 com/sun/javafx/css/StyleCache$Key <init> (Lcom/sun/javafx/css/StyleCache$Key;)V 3 10 com/sun/javafx/css/StyleCache$Key <init> ([II)V 4 1 java/lang/Object <init> ()V 2 68 java/util/HashMap put (Ljava/lang/Object;Ljava/lang/Object;)Ljava/lang/Object; 3 2 java/util/HashMap hash (Ljava/lang/Object;)I 4 9 com/sun/javafx/css/StyleCache$Key hashCode ()I 1 70 javafx/scene/CssStyleHelper getTransitionStates (Ljavafx/scene/Node;)[Ljava/util/Set; 2 21 javafx/scene/Node getParent ()Ljavafx/scene/Parent; 3 15 javafx/beans/property/ObjectPropertyBase get ()Ljava/lang/Object; 2 79 com/sun/javafx/css/PseudoClassState <init> ()V 3 1 com/sun/javafx/css/BitSet <init> ()V 4 1 java/util/AbstractSet <init> ()V 5 1 java/util/AbstractCollection <init> ()V 6 1 java/lang/Object <init> ()V 2 90 com/sun/javafx/css/PseudoClassState addAll (Ljava/util/Collection;)Z 2 106 com/sun/javafx/css/PseudoClassState retainAll (Ljava/util/Collection;)Z 2 116 javafx/scene/Node getParent ()Ljavafx/scene/Parent; 3 15 javafx/beans/property/ObjectPropertyBase get ()Ljava/lang/Object; 1 81 javafx/scene/text/Font getDefault ()Ljavafx/scene/text/Font; 1 84 com/sun/javafx/css/StyleCacheEntry$Key <init> ([Ljava/util/Set;Ljavafx/scene/text/Font;)V 2 1 java/lang/Object <init> ()V 2 36 com/sun/javafx/css/PseudoClassState <init> ()V 3 1 com/sun/javafx/css/BitSet <init> ()V 4 1 java/util/AbstractSet <init> ()V 5 1 java/util/AbstractCollection <init> ()V 6 1 java/lang/Object <init> ()V 2 49 com/sun/javafx/css/PseudoClassState addAll (Ljava/util/Collection;)Z 2 67 javafx/scene/text/Font getSize ()D 1 98 java/util/HashMap get (Ljava/lang/Object;)Ljava/lang/Object; 2 2 java/util/HashMap getNode (Ljava/lang/Object;)Ljava/util/HashMap$Node; 3 23 java/util/HashMap hash (Ljava/lang/Object;)I 4 9 com/sun/javafx/css/StyleCacheEntry$Key hashCode ()I 5 14 com/sun/javafx/css/StyleCacheEntry$Key hashCode (D)I 5 63 com/sun/javafx/css/PseudoClassState hashCode ()I 6 1 com/sun/javafx/css/BitSet hashCode ()I 1 139 javafx/scene/CssStyleHelper getCachedFont (Ljavafx/css/Styleable;)Lcom/sun/javafx/css/CalculatedValue; 2 72 java/util/HashMap isEmpty ()Z 2 83 javafx/scene/CssStyleHelper getTransitionStates (Ljavafx/scene/Node;)[Ljava/util/Set; 3 21 javafx/scene/Node getParent ()Ljavafx/scene/Parent; 4 15 javafx/beans/property/ObjectPropertyBase get ()Ljava/lang/Object; 3 79 com/sun/javafx/css/PseudoClassState <init> ()V 4 1 com/sun/javafx/css/BitSet <init> ()V 5 1 java/util/AbstractSet <init> ()V 6 1 java/util/AbstractCollection <init> ()V 7 1 java/lang/Object <init> ()V 3 90 com/sun/javafx/css/PseudoClassState addAll (Ljava/util/Collection;)Z 3 106 com/sun/javafx/css/PseudoClassState retainAll (Ljava/util/Collection;)Z 3 116 javafx/scene/Node getParent ()Ljavafx/scene/Parent; 4 15 javafx/beans/property/ObjectPropertyBase get ()Ljava/lang/Object; 2 94 javafx/scene/text/Font getDefault ()Ljavafx/scene/text/Font; 2 97 com/sun/javafx/css/StyleCacheEntry$Key <init> ([Ljava/util/Set;Ljavafx/scene/text/Font;)V 3 1 java/lang/Object <init> ()V 3 36 com/sun/javafx/css/PseudoClassState <init> ()V 4 1 com/sun/javafx/css/BitSet <init> ()V 5 1 java/util/AbstractSet <init> ()V 6 1 java/util/AbstractCollection <init> ()V 7 1 java/lang/Object <init> ()V 3 49 com/sun/javafx/css/PseudoClassState addAll (Ljava/util/Collection;)Z 3 67 javafx/scene/text/Font getSize ()D 2 109 java/util/HashMap get (Ljava/lang/Object;)Ljava/lang/Object; 3 2 java/util/HashMap getNode (Ljava/lang/Object;)Ljava/util/HashMap$Node; 4 23 java/util/HashMap hash (Ljava/lang/Object;)I 5 9 com/sun/javafx/css/StyleCacheEntry$Key hashCode ()I 6 14 com/sun/javafx/css/StyleCacheEntry$Key hashCode (D)I 6 63 com/sun/javafx/css/PseudoClassState hashCode ()I 7 1 com/sun/javafx/css/BitSet hashCode ()I 2 125 javafx/scene/CssStyleHelper getStyleMap (Ljavafx/css/Styleable;)Lcom/sun/javafx/css/StyleMap; 3 18 javafx/scene/CssStyleHelper$CacheContainer getStyleMap (Ljavafx/css/Styleable;)Lcom/sun/javafx/css/StyleMap; 4 15 javafx/scene/Node getSubScene ()Ljavafx/scene/SubScene; 4 23 com/sun/javafx/css/StyleManager getInstance ()Lcom/sun/javafx/css/StyleManager; 4 32 com/sun/javafx/css/StyleManager getStyleMap (Ljavafx/css/Styleable;Ljavafx/scene/SubScene;I)Lcom/sun/javafx/css/StyleMap; 5 12 com/sun/javafx/css/StyleManager getCacheContainer (Ljavafx/css/Styleable;Ljavafx/scene/SubScene;)Lcom/sun/javafx/css/StyleManager$CacheContainer; 6 39 javafx/scene/Node getScene ()Ljavafx/scene/Scene; 7 4 javafx/beans/property/ObjectPropertyBase get ()Ljava/lang/Object; 6 51 javafx/scene/Scene getRoot ()Ljavafx/scene/Parent; 7 15 javafx/beans/property/ObjectPropertyBase get ()Ljava/lang/Object; 6 102 java/util/WeakHashMap get (Ljava/lang/Object;)Ljava/lang/Object; 7 1 java/util/WeakHashMap maskNull (Ljava/lang/Object;)Ljava/lang/Object; 7 7 java/util/WeakHashMap hash (Ljava/lang/Object;)I 7 12 java/util/WeakHashMap getTable ()[Ljava/util/WeakHashMap$Entry; 7 21 java/util/WeakHashMap indexFor (II)I 7 51 java/util/WeakHashMap matchesKey (Ljava/util/WeakHashMap$Entry;Ljava/lang/Object;)Z 8 2 java/lang/ref/Reference refersTo (Ljava/lang/Object;)Z 9 2 java/lang/ref/Reference refersToImpl (Ljava/lang/Object;)Z 8 21 java/lang/Object equals (Ljava/lang/Object;)Z 6 121 com/sun/javafx/css/StyleManager$CacheContainer <init> ()V 7 1 java/lang/Object <init> ()V 5 29 com/sun/javafx/css/StyleManager$CacheContainer getStyleMap (I)Lcom/sun/javafx/css/StyleMap; 6 14 com/sun/javafx/css/StyleManager$CacheContainer getStyleMapList ()Ljava/util/List; 7 12 java/util/ArrayList <init> ()V 8 1 java/util/AbstractList <init> ()V 9 1 java/util/AbstractCollection <init> ()V 10 1 java/lang/Object <init> ()V 6 17 java/util/ArrayList size ()I 6 26 com/sun/javafx/css/StyleManager$CacheContainer getStyleMapList ()Ljava/util/List; 7 12 java/util/ArrayList <init> ()V 8 1 java/util/AbstractList <init> ()V 9 1 java/util/AbstractCollection <init> ()V 10 1 java/lang/Object <init> ()V 6 30 java/util/ArrayList get (I)Ljava/lang/Object; 7 5 java/util/Objects checkIndex (II)I 7 11 java/util/ArrayList elementData (I)Ljava/lang/Object; 2 40 javafx/scene/CssStyleHelper getCachedFont (Ljavafx/css/Styleable;)Lcom/sun/javafx/css/CalculatedValue; 3 72 java/util/HashMap isEmpty ()Z 3 83 javafx/scene/CssStyleHelper getTransitionStates (Ljavafx/scene/Node;)[Ljava/util/Set; 4 21 javafx/scene/Node getParent ()Ljavafx/scene/Parent; 5 15 javafx/beans/property/ObjectPropertyBase get ()Ljava/lang/Object; 4 79 com/sun/javafx/css/PseudoClassState <init> ()V 5 1 com/sun/javafx/css/BitSet <init> ()V 6 1 java/util/AbstractSet <init> ()V 7 1 java/util/AbstractCollection <init> ()V 8 1 java/lang/Object <init> ()V 4 90 com/sun/javafx/css/PseudoClassState addAll (Ljava/util/Collection;)Z 4 106 com/sun/javafx/css/PseudoClassState retainAll (Ljava/util/Collection;)Z 4 116 javafx/scene/Node getParent ()Ljavafx/scene/Parent; 5 15 javafx/beans/property/ObjectPropertyBase get ()Ljava/lang/Object; 3 94 javafx/scene/text/Font getDefault ()Ljavafx/scene/text/Font; 3 97 com/sun/javafx/css/StyleCacheEntry$Key <init> ([Ljava/util/Set;Ljavafx/scene/text/Font;)V 4 1 java/lang/Object <init> ()V 4 36 com/sun/javafx/css/PseudoClassState <init> ()V 5 1 com/sun/javafx/css/BitSet <init> ()V 6 1 java/util/AbstractSet <init> ()V 7 1 java/util/AbstractCollection <init> ()V 8 1 java/lang/Object <init> ()V 4 49 com/sun/javafx/css/PseudoClassState addAll (Ljava/util/Collection;)Z 4 67 javafx/scene/text/Font getSize ()D 3 109 java/util/HashMap get (Ljava/lang/Object;)Ljava/lang/Object; 4 2 java/util/HashMap getNode (Ljava/lang/Object;)Ljava/util/HashMap$Node; 5 23 java/util/HashMap hash (Ljava/lang/Object;)I 6 9 com/sun/javafx/css/StyleCacheEntry$Key hashCode ()I 7 14 com/sun/javafx/css/StyleCacheEntry$Key hashCode (D)I 7 63 com/sun/javafx/css/PseudoClassState hashCode ()I 8 1 com/sun/javafx/css/BitSet hashCode ()I 3 125 javafx/scene/CssStyleHelper getStyleMap (Ljavafx/css/Styleable;)Lcom/sun/javafx/css/StyleMap; 4 18 javafx/scene/CssStyleHelper$CacheContainer getStyleMap (Ljavafx/css/Styleable;)Lcom/sun/javafx/css/StyleMap; 5 15 javafx/scene/Node getSubScene ()Ljavafx/scene/SubScene; 5 23 com/sun/javafx/css/StyleManager getInstance ()Lcom/sun/javafx/css/StyleManager; 5 32 com/sun/javafx/css/StyleManager getStyleMap (Ljavafx/css/Styleable;Ljavafx/scene/SubScene;I)Lcom/sun/javafx/css/StyleMap; 6 12 com/sun/javafx/css/StyleManager getCacheContainer (Ljavafx/css/Styleable;Ljavafx/scene/SubScene;)Lcom/sun/javafx/css/StyleManager$CacheContainer; 7 39 javafx/scene/Node getScene ()Ljavafx/scene/Scene; 8 4 javafx/beans/property/ObjectPropertyBase get ()Ljava/lang/Object; 7 51 javafx/scene/Scene getRoot ()Ljavafx/scene/Parent; 8 15 javafx/beans/property/ObjectPropertyBase get ()Ljava/lang/Object; 1 182 com/sun/javafx/css/CalculatedValue getValue ()Ljava/lang/Object; 1 233 com/sun/javafx/css/StyleCacheEntry <init> ()V 2 1 java/lang/Object <init> ()V 1 255 java/util/ArrayList size ()I 1 337 javafx/css/CssMetaData getProperty ()Ljava/lang/String; 1 575 com/sun/javafx/css/CalculatedValue getOrigin ()Ljavafx/css/StyleOrigin; 1 630 com/sun/javafx/css/CalculatedValue getValue ()Ljava/lang/Object; 1 797 javafx/css/CssMetaData getProperty ()Ljava/lang/String; 1 822 com/sun/javafx/css/StyleManager getErrors ()Ljavafx/collections/ObservableList; 1 934 com/sun/javafx/css/CalculatedValue getValue ()Ljava/lang/Object; 1 955 com/sun/javafx/css/CalculatedValue getOrigin ()Ljavafx/css/StyleOrigin; 1 1004 javafx/css/CssMetaData getProperty ()Ljava/lang/String;
