2026-05-07 00:06:31.877 [JavaFX Application Thread] WARN  o.h.e.j.c.i.ConnectionProviderInitiator - HHH000472: Hikari properties were encountered, but the Hikari ConnectionProvider was not found on the classpath; these properties are going to be ignored.
2026-05-07 00:06:31.902 [JavaFX Application Thread] WARN  o.hibernate.orm.connections.pooling - HHH10001002: Using built-in connection pool (not intended for production use)
2026-05-07 00:06:32.207 [JavaFX Application Thread] WARN  org.hibernate.orm.deprecation - HHH90000025: MariaDBDialect does not need to be specified explicitly using 'hibernate.dialect' (remove the property setting and it will be selected by default)
2026-05-07 00:06:33.993 [JavaFX Application Thread] DEBUG org.hibernate.SQL - 
    [34malter[0m [34mtable[0m [34mif[0m [34mexists[0m KhachHang 
       modify [34mcolumn[0m maKhachHang [34mvarchar[0m(5) [34mnot[0m [34mnull[0m
2026-05-07 00:06:34.005 [JavaFX Application Thread] WARN  o.m.jdbc.message.server.ErrorPacket - Error: 1833-HY000: Cannot change column 'maKhachHang': used in a foreign key constraint '2' of table 'qlkhachsantatp_db.hoadon'
2026-05-07 00:06:34.006 [JavaFX Application Thread] WARN  o.h.t.s.i.ExceptionHandlerLoggedImpl - GenerationTarget encountered exception accepting command : Error executing DDL "
    alter table if exists KhachHang 
       modify column maKhachHang varchar(5) not null" via JDBC [(conn=6) Cannot change column 'maKhachHang': used in a foreign key constraint '2' of table 'qlkhachsantatp_db.hoadon']
org.hibernate.tool.schema.spi.CommandAcceptanceException: Error executing DDL "
    alter table if exists KhachHang 
       modify column maKhachHang varchar(5) not null" via JDBC [(conn=6) Cannot change column 'maKhachHang': used in a foreign key constraint '2' of table 'qlkhachsantatp_db.hoadon']
	at org.hibernate.tool.schema.internal.exec.GenerationTargetToDatabase.accept(GenerationTargetToDatabase.java:94)
	at org.hibernate.tool.schema.internal.AbstractSchemaMigrator.applySqlString(AbstractSchemaMigrator.java:574)
	at org.hibernate.tool.schema.internal.AbstractSchemaMigrator.applySqlStrings(AbstractSchemaMigrator.java:514)
	at org.hibernate.tool.schema.internal.AbstractSchemaMigrator.migrateTable(AbstractSchemaMigrator.java:333)
	at org.hibernate.tool.schema.internal.GroupedSchemaMigratorImpl.performTablesMigration(GroupedSchemaMigratorImpl.java:84)
	at org.hibernate.tool.schema.internal.AbstractSchemaMigrator.performMigration(AbstractSchemaMigrator.java:232)
	at org.hibernate.tool.schema.internal.AbstractSchemaMigrator.doMigration(AbstractSchemaMigrator.java:117)
	at org.hibernate.tool.schema.spi.SchemaManagementToolCoordinator.performDatabaseAction(SchemaManagementToolCoordinator.java:286)
	at org.hibernate.tool.schema.spi.SchemaManagementToolCoordinator.lambda$process$5(SchemaManagementToolCoordinator.java:145)
	at java.base/java.util.HashMap.forEach(HashMap.java:1429)
	at org.hibernate.tool.schema.spi.SchemaManagementToolCoordinator.process(SchemaManagementToolCoordinator.java:142)
	at org.hibernate.boot.internal.SessionFactoryObserverForSchemaExport.sessionFactoryCreated(SessionFactoryObserverForSchemaExport.java:37)
	at org.hibernate.internal.SessionFactoryObserverChain.sessionFactoryCreated(SessionFactoryObserverChain.java:35)
	at org.hibernate.internal.SessionFactoryImpl.<init>(SessionFactoryImpl.java:315)
	at org.hibernate.boot.internal.SessionFactoryBuilderImpl.build(SessionFactoryBuilderImpl.java:450)
	at org.hibernate.jpa.boot.internal.EntityManagerFactoryBuilderImpl.build(EntityManagerFactoryBuilderImpl.java:1507)
	at org.hibernate.jpa.HibernatePersistenceProvider.createEntityManagerFactory(HibernatePersistenceProvider.java:55)
	at jakarta.persistence.Persistence.createEntityManagerFactory(Persistence.java:80)
	at jakarta.persistence.Persistence.createEntityManagerFactory(Persistence.java:55)
	at iuh.fit.infrastructure.db.JpaConfig.getEntityManagerFactory(JpaConfig.java:48)
	at iuh.fit.infrastructure.db.JpaConfig.getEntityManager(JpaConfig.java:67)
	at iuh.fit.infrastructure.persistence.TaiKhoanRepositoryImpl.findByTaiKhoan(TaiKhoanRepositoryImpl.java:37)
	at iuh.fit.core.service.impl.AuthenticationServiceImpl.login(AuthenticationServiceImpl.java:46)
	at iuh.fit.presentation.controller.LoginController.handleLogin(LoginController.java:284)
	at iuh.fit.presentation.controller.LoginController.lambda$createLoginScene$7(LoginController.java:254)
	at com.sun.javafx.event.CompositeEventHandler.dispatchBubblingEvent(CompositeEventHandler.java:86)
	at com.sun.javafx.event.EventHandlerManager.dispatchBubblingEvent(EventHandlerManager.java:232)
	at com.sun.javafx.event.EventHandlerManager.dispatchBubblingEvent(EventHandlerManager.java:189)
	at com.sun.javafx.event.CompositeEventDispatcher.dispatchBubblingEvent(CompositeEventDispatcher.java:59)
	at com.sun.javafx.event.BasicEventDispatcher.dispatchEvent(BasicEventDispatcher.java:58)
	at com.sun.javafx.event.EventDispatchChainImpl.dispatchEvent(EventDispatchChainImpl.java:114)
	at com.sun.javafx.event.BasicEventDispatcher.dispatchEvent(BasicEventDispatcher.java:56)
	at com.sun.javafx.event.EventDispatchChainImpl.dispatchEvent(EventDispatchChainImpl.java:114)
	at com.sun.javafx.event.BasicEventDispatcher.dispatchEvent(BasicEventDispatcher.java:56)
	at com.sun.javafx.event.EventDispatchChainImpl.dispatchEvent(EventDispatchChainImpl.java:114)
	at com.sun.javafx.event.EventUtil.fireEventImpl(EventUtil.java:74)
	at com.sun.javafx.event.EventUtil.fireEvent(EventUtil.java:49)
	at javafx.event.Event.fireEvent(Event.java:198)
	at javafx.scene.Node.fireEvent(Node.java:8875)
	at com.sun.javafx.scene.control.behavior.TextFieldBehavior.fire(TextFieldBehavior.java:161)
	at com.sun.javafx.scene.control.behavior.TextInputControlBehavior.lambda$keyMapping$62(TextInputControlBehavior.java:344)
	at com.sun.javafx.scene.control.inputmap.InputMap.handle(InputMap.java:274)
	at com.sun.javafx.event.CompositeEventHandler$NormalEventHandlerRecord.handleBubblingEvent(CompositeEventHandler.java:247)
	at com.sun.javafx.event.CompositeEventHandler.dispatchBubblingEvent(CompositeEventHandler.java:80)
	at com.sun.javafx.event.EventHandlerManager.dispatchBubblingEvent(EventHandlerManager.java:232)
	at com.sun.javafx.event.EventHandlerManager.dispatchBubblingEvent(EventHandlerManager.java:189)
	at com.sun.javafx.event.CompositeEventDispatcher.dispatchBubblingEvent(CompositeEventDispatcher.java:59)
	at com.sun.javafx.event.BasicEventDispatcher.dispatchEvent(BasicEventDispatcher.java:58)
	at com.sun.javafx.event.EventDispatchChainImpl.dispatchEvent(EventDispatchChainImpl.java:114)
	at com.sun.javafx.event.BasicEventDispatcher.dispatchEvent(BasicEventDispatcher.java:56)
	at com.sun.javafx.event.EventDispatchChainImpl.dispatchEvent(EventDispatchChainImpl.java:114)
	at com.sun.javafx.event.BasicEventDispatcher.dispatchEvent(BasicEventDispatcher.java:56)
	at com.sun.javafx.event.EventDispatchChainImpl.dispatchEvent(EventDispatchChainImpl.java:114)
	at com.sun.javafx.event.EventUtil.fireEventImpl(EventUtil.java:74)
	at com.sun.javafx.event.EventUtil.fireEvent(EventUtil.java:54)
	at javafx.event.Event.fireEvent(Event.java:198)
	at javafx.scene.Scene.processKeyEvent(Scene.java:2194)
	at javafx.scene.Scene$ScenePeerListener.keyEvent(Scene.java:2715)
	at com.sun.javafx.tk.quantum.GlassViewEventHandler$KeyEventNotification.run(GlassViewEventHandler.java:218)
	at com.sun.javafx.tk.quantum.GlassViewEventHandler$KeyEventNotification.run(GlassViewEventHandler.java:150)
	at java.base/java.security.AccessController.doPrivileged(AccessController.java:400)
	at com.sun.javafx.tk.quantum.GlassViewEventHandler.lambda$handleKeyEvent$1(GlassViewEventHandler.java:250)
	at com.sun.javafx.tk.quantum.QuantumToolkit.runWithoutRenderLock(QuantumToolkit.java:424)
	at com.sun.javafx.tk.quantum.GlassViewEventHandler.handleKeyEvent(GlassViewEventHandler.java:249)
	at com.sun.glass.ui.View.handleKeyEvent(View.java:542)
	at com.sun.glass.ui.View.notifyKey(View.java:966)
	at com.sun.glass.ui.win.WinApplication._runLoop(Native Method)
	at com.sun.glass.ui.win.WinApplication.lambda$runLoop$3(WinApplication.java:185)
	at java.base/java.lang.Thread.run(Thread.java:1583)
Caused by: java.sql.SQLException: (conn=6) Cannot change column 'maKhachHang': used in a foreign key constraint '2' of table 'qlkhachsantatp_db.hoadon'
	at org.mariadb.jdbc.export.ExceptionFactory.createException(ExceptionFactory.java:306)
	at org.mariadb.jdbc.export.ExceptionFactory.create(ExceptionFactory.java:378)
	at org.mariadb.jdbc.message.ClientMessage.readPacket(ClientMessage.java:172)
	at org.mariadb.jdbc.client.impl.StandardClient.readPacket(StandardClient.java:915)
	at org.mariadb.jdbc.client.impl.StandardClient.readResults(StandardClient.java:854)
	at org.mariadb.jdbc.client.impl.StandardClient.readResponse(StandardClient.java:773)
	at org.mariadb.jdbc.client.impl.StandardClient.execute(StandardClient.java:697)
	at org.mariadb.jdbc.Statement.executeInternal(Statement.java:1035)
	at org.mariadb.jdbc.Statement.execute(Statement.java:1165)
	at org.mariadb.jdbc.Statement.execute(Statement.java:493)
	at org.hibernate.tool.schema.internal.exec.GenerationTargetToDatabase.accept(GenerationTargetToDatabase.java:80)
	... 68 common frames omitted
2026-05-07 00:06:34.012 [JavaFX Application Thread] DEBUG org.hibernate.SQL - 
    [34malter[0m [34mtable[0m [34mif[0m [34mexists[0m NhanVien 
       modify [34mcolumn[0m maNhanVien [34mvarchar[0m(20) [34mnot[0m [34mnull[0m
2026-05-07 00:06:34.017 [JavaFX Application Thread] WARN  o.m.jdbc.message.server.ErrorPacket - Error: 1833-HY000: Cannot change column 'maNhanVien': used in a foreign key constraint '1' of table 'qlkhachsantatp_db.hoadon'
2026-05-07 00:06:34.017 [JavaFX Application Thread] WARN  o.h.t.s.i.ExceptionHandlerLoggedImpl - GenerationTarget encountered exception accepting command : Error executing DDL "
    alter table if exists NhanVien 
       modify column maNhanVien varchar(20) not null" via JDBC [(conn=6) Cannot change column 'maNhanVien': used in a foreign key constraint '1' of table 'qlkhachsantatp_db.hoadon']
org.hibernate.tool.schema.spi.CommandAcceptanceException: Error executing DDL "
    alter table if exists NhanVien 
       modify column maNhanVien varchar(20) not null" via JDBC [(conn=6) Cannot change column 'maNhanVien': used in a foreign key constraint '1' of table 'qlkhachsantatp_db.hoadon']
	at org.hibernate.tool.schema.internal.exec.GenerationTargetToDatabase.accept(GenerationTargetToDatabase.java:94)
	at org.hibernate.tool.schema.internal.AbstractSchemaMigrator.applySqlString(AbstractSchemaMigrator.java:574)
	at org.hibernate.tool.schema.internal.AbstractSchemaMigrator.applySqlStrings(AbstractSchemaMigrator.java:514)
	at org.hibernate.tool.schema.internal.AbstractSchemaMigrator.migrateTable(AbstractSchemaMigrator.java:333)
	at org.hibernate.tool.schema.internal.GroupedSchemaMigratorImpl.performTablesMigration(GroupedSchemaMigratorImpl.java:84)
	at org.hibernate.tool.schema.internal.AbstractSchemaMigrator.performMigration(AbstractSchemaMigrator.java:232)
	at org.hibernate.tool.schema.internal.AbstractSchemaMigrator.doMigration(AbstractSchemaMigrator.java:117)
	at org.hibernate.tool.schema.spi.SchemaManagementToolCoordinator.performDatabaseAction(SchemaManagementToolCoordinator.java:286)
	at org.hibernate.tool.schema.spi.SchemaManagementToolCoordinator.lambda$process$5(SchemaManagementToolCoordinator.java:145)
	at java.base/java.util.HashMap.forEach(HashMap.java:1429)
	at org.hibernate.tool.schema.spi.SchemaManagementToolCoordinator.process(SchemaManagementToolCoordinator.java:142)
	at org.hibernate.boot.internal.SessionFactoryObserverForSchemaExport.sessionFactoryCreated(SessionFactoryObserverForSchemaExport.java:37)
	at org.hibernate.internal.SessionFactoryObserverChain.sessionFactoryCreated(SessionFactoryObserverChain.java:35)
	at org.hibernate.internal.SessionFactoryImpl.<init>(SessionFactoryImpl.java:315)
	at org.hibernate.boot.internal.SessionFactoryBuilderImpl.build(SessionFactoryBuilderImpl.java:450)
	at org.hibernate.jpa.boot.internal.EntityManagerFactoryBuilderImpl.build(EntityManagerFactoryBuilderImpl.java:1507)
	at org.hibernate.jpa.HibernatePersistenceProvider.createEntityManagerFactory(HibernatePersistenceProvider.java:55)
	at jakarta.persistence.Persistence.createEntityManagerFactory(Persistence.java:80)
	at jakarta.persistence.Persistence.createEntityManagerFactory(Persistence.java:55)
	at iuh.fit.infrastructure.db.JpaConfig.getEntityManagerFactory(JpaConfig.java:48)
	at iuh.fit.infrastructure.db.JpaConfig.getEntityManager(JpaConfig.java:67)
	at iuh.fit.infrastructure.persistence.TaiKhoanRepositoryImpl.findByTaiKhoan(TaiKhoanRepositoryImpl.java:37)
	at iuh.fit.core.service.impl.AuthenticationServiceImpl.login(AuthenticationServiceImpl.java:46)
	at iuh.fit.presentation.controller.LoginController.handleLogin(LoginController.java:284)
	at iuh.fit.presentation.controller.LoginController.lambda$createLoginScene$7(LoginController.java:254)
	at com.sun.javafx.event.CompositeEventHandler.dispatchBubblingEvent(CompositeEventHandler.java:86)
	at com.sun.javafx.event.EventHandlerManager.dispatchBubblingEvent(EventHandlerManager.java:232)
	at com.sun.javafx.event.EventHandlerManager.dispatchBubblingEvent(EventHandlerManager.java:189)
	at com.sun.javafx.event.CompositeEventDispatcher.dispatchBubblingEvent(CompositeEventDispatcher.java:59)
	at com.sun.javafx.event.BasicEventDispatcher.dispatchEvent(BasicEventDispatcher.java:58)
	at com.sun.javafx.event.EventDispatchChainImpl.dispatchEvent(EventDispatchChainImpl.java:114)
	at com.sun.javafx.event.BasicEventDispatcher.dispatchEvent(BasicEventDispatcher.java:56)
	at com.sun.javafx.event.EventDispatchChainImpl.dispatchEvent(EventDispatchChainImpl.java:114)
	at com.sun.javafx.event.BasicEventDispatcher.dispatchEvent(BasicEventDispatcher.java:56)
	at com.sun.javafx.event.EventDispatchChainImpl.dispatchEvent(EventDispatchChainImpl.java:114)
	at com.sun.javafx.event.EventUtil.fireEventImpl(EventUtil.java:74)
	at com.sun.javafx.event.EventUtil.fireEvent(EventUtil.java:49)
	at javafx.event.Event.fireEvent(Event.java:198)
	at javafx.scene.Node.fireEvent(Node.java:8875)
	at com.sun.javafx.scene.control.behavior.TextFieldBehavior.fire(TextFieldBehavior.java:161)
	at com.sun.javafx.scene.control.behavior.TextInputControlBehavior.lambda$keyMapping$62(TextInputControlBehavior.java:344)
	at com.sun.javafx.scene.control.inputmap.InputMap.handle(InputMap.java:274)
	at com.sun.javafx.event.CompositeEventHandler$NormalEventHandlerRecord.handleBubblingEvent(CompositeEventHandler.java:247)
	at com.sun.javafx.event.CompositeEventHandler.dispatchBubblingEvent(CompositeEventHandler.java:80)
	at com.sun.javafx.event.EventHandlerManager.dispatchBubblingEvent(EventHandlerManager.java:232)
	at com.sun.javafx.event.EventHandlerManager.dispatchBubblingEvent(EventHandlerManager.java:189)
	at com.sun.javafx.event.CompositeEventDispatcher.dispatchBubblingEvent(CompositeEventDispatcher.java:59)
	at com.sun.javafx.event.BasicEventDispatcher.dispatchEvent(BasicEventDispatcher.java:58)
	at com.sun.javafx.event.EventDispatchChainImpl.dispatchEvent(EventDispatchChainImpl.java:114)
	at com.sun.javafx.event.BasicEventDispatcher.dispatchEvent(BasicEventDispatcher.java:56)
	at com.sun.javafx.event.EventDispatchChainImpl.dispatchEvent(EventDispatchChainImpl.java:114)
	at com.sun.javafx.event.BasicEventDispatcher.dispatchEvent(BasicEventDispatcher.java:56)
	at com.sun.javafx.event.EventDispatchChainImpl.dispatchEvent(EventDispatchChainImpl.java:114)
	at com.sun.javafx.event.EventUtil.fireEventImpl(EventUtil.java:74)
	at com.sun.javafx.event.EventUtil.fireEvent(EventUtil.java:54)
	at javafx.event.Event.fireEvent(Event.java:198)
	at javafx.scene.Scene.processKeyEvent(Scene.java:2194)
	at javafx.scene.Scene$ScenePeerListener.keyEvent(Scene.java:2715)
	at com.sun.javafx.tk.quantum.GlassViewEventHandler$KeyEventNotification.run(GlassViewEventHandler.java:218)
	at com.sun.javafx.tk.quantum.GlassViewEventHandler$KeyEventNotification.run(GlassViewEventHandler.java:150)
	at java.base/java.security.AccessController.doPrivileged(AccessController.java:400)
	at com.sun.javafx.tk.quantum.GlassViewEventHandler.lambda$handleKeyEvent$1(GlassViewEventHandler.java:250)
	at com.sun.javafx.tk.quantum.QuantumToolkit.runWithoutRenderLock(QuantumToolkit.java:424)
	at com.sun.javafx.tk.quantum.GlassViewEventHandler.handleKeyEvent(GlassViewEventHandler.java:249)
	at com.sun.glass.ui.View.handleKeyEvent(View.java:542)
	at com.sun.glass.ui.View.notifyKey(View.java:966)
	at com.sun.glass.ui.win.WinApplication._runLoop(Native Method)
	at com.sun.glass.ui.win.WinApplication.lambda$runLoop$3(WinApplication.java:185)
	at java.base/java.lang.Thread.run(Thread.java:1583)
Caused by: java.sql.SQLException: (conn=6) Cannot change column 'maNhanVien': used in a foreign key constraint '1' of table 'qlkhachsantatp_db.hoadon'
	at org.mariadb.jdbc.export.ExceptionFactory.createException(ExceptionFactory.java:306)
	at org.mariadb.jdbc.export.ExceptionFactory.create(ExceptionFactory.java:378)
	at org.mariadb.jdbc.message.ClientMessage.readPacket(ClientMessage.java:172)
	at org.mariadb.jdbc.client.impl.StandardClient.readPacket(StandardClient.java:915)
	at org.mariadb.jdbc.client.impl.StandardClient.readResults(StandardClient.java:854)
	at org.mariadb.jdbc.client.impl.StandardClient.readResponse(StandardClient.java:773)
	at org.mariadb.jdbc.client.impl.StandardClient.execute(StandardClient.java:697)
	at org.mariadb.jdbc.Statement.executeInternal(Statement.java:1035)
	at org.mariadb.jdbc.Statement.execute(Statement.java:1165)
	at org.mariadb.jdbc.Statement.execute(Statement.java:493)
	at org.hibernate.tool.schema.internal.exec.GenerationTargetToDatabase.accept(GenerationTargetToDatabase.java:80)
	... 68 common frames omitted
2026-05-07 00:06:34.019 [JavaFX Application Thread] DEBUG org.hibernate.SQL - 
    [34malter[0m [34mtable[0m [34mif[0m [34mexists[0m PhieuDatPhong 
       modify [34mcolumn[0m maKhachHang [34mvarchar[0m(5)
2026-05-07 00:06:34.023 [JavaFX Application Thread] WARN  o.m.jdbc.message.server.ErrorPacket - Error: 1832-HY000: Cannot change column 'maKhachHang': used in a foreign key constraint '1'
2026-05-07 00:06:34.024 [JavaFX Application Thread] WARN  o.h.t.s.i.ExceptionHandlerLoggedImpl - GenerationTarget encountered exception accepting command : Error executing DDL "
    alter table if exists PhieuDatPhong 
       modify column maKhachHang varchar(5)" via JDBC [(conn=6) Cannot change column 'maKhachHang': used in a foreign key constraint '1']
org.hibernate.tool.schema.spi.CommandAcceptanceException: Error executing DDL "
    alter table if exists PhieuDatPhong 
       modify column maKhachHang varchar(5)" via JDBC [(conn=6) Cannot change column 'maKhachHang': used in a foreign key constraint '1']
	at org.hibernate.tool.schema.internal.exec.GenerationTargetToDatabase.accept(GenerationTargetToDatabase.java:94)
	at org.hibernate.tool.schema.internal.AbstractSchemaMigrator.applySqlString(AbstractSchemaMigrator.java:574)
	at org.hibernate.tool.schema.internal.AbstractSchemaMigrator.applySqlStrings(AbstractSchemaMigrator.java:514)
	at org.hibernate.tool.schema.internal.AbstractSchemaMigrator.migrateTable(AbstractSchemaMigrator.java:333)
	at org.hibernate.tool.schema.internal.GroupedSchemaMigratorImpl.performTablesMigration(GroupedSchemaMigratorImpl.java:84)
	at org.hibernate.tool.schema.internal.AbstractSchemaMigrator.performMigration(AbstractSchemaMigrator.java:232)
	at org.hibernate.tool.schema.internal.AbstractSchemaMigrator.doMigration(AbstractSchemaMigrator.java:117)
	at org.hibernate.tool.schema.spi.SchemaManagementToolCoordinator.performDatabaseAction(SchemaManagementToolCoordinator.java:286)
	at org.hibernate.tool.schema.spi.SchemaManagementToolCoordinator.lambda$process$5(SchemaManagementToolCoordinator.java:145)
	at java.base/java.util.HashMap.forEach(HashMap.java:1429)
	at org.hibernate.tool.schema.spi.SchemaManagementToolCoordinator.process(SchemaManagementToolCoordinator.java:142)
	at org.hibernate.boot.internal.SessionFactoryObserverForSchemaExport.sessionFactoryCreated(SessionFactoryObserverForSchemaExport.java:37)
	at org.hibernate.internal.SessionFactoryObserverChain.sessionFactoryCreated(SessionFactoryObserverChain.java:35)
	at org.hibernate.internal.SessionFactoryImpl.<init>(SessionFactoryImpl.java:315)
	at org.hibernate.boot.internal.SessionFactoryBuilderImpl.build(SessionFactoryBuilderImpl.java:450)
	at org.hibernate.jpa.boot.internal.EntityManagerFactoryBuilderImpl.build(EntityManagerFactoryBuilderImpl.java:1507)
	at org.hibernate.jpa.HibernatePersistenceProvider.createEntityManagerFactory(HibernatePersistenceProvider.java:55)
	at jakarta.persistence.Persistence.createEntityManagerFactory(Persistence.java:80)
	at jakarta.persistence.Persistence.createEntityManagerFactory(Persistence.java:55)
	at iuh.fit.infrastructure.db.JpaConfig.getEntityManagerFactory(JpaConfig.java:48)
	at iuh.fit.infrastructure.db.JpaConfig.getEntityManager(JpaConfig.java:67)
	at iuh.fit.infrastructure.persistence.TaiKhoanRepositoryImpl.findByTaiKhoan(TaiKhoanRepositoryImpl.java:37)
	at iuh.fit.core.service.impl.AuthenticationServiceImpl.login(AuthenticationServiceImpl.java:46)
	at iuh.fit.presentation.controller.LoginController.handleLogin(LoginController.java:284)
	at iuh.fit.presentation.controller.LoginController.lambda$createLoginScene$7(LoginController.java:254)
	at com.sun.javafx.event.CompositeEventHandler.dispatchBubblingEvent(CompositeEventHandler.java:86)
	at com.sun.javafx.event.EventHandlerManager.dispatchBubblingEvent(EventHandlerManager.java:232)
	at com.sun.javafx.event.EventHandlerManager.dispatchBubblingEvent(EventHandlerManager.java:189)
	at com.sun.javafx.event.CompositeEventDispatcher.dispatchBubblingEvent(CompositeEventDispatcher.java:59)
	at com.sun.javafx.event.BasicEventDispatcher.dispatchEvent(BasicEventDispatcher.java:58)
	at com.sun.javafx.event.EventDispatchChainImpl.dispatchEvent(EventDispatchChainImpl.java:114)
	at com.sun.javafx.event.BasicEventDispatcher.dispatchEvent(BasicEventDispatcher.java:56)
	at com.sun.javafx.event.EventDispatchChainImpl.dispatchEvent(EventDispatchChainImpl.java:114)
	at com.sun.javafx.event.BasicEventDispatcher.dispatchEvent(BasicEventDispatcher.java:56)
	at com.sun.javafx.event.EventDispatchChainImpl.dispatchEvent(EventDispatchChainImpl.java:114)
	at com.sun.javafx.event.EventUtil.fireEventImpl(EventUtil.java:74)
	at com.sun.javafx.event.EventUtil.fireEvent(EventUtil.java:49)
	at javafx.event.Event.fireEvent(Event.java:198)
	at javafx.scene.Node.fireEvent(Node.java:8875)
	at com.sun.javafx.scene.control.behavior.TextFieldBehavior.fire(TextFieldBehavior.java:161)
	at com.sun.javafx.scene.control.behavior.TextInputControlBehavior.lambda$keyMapping$62(TextInputControlBehavior.java:344)
	at com.sun.javafx.scene.control.inputmap.InputMap.handle(InputMap.java:274)
	at com.sun.javafx.event.CompositeEventHandler$NormalEventHandlerRecord.handleBubblingEvent(CompositeEventHandler.java:247)
	at com.sun.javafx.event.CompositeEventHandler.dispatchBubblingEvent(CompositeEventHandler.java:80)
	at com.sun.javafx.event.EventHandlerManager.dispatchBubblingEvent(EventHandlerManager.java:232)
	at com.sun.javafx.event.EventHandlerManager.dispatchBubblingEvent(EventHandlerManager.java:189)
	at com.sun.javafx.event.CompositeEventDispatcher.dispatchBubblingEvent(CompositeEventDispatcher.java:59)
	at com.sun.javafx.event.BasicEventDispatcher.dispatchEvent(BasicEventDispatcher.java:58)
	at com.sun.javafx.event.EventDispatchChainImpl.dispatchEvent(EventDispatchChainImpl.java:114)
	at com.sun.javafx.event.BasicEventDispatcher.dispatchEvent(BasicEventDispatcher.java:56)
	at com.sun.javafx.event.EventDispatchChainImpl.dispatchEvent(EventDispatchChainImpl.java:114)
	at com.sun.javafx.event.BasicEventDispatcher.dispatchEvent(BasicEventDispatcher.java:56)
	at com.sun.javafx.event.EventDispatchChainImpl.dispatchEvent(EventDispatchChainImpl.java:114)
	at com.sun.javafx.event.EventUtil.fireEventImpl(EventUtil.java:74)
	at com.sun.javafx.event.EventUtil.fireEvent(EventUtil.java:54)
	at javafx.event.Event.fireEvent(Event.java:198)
	at javafx.scene.Scene.processKeyEvent(Scene.java:2194)
	at javafx.scene.Scene$ScenePeerListener.keyEvent(Scene.java:2715)
	at com.sun.javafx.tk.quantum.GlassViewEventHandler$KeyEventNotification.run(GlassViewEventHandler.java:218)
	at com.sun.javafx.tk.quantum.GlassViewEventHandler$KeyEventNotification.run(GlassViewEventHandler.java:150)
	at java.base/java.security.AccessController.doPrivileged(AccessController.java:400)
	at com.sun.javafx.tk.quantum.GlassViewEventHandler.lambda$handleKeyEvent$1(GlassViewEventHandler.java:250)
	at com.sun.javafx.tk.quantum.QuantumToolkit.runWithoutRenderLock(QuantumToolkit.java:424)
	at com.sun.javafx.tk.quantum.GlassViewEventHandler.handleKeyEvent(GlassViewEventHandler.java:249)
	at com.sun.glass.ui.View.handleKeyEvent(View.java:542)
	at com.sun.glass.ui.View.notifyKey(View.java:966)
	at com.sun.glass.ui.win.WinApplication._runLoop(Native Method)
	at com.sun.glass.ui.win.WinApplication.lambda$runLoop$3(WinApplication.java:185)
	at java.base/java.lang.Thread.run(Thread.java:1583)
Caused by: java.sql.SQLException: (conn=6) Cannot change column 'maKhachHang': used in a foreign key constraint '1'
	at org.mariadb.jdbc.export.ExceptionFactory.createException(ExceptionFactory.java:306)
	at org.mariadb.jdbc.export.ExceptionFactory.create(ExceptionFactory.java:378)
	at org.mariadb.jdbc.message.ClientMessage.readPacket(ClientMessage.java:172)
	at org.mariadb.jdbc.client.impl.StandardClient.readPacket(StandardClient.java:915)
	at org.mariadb.jdbc.client.impl.StandardClient.readResults(StandardClient.java:854)
	at org.mariadb.jdbc.client.impl.StandardClient.readResponse(StandardClient.java:773)
	at org.mariadb.jdbc.client.impl.StandardClient.execute(StandardClient.java:697)
	at org.mariadb.jdbc.Statement.executeInternal(Statement.java:1035)
	at org.mariadb.jdbc.Statement.execute(Statement.java:1165)
	at org.mariadb.jdbc.Statement.execute(Statement.java:493)
	at org.hibernate.tool.schema.internal.exec.GenerationTargetToDatabase.accept(GenerationTargetToDatabase.java:80)
	... 68 common frames omitted
2026-05-07 00:06:34.025 [JavaFX Application Thread] DEBUG org.hibernate.SQL - 
    [34malter[0m [34mtable[0m [34mif[0m [34mexists[0m PhieuDatPhong 
       modify [34mcolumn[0m maNhanVien [34mvarchar[0m(5)
2026-05-07 00:06:34.030 [JavaFX Application Thread] WARN  o.m.jdbc.message.server.ErrorPacket - Error: 1832-HY000: Cannot change column 'maNhanVien': used in a foreign key constraint 'FK_PhieuDatPhong_NhanVien'
2026-05-07 00:06:34.030 [JavaFX Application Thread] WARN  o.h.t.s.i.ExceptionHandlerLoggedImpl - GenerationTarget encountered exception accepting command : Error executing DDL "
    alter table if exists PhieuDatPhong 
       modify column maNhanVien varchar(5)" via JDBC [(conn=6) Cannot change column 'maNhanVien': used in a foreign key constraint 'FK_PhieuDatPhong_NhanVien']
org.hibernate.tool.schema.spi.CommandAcceptanceException: Error executing DDL "
    alter table if exists PhieuDatPhong 
       modify column maNhanVien varchar(5)" via JDBC [(conn=6) Cannot change column 'maNhanVien': used in a foreign key constraint 'FK_PhieuDatPhong_NhanVien']
	at org.hibernate.tool.schema.internal.exec.GenerationTargetToDatabase.accept(GenerationTargetToDatabase.java:94)
	at org.hibernate.tool.schema.internal.AbstractSchemaMigrator.applySqlString(AbstractSchemaMigrator.java:574)
	at org.hibernate.tool.schema.internal.AbstractSchemaMigrator.applySqlStrings(AbstractSchemaMigrator.java:514)
	at org.hibernate.tool.schema.internal.AbstractSchemaMigrator.migrateTable(AbstractSchemaMigrator.java:333)
	at org.hibernate.tool.schema.internal.GroupedSchemaMigratorImpl.performTablesMigration(GroupedSchemaMigratorImpl.java:84)
	at org.hibernate.tool.schema.internal.AbstractSchemaMigrator.performMigration(AbstractSchemaMigrator.java:232)
	at org.hibernate.tool.schema.internal.AbstractSchemaMigrator.doMigration(AbstractSchemaMigrator.java:117)
	at org.hibernate.tool.schema.spi.SchemaManagementToolCoordinator.performDatabaseAction(SchemaManagementToolCoordinator.java:286)
	at org.hibernate.tool.schema.spi.SchemaManagementToolCoordinator.lambda$process$5(SchemaManagementToolCoordinator.java:145)
	at java.base/java.util.HashMap.forEach(HashMap.java:1429)
	at org.hibernate.tool.schema.spi.SchemaManagementToolCoordinator.process(SchemaManagementToolCoordinator.java:142)
	at org.hibernate.boot.internal.SessionFactoryObserverForSchemaExport.sessionFactoryCreated(SessionFactoryObserverForSchemaExport.java:37)
	at org.hibernate.internal.SessionFactoryObserverChain.sessionFactoryCreated(SessionFactoryObserverChain.java:35)
	at org.hibernate.internal.SessionFactoryImpl.<init>(SessionFactoryImpl.java:315)
	at org.hibernate.boot.internal.SessionFactoryBuilderImpl.build(SessionFactoryBuilderImpl.java:450)
	at org.hibernate.jpa.boot.internal.EntityManagerFactoryBuilderImpl.build(EntityManagerFactoryBuilderImpl.java:1507)
	at org.hibernate.jpa.HibernatePersistenceProvider.createEntityManagerFactory(HibernatePersistenceProvider.java:55)
	at jakarta.persistence.Persistence.createEntityManagerFactory(Persistence.java:80)
	at jakarta.persistence.Persistence.createEntityManagerFactory(Persistence.java:55)
	at iuh.fit.infrastructure.db.JpaConfig.getEntityManagerFactory(JpaConfig.java:48)
	at iuh.fit.infrastructure.db.JpaConfig.getEntityManager(JpaConfig.java:67)
	at iuh.fit.infrastructure.persistence.TaiKhoanRepositoryImpl.findByTaiKhoan(TaiKhoanRepositoryImpl.java:37)
	at iuh.fit.core.service.impl.AuthenticationServiceImpl.login(AuthenticationServiceImpl.java:46)
	at iuh.fit.presentation.controller.LoginController.handleLogin(LoginController.java:284)
	at iuh.fit.presentation.controller.LoginController.lambda$createLoginScene$7(LoginController.java:254)
	at com.sun.javafx.event.CompositeEventHandler.dispatchBubblingEvent(CompositeEventHandler.java:86)
	at com.sun.javafx.event.EventHandlerManager.dispatchBubblingEvent(EventHandlerManager.java:232)
	at com.sun.javafx.event.EventHandlerManager.dispatchBubblingEvent(EventHandlerManager.java:189)
	at com.sun.javafx.event.CompositeEventDispatcher.dispatchBubblingEvent(CompositeEventDispatcher.java:59)
	at com.sun.javafx.event.BasicEventDispatcher.dispatchEvent(BasicEventDispatcher.java:58)
	at com.sun.javafx.event.EventDispatchChainImpl.dispatchEvent(EventDispatchChainImpl.java:114)
	at com.sun.javafx.event.BasicEventDispatcher.dispatchEvent(BasicEventDispatcher.java:56)
	at com.sun.javafx.event.EventDispatchChainImpl.dispatchEvent(EventDispatchChainImpl.java:114)
	at com.sun.javafx.event.BasicEventDispatcher.dispatchEvent(BasicEventDispatcher.java:56)
	at com.sun.javafx.event.EventDispatchChainImpl.dispatchEvent(EventDispatchChainImpl.java:114)
	at com.sun.javafx.event.EventUtil.fireEventImpl(EventUtil.java:74)
	at com.sun.javafx.event.EventUtil.fireEvent(EventUtil.java:49)
	at javafx.event.Event.fireEvent(Event.java:198)
	at javafx.scene.Node.fireEvent(Node.java:8875)
	at com.sun.javafx.scene.control.behavior.TextFieldBehavior.fire(TextFieldBehavior.java:161)
	at com.sun.javafx.scene.control.behavior.TextInputControlBehavior.lambda$keyMapping$62(TextInputControlBehavior.java:344)
	at com.sun.javafx.scene.control.inputmap.InputMap.handle(InputMap.java:274)
	at com.sun.javafx.event.CompositeEventHandler$NormalEventHandlerRecord.handleBubblingEvent(CompositeEventHandler.java:247)
	at com.sun.javafx.event.CompositeEventHandler.dispatchBubblingEvent(CompositeEventHandler.java:80)
	at com.sun.javafx.event.EventHandlerManager.dispatchBubblingEvent(EventHandlerManager.java:232)
	at com.sun.javafx.event.EventHandlerManager.dispatchBubblingEvent(EventHandlerManager.java:189)
	at com.sun.javafx.event.CompositeEventDispatcher.dispatchBubblingEvent(CompositeEventDispatcher.java:59)
	at com.sun.javafx.event.BasicEventDispatcher.dispatchEvent(BasicEventDispatcher.java:58)
	at com.sun.javafx.event.EventDispatchChainImpl.dispatchEvent(EventDispatchChainImpl.java:114)
	at com.sun.javafx.event.BasicEventDispatcher.dispatchEvent(BasicEventDispatcher.java:56)
	at com.sun.javafx.event.EventDispatchChainImpl.dispatchEvent(EventDispatchChainImpl.java:114)
	at com.sun.javafx.event.BasicEventDispatcher.dispatchEvent(BasicEventDispatcher.java:56)
	at com.sun.javafx.event.EventDispatchChainImpl.dispatchEvent(EventDispatchChainImpl.java:114)
	at com.sun.javafx.event.EventUtil.fireEventImpl(EventUtil.java:74)
	at com.sun.javafx.event.EventUtil.fireEvent(EventUtil.java:54)
	at javafx.event.Event.fireEvent(Event.java:198)
	at javafx.scene.Scene.processKeyEvent(Scene.java:2194)
	at javafx.scene.Scene$ScenePeerListener.keyEvent(Scene.java:2715)
	at com.sun.javafx.tk.quantum.GlassViewEventHandler$KeyEventNotification.run(GlassViewEventHandler.java:218)
	at com.sun.javafx.tk.quantum.GlassViewEventHandler$KeyEventNotification.run(GlassViewEventHandler.java:150)
	at java.base/java.security.AccessController.doPrivileged(AccessController.java:400)
	at com.sun.javafx.tk.quantum.GlassViewEventHandler.lambda$handleKeyEvent$1(GlassViewEventHandler.java:250)
	at com.sun.javafx.tk.quantum.QuantumToolkit.runWithoutRenderLock(QuantumToolkit.java:424)
	at com.sun.javafx.tk.quantum.GlassViewEventHandler.handleKeyEvent(GlassViewEventHandler.java:249)
	at com.sun.glass.ui.View.handleKeyEvent(View.java:542)
	at com.sun.glass.ui.View.notifyKey(View.java:966)
	at com.sun.glass.ui.win.WinApplication._runLoop(Native Method)
	at com.sun.glass.ui.win.WinApplication.lambda$runLoop$3(WinApplication.java:185)
	at java.base/java.lang.Thread.run(Thread.java:1583)
Caused by: java.sql.SQLException: (conn=6) Cannot change column 'maNhanVien': used in a foreign key constraint 'FK_PhieuDatPhong_NhanVien'
	at org.mariadb.jdbc.export.ExceptionFactory.createException(ExceptionFactory.java:306)
	at org.mariadb.jdbc.export.ExceptionFactory.create(ExceptionFactory.java:378)
	at org.mariadb.jdbc.message.ClientMessage.readPacket(ClientMessage.java:172)
	at org.mariadb.jdbc.client.impl.StandardClient.readPacket(StandardClient.java:915)
	at org.mariadb.jdbc.client.impl.StandardClient.readResults(StandardClient.java:854)
	at org.mariadb.jdbc.client.impl.StandardClient.readResponse(StandardClient.java:773)
	at org.mariadb.jdbc.client.impl.StandardClient.execute(StandardClient.java:697)
	at org.mariadb.jdbc.Statement.executeInternal(Statement.java:1035)
	at org.mariadb.jdbc.Statement.execute(Statement.java:1165)
	at org.mariadb.jdbc.Statement.execute(Statement.java:493)
	at org.hibernate.tool.schema.internal.exec.GenerationTargetToDatabase.accept(GenerationTargetToDatabase.java:80)
	... 68 common frames omitted
2026-05-07 00:06:34.031 [JavaFX Application Thread] DEBUG org.hibernate.SQL - 
    [34malter[0m [34mtable[0m [34mif[0m [34mexists[0m PhieuDatPhong 
       modify [34mcolumn[0m maPhong [34mvarchar[0m(4)
2026-05-07 00:06:34.036 [JavaFX Application Thread] WARN  o.m.jdbc.message.server.ErrorPacket - Error: 1832-HY000: Cannot change column 'maPhong': used in a foreign key constraint '2'
2026-05-07 00:06:34.036 [JavaFX Application Thread] WARN  o.h.t.s.i.ExceptionHandlerLoggedImpl - GenerationTarget encountered exception accepting command : Error executing DDL "
    alter table if exists PhieuDatPhong 
       modify column maPhong varchar(4)" via JDBC [(conn=6) Cannot change column 'maPhong': used in a foreign key constraint '2']
org.hibernate.tool.schema.spi.CommandAcceptanceException: Error executing DDL "
    alter table if exists PhieuDatPhong 
       modify column maPhong varchar(4)" via JDBC [(conn=6) Cannot change column 'maPhong': used in a foreign key constraint '2']
	at org.hibernate.tool.schema.internal.exec.GenerationTargetToDatabase.accept(GenerationTargetToDatabase.java:94)
	at org.hibernate.tool.schema.internal.AbstractSchemaMigrator.applySqlString(AbstractSchemaMigrator.java:574)
	at org.hibernate.tool.schema.internal.AbstractSchemaMigrator.applySqlStrings(AbstractSchemaMigrator.java:514)
	at org.hibernate.tool.schema.internal.AbstractSchemaMigrator.migrateTable(AbstractSchemaMigrator.java:333)
	at org.hibernate.tool.schema.internal.GroupedSchemaMigratorImpl.performTablesMigration(GroupedSchemaMigratorImpl.java:84)
	at org.hibernate.tool.schema.internal.AbstractSchemaMigrator.performMigration(AbstractSchemaMigrator.java:232)
	at org.hibernate.tool.schema.internal.AbstractSchemaMigrator.doMigration(AbstractSchemaMigrator.java:117)
	at org.hibernate.tool.schema.spi.SchemaManagementToolCoordinator.performDatabaseAction(SchemaManagementToolCoordinator.java:286)
	at org.hibernate.tool.schema.spi.SchemaManagementToolCoordinator.lambda$process$5(SchemaManagementToolCoordinator.java:145)
	at java.base/java.util.HashMap.forEach(HashMap.java:1429)
	at org.hibernate.tool.schema.spi.SchemaManagementToolCoordinator.process(SchemaManagementToolCoordinator.java:142)
	at org.hibernate.boot.internal.SessionFactoryObserverForSchemaExport.sessionFactoryCreated(SessionFactoryObserverForSchemaExport.java:37)
	at org.hibernate.internal.SessionFactoryObserverChain.sessionFactoryCreated(SessionFactoryObserverChain.java:35)
	at org.hibernate.internal.SessionFactoryImpl.<init>(SessionFactoryImpl.java:315)
	at org.hibernate.boot.internal.SessionFactoryBuilderImpl.build(SessionFactoryBuilderImpl.java:450)
	at org.hibernate.jpa.boot.internal.EntityManagerFactoryBuilderImpl.build(EntityManagerFactoryBuilderImpl.java:1507)
	at org.hibernate.jpa.HibernatePersistenceProvider.createEntityManagerFactory(HibernatePersistenceProvider.java:55)
	at jakarta.persistence.Persistence.createEntityManagerFactory(Persistence.java:80)
	at jakarta.persistence.Persistence.createEntityManagerFactory(Persistence.java:55)
	at iuh.fit.infrastructure.db.JpaConfig.getEntityManagerFactory(JpaConfig.java:48)
	at iuh.fit.infrastructure.db.JpaConfig.getEntityManager(JpaConfig.java:67)
	at iuh.fit.infrastructure.persistence.TaiKhoanRepositoryImpl.findByTaiKhoan(TaiKhoanRepositoryImpl.java:37)
	at iuh.fit.core.service.impl.AuthenticationServiceImpl.login(AuthenticationServiceImpl.java:46)
	at iuh.fit.presentation.controller.LoginController.handleLogin(LoginController.java:284)
	at iuh.fit.presentation.controller.LoginController.lambda$createLoginScene$7(LoginController.java:254)
	at com.sun.javafx.event.CompositeEventHandler.dispatchBubblingEvent(CompositeEventHandler.java:86)
	at com.sun.javafx.event.EventHandlerManager.dispatchBubblingEvent(EventHandlerManager.java:232)
	at com.sun.javafx.event.EventHandlerManager.dispatchBubblingEvent(EventHandlerManager.java:189)
	at com.sun.javafx.event.CompositeEventDispatcher.dispatchBubblingEvent(CompositeEventDispatcher.java:59)
	at com.sun.javafx.event.BasicEventDispatcher.dispatchEvent(BasicEventDispatcher.java:58)
	at com.sun.javafx.event.EventDispatchChainImpl.dispatchEvent(EventDispatchChainImpl.java:114)
	at com.sun.javafx.event.BasicEventDispatcher.dispatchEvent(BasicEventDispatcher.java:56)
	at com.sun.javafx.event.EventDispatchChainImpl.dispatchEvent(EventDispatchChainImpl.java:114)
	at com.sun.javafx.event.BasicEventDispatcher.dispatchEvent(BasicEventDispatcher.java:56)
	at com.sun.javafx.event.EventDispatchChainImpl.dispatchEvent(EventDispatchChainImpl.java:114)
	at com.sun.javafx.event.EventUtil.fireEventImpl(EventUtil.java:74)
	at com.sun.javafx.event.EventUtil.fireEvent(EventUtil.java:49)
	at javafx.event.Event.fireEvent(Event.java:198)
	at javafx.scene.Node.fireEvent(Node.java:8875)
	at com.sun.javafx.scene.control.behavior.TextFieldBehavior.fire(TextFieldBehavior.java:161)
	at com.sun.javafx.scene.control.behavior.TextInputControlBehavior.lambda$keyMapping$62(TextInputControlBehavior.java:344)
	at com.sun.javafx.scene.control.inputmap.InputMap.handle(InputMap.java:274)
	at com.sun.javafx.event.CompositeEventHandler$NormalEventHandlerRecord.handleBubblingEvent(CompositeEventHandler.java:247)
	at com.sun.javafx.event.CompositeEventHandler.dispatchBubblingEvent(CompositeEventHandler.java:80)
	at com.sun.javafx.event.EventHandlerManager.dispatchBubblingEvent(EventHandlerManager.java:232)
	at com.sun.javafx.event.EventHandlerManager.dispatchBubblingEvent(EventHandlerManager.java:189)
	at com.sun.javafx.event.CompositeEventDispatcher.dispatchBubblingEvent(CompositeEventDispatcher.java:59)
	at com.sun.javafx.event.BasicEventDispatcher.dispatchEvent(BasicEventDispatcher.java:58)
	at com.sun.javafx.event.EventDispatchChainImpl.dispatchEvent(EventDispatchChainImpl.java:114)
	at com.sun.javafx.event.BasicEventDispatcher.dispatchEvent(BasicEventDispatcher.java:56)
	at com.sun.javafx.event.EventDispatchChainImpl.dispatchEvent(EventDispatchChainImpl.java:114)
	at com.sun.javafx.event.BasicEventDispatcher.dispatchEvent(BasicEventDispatcher.java:56)
	at com.sun.javafx.event.EventDispatchChainImpl.dispatchEvent(EventDispatchChainImpl.java:114)
	at com.sun.javafx.event.EventUtil.fireEventImpl(EventUtil.java:74)
	at com.sun.javafx.event.EventUtil.fireEvent(EventUtil.java:54)
	at javafx.event.Event.fireEvent(Event.java:198)
	at javafx.scene.Scene.processKeyEvent(Scene.java:2194)
	at javafx.scene.Scene$ScenePeerListener.keyEvent(Scene.java:2715)
	at com.sun.javafx.tk.quantum.GlassViewEventHandler$KeyEventNotification.run(GlassViewEventHandler.java:218)
	at com.sun.javafx.tk.quantum.GlassViewEventHandler$KeyEventNotification.run(GlassViewEventHandler.java:150)
	at java.base/java.security.AccessController.doPrivileged(AccessController.java:400)
	at com.sun.javafx.tk.quantum.GlassViewEventHandler.lambda$handleKeyEvent$1(GlassViewEventHandler.java:250)
	at com.sun.javafx.tk.quantum.QuantumToolkit.runWithoutRenderLock(QuantumToolkit.java:424)
	at com.sun.javafx.tk.quantum.GlassViewEventHandler.handleKeyEvent(GlassViewEventHandler.java:249)
	at com.sun.glass.ui.View.handleKeyEvent(View.java:542)
	at com.sun.glass.ui.View.notifyKey(View.java:966)
	at com.sun.glass.ui.win.WinApplication._runLoop(Native Method)
	at com.sun.glass.ui.win.WinApplication.lambda$runLoop$3(WinApplication.java:185)
	at java.base/java.lang.Thread.run(Thread.java:1583)
Caused by: java.sql.SQLException: (conn=6) Cannot change column 'maPhong': used in a foreign key constraint '2'
	at org.mariadb.jdbc.export.ExceptionFactory.createException(ExceptionFactory.java:306)
	at org.mariadb.jdbc.export.ExceptionFactory.create(ExceptionFactory.java:378)
	at org.mariadb.jdbc.message.ClientMessage.readPacket(ClientMessage.java:172)
	at org.mariadb.jdbc.client.impl.StandardClient.readPacket(StandardClient.java:915)
	at org.mariadb.jdbc.client.impl.StandardClient.readResults(StandardClient.java:854)
	at org.mariadb.jdbc.client.impl.StandardClient.readResponse(StandardClient.java:773)
	at org.mariadb.jdbc.client.impl.StandardClient.execute(StandardClient.java:697)
	at org.mariadb.jdbc.Statement.executeInternal(Statement.java:1035)
	at org.mariadb.jdbc.Statement.execute(Statement.java:1165)
	at org.mariadb.jdbc.Statement.execute(Statement.java:493)
	at org.hibernate.tool.schema.internal.exec.GenerationTargetToDatabase.accept(GenerationTargetToDatabase.java:80)
	... 68 common frames omitted
2026-05-07 00:06:34.038 [JavaFX Application Thread] DEBUG org.hibernate.SQL - 
    [34malter[0m [34mtable[0m [34mif[0m [34mexists[0m Phong 
       modify [34mcolumn[0m maPhong [34mvarchar[0m(4) [34mnot[0m [34mnull[0m
2026-05-07 00:06:34.041 [JavaFX Application Thread] WARN  o.m.jdbc.message.server.ErrorPacket - Error: 1833-HY000: Cannot change column 'maPhong': used in a foreign key constraint '4' of table 'qlkhachsantatp_db.hoadon'
2026-05-07 00:06:34.042 [JavaFX Application Thread] WARN  o.h.t.s.i.ExceptionHandlerLoggedImpl - GenerationTarget encountered exception accepting command : Error executing DDL "
    alter table if exists Phong 
       modify column maPhong varchar(4) not null" via JDBC [(conn=6) Cannot change column 'maPhong': used in a foreign key constraint '4' of table 'qlkhachsantatp_db.hoadon']
org.hibernate.tool.schema.spi.CommandAcceptanceException: Error executing DDL "
    alter table if exists Phong 
       modify column maPhong varchar(4) not null" via JDBC [(conn=6) Cannot change column 'maPhong': used in a foreign key constraint '4' of table 'qlkhachsantatp_db.hoadon']
	at org.hibernate.tool.schema.internal.exec.GenerationTargetToDatabase.accept(GenerationTargetToDatabase.java:94)
	at org.hibernate.tool.schema.internal.AbstractSchemaMigrator.applySqlString(AbstractSchemaMigrator.java:574)
	at org.hibernate.tool.schema.internal.AbstractSchemaMigrator.applySqlStrings(AbstractSchemaMigrator.java:514)
	at org.hibernate.tool.schema.internal.AbstractSchemaMigrator.migrateTable(AbstractSchemaMigrator.java:333)
	at org.hibernate.tool.schema.internal.GroupedSchemaMigratorImpl.performTablesMigration(GroupedSchemaMigratorImpl.java:84)
	at org.hibernate.tool.schema.internal.AbstractSchemaMigrator.performMigration(AbstractSchemaMigrator.java:232)
	at org.hibernate.tool.schema.internal.AbstractSchemaMigrator.doMigration(AbstractSchemaMigrator.java:117)
	at org.hibernate.tool.schema.spi.SchemaManagementToolCoordinator.performDatabaseAction(SchemaManagementToolCoordinator.java:286)
	at org.hibernate.tool.schema.spi.SchemaManagementToolCoordinator.lambda$process$5(SchemaManagementToolCoordinator.java:145)
	at java.base/java.util.HashMap.forEach(HashMap.java:1429)
	at org.hibernate.tool.schema.spi.SchemaManagementToolCoordinator.process(SchemaManagementToolCoordinator.java:142)
	at org.hibernate.boot.internal.SessionFactoryObserverForSchemaExport.sessionFactoryCreated(SessionFactoryObserverForSchemaExport.java:37)
	at org.hibernate.internal.SessionFactoryObserverChain.sessionFactoryCreated(SessionFactoryObserverChain.java:35)
	at org.hibernate.internal.SessionFactoryImpl.<init>(SessionFactoryImpl.java:315)
	at org.hibernate.boot.internal.SessionFactoryBuilderImpl.build(SessionFactoryBuilderImpl.java:450)
	at org.hibernate.jpa.boot.internal.EntityManagerFactoryBuilderImpl.build(EntityManagerFactoryBuilderImpl.java:1507)
	at org.hibernate.jpa.HibernatePersistenceProvider.createEntityManagerFactory(HibernatePersistenceProvider.java:55)
	at jakarta.persistence.Persistence.createEntityManagerFactory(Persistence.java:80)
	at jakarta.persistence.Persistence.createEntityManagerFactory(Persistence.java:55)
	at iuh.fit.infrastructure.db.JpaConfig.getEntityManagerFactory(JpaConfig.java:48)
	at iuh.fit.infrastructure.db.JpaConfig.getEntityManager(JpaConfig.java:67)
	at iuh.fit.infrastructure.persistence.TaiKhoanRepositoryImpl.findByTaiKhoan(TaiKhoanRepositoryImpl.java:37)
	at iuh.fit.core.service.impl.AuthenticationServiceImpl.login(AuthenticationServiceImpl.java:46)
	at iuh.fit.presentation.controller.LoginController.handleLogin(LoginController.java:284)
	at iuh.fit.presentation.controller.LoginController.lambda$createLoginScene$7(LoginController.java:254)
	at com.sun.javafx.event.CompositeEventHandler.dispatchBubblingEvent(CompositeEventHandler.java:86)
	at com.sun.javafx.event.EventHandlerManager.dispatchBubblingEvent(EventHandlerManager.java:232)
	at com.sun.javafx.event.EventHandlerManager.dispatchBubblingEvent(EventHandlerManager.java:189)
	at com.sun.javafx.event.CompositeEventDispatcher.dispatchBubblingEvent(CompositeEventDispatcher.java:59)
	at com.sun.javafx.event.BasicEventDispatcher.dispatchEvent(BasicEventDispatcher.java:58)
	at com.sun.javafx.event.EventDispatchChainImpl.dispatchEvent(EventDispatchChainImpl.java:114)
	at com.sun.javafx.event.BasicEventDispatcher.dispatchEvent(BasicEventDispatcher.java:56)
	at com.sun.javafx.event.EventDispatchChainImpl.dispatchEvent(EventDispatchChainImpl.java:114)
	at com.sun.javafx.event.BasicEventDispatcher.dispatchEvent(BasicEventDispatcher.java:56)
	at com.sun.javafx.event.EventDispatchChainImpl.dispatchEvent(EventDispatchChainImpl.java:114)
	at com.sun.javafx.event.EventUtil.fireEventImpl(EventUtil.java:74)
	at com.sun.javafx.event.EventUtil.fireEvent(EventUtil.java:49)
	at javafx.event.Event.fireEvent(Event.java:198)
	at javafx.scene.Node.fireEvent(Node.java:8875)
	at com.sun.javafx.scene.control.behavior.TextFieldBehavior.fire(TextFieldBehavior.java:161)
	at com.sun.javafx.scene.control.behavior.TextInputControlBehavior.lambda$keyMapping$62(TextInputControlBehavior.java:344)
	at com.sun.javafx.scene.control.inputmap.InputMap.handle(InputMap.java:274)
	at com.sun.javafx.event.CompositeEventHandler$NormalEventHandlerRecord.handleBubblingEvent(CompositeEventHandler.java:247)
	at com.sun.javafx.event.CompositeEventHandler.dispatchBubblingEvent(CompositeEventHandler.java:80)
	at com.sun.javafx.event.EventHandlerManager.dispatchBubblingEvent(EventHandlerManager.java:232)
	at com.sun.javafx.event.EventHandlerManager.dispatchBubblingEvent(EventHandlerManager.java:189)
	at com.sun.javafx.event.CompositeEventDispatcher.dispatchBubblingEvent(CompositeEventDispatcher.java:59)
	at com.sun.javafx.event.BasicEventDispatcher.dispatchEvent(BasicEventDispatcher.java:58)
	at com.sun.javafx.event.EventDispatchChainImpl.dispatchEvent(EventDispatchChainImpl.java:114)
	at com.sun.javafx.event.BasicEventDispatcher.dispatchEvent(BasicEventDispatcher.java:56)
	at com.sun.javafx.event.EventDispatchChainImpl.dispatchEvent(EventDispatchChainImpl.java:114)
	at com.sun.javafx.event.BasicEventDispatcher.dispatchEvent(BasicEventDispatcher.java:56)
	at com.sun.javafx.event.EventDispatchChainImpl.dispatchEvent(EventDispatchChainImpl.java:114)
	at com.sun.javafx.event.EventUtil.fireEventImpl(EventUtil.java:74)
	at com.sun.javafx.event.EventUtil.fireEvent(EventUtil.java:54)
	at javafx.event.Event.fireEvent(Event.java:198)
	at javafx.scene.Scene.processKeyEvent(Scene.java:2194)
	at javafx.scene.Scene$ScenePeerListener.keyEvent(Scene.java:2715)
	at com.sun.javafx.tk.quantum.GlassViewEventHandler$KeyEventNotification.run(GlassViewEventHandler.java:218)
	at com.sun.javafx.tk.quantum.GlassViewEventHandler$KeyEventNotification.run(GlassViewEventHandler.java:150)
	at java.base/java.security.AccessController.doPrivileged(AccessController.java:400)
	at com.sun.javafx.tk.quantum.GlassViewEventHandler.lambda$handleKeyEvent$1(GlassViewEventHandler.java:250)
	at com.sun.javafx.tk.quantum.QuantumToolkit.runWithoutRenderLock(QuantumToolkit.java:424)
	at com.sun.javafx.tk.quantum.GlassViewEventHandler.handleKeyEvent(GlassViewEventHandler.java:249)
	at com.sun.glass.ui.View.handleKeyEvent(View.java:542)
	at com.sun.glass.ui.View.notifyKey(View.java:966)
	at com.sun.glass.ui.win.WinApplication._runLoop(Native Method)
	at com.sun.glass.ui.win.WinApplication.lambda$runLoop$3(WinApplication.java:185)
	at java.base/java.lang.Thread.run(Thread.java:1583)
Caused by: java.sql.SQLException: (conn=6) Cannot change column 'maPhong': used in a foreign key constraint '4' of table 'qlkhachsantatp_db.hoadon'
	at org.mariadb.jdbc.export.ExceptionFactory.createException(ExceptionFactory.java:306)
	at org.mariadb.jdbc.export.ExceptionFactory.create(ExceptionFactory.java:378)
	at org.mariadb.jdbc.message.ClientMessage.readPacket(ClientMessage.java:172)
	at org.mariadb.jdbc.client.impl.StandardClient.readPacket(StandardClient.java:915)
	at org.mariadb.jdbc.client.impl.StandardClient.readResults(StandardClient.java:854)
	at org.mariadb.jdbc.client.impl.StandardClient.readResponse(StandardClient.java:773)
	at org.mariadb.jdbc.client.impl.StandardClient.execute(StandardClient.java:697)
	at org.mariadb.jdbc.Statement.executeInternal(Statement.java:1035)
	at org.mariadb.jdbc.Statement.execute(Statement.java:1165)
	at org.mariadb.jdbc.Statement.execute(Statement.java:493)
	at org.hibernate.tool.schema.internal.exec.GenerationTargetToDatabase.accept(GenerationTargetToDatabase.java:80)
	... 68 common frames omitted
2026-05-07 00:06:34.042 [JavaFX Application Thread] DEBUG org.hibernate.SQL - 
    [34malter[0m [34mtable[0m [34mif[0m [34mexists[0m TaiKhoan 
       modify [34mcolumn[0m maNhanVien [34mvarchar[0m(20)
2026-05-07 00:06:34.046 [JavaFX Application Thread] WARN  o.m.jdbc.message.server.ErrorPacket - Error: 1832-HY000: Cannot change column 'maNhanVien': used in a foreign key constraint 'FK_TaiKhoan_NhanVien'
2026-05-07 00:06:34.046 [JavaFX Application Thread] WARN  o.h.t.s.i.ExceptionHandlerLoggedImpl - GenerationTarget encountered exception accepting command : Error executing DDL "
    alter table if exists TaiKhoan 
       modify column maNhanVien varchar(20)" via JDBC [(conn=6) Cannot change column 'maNhanVien': used in a foreign key constraint 'FK_TaiKhoan_NhanVien']
org.hibernate.tool.schema.spi.CommandAcceptanceException: Error executing DDL "
    alter table if exists TaiKhoan 
       modify column maNhanVien varchar(20)" via JDBC [(conn=6) Cannot change column 'maNhanVien': used in a foreign key constraint 'FK_TaiKhoan_NhanVien']
	at org.hibernate.tool.schema.internal.exec.GenerationTargetToDatabase.accept(GenerationTargetToDatabase.java:94)
	at org.hibernate.tool.schema.internal.AbstractSchemaMigrator.applySqlString(AbstractSchemaMigrator.java:574)
	at org.hibernate.tool.schema.internal.AbstractSchemaMigrator.applySqlStrings(AbstractSchemaMigrator.java:514)
	at org.hibernate.tool.schema.internal.AbstractSchemaMigrator.migrateTable(AbstractSchemaMigrator.java:333)
	at org.hibernate.tool.schema.internal.GroupedSchemaMigratorImpl.performTablesMigration(GroupedSchemaMigratorImpl.java:84)
	at org.hibernate.tool.schema.internal.AbstractSchemaMigrator.performMigration(AbstractSchemaMigrator.java:232)
	at org.hibernate.tool.schema.internal.AbstractSchemaMigrator.doMigration(AbstractSchemaMigrator.java:117)
	at org.hibernate.tool.schema.spi.SchemaManagementToolCoordinator.performDatabaseAction(SchemaManagementToolCoordinator.java:286)
	at org.hibernate.tool.schema.spi.SchemaManagementToolCoordinator.lambda$process$5(SchemaManagementToolCoordinator.java:145)
	at java.base/java.util.HashMap.forEach(HashMap.java:1429)
	at org.hibernate.tool.schema.spi.SchemaManagementToolCoordinator.process(SchemaManagementToolCoordinator.java:142)
	at org.hibernate.boot.internal.SessionFactoryObserverForSchemaExport.sessionFactoryCreated(SessionFactoryObserverForSchemaExport.java:37)
	at org.hibernate.internal.SessionFactoryObserverChain.sessionFactoryCreated(SessionFactoryObserverChain.java:35)
	at org.hibernate.internal.SessionFactoryImpl.<init>(SessionFactoryImpl.java:315)
	at org.hibernate.boot.internal.SessionFactoryBuilderImpl.build(SessionFactoryBuilderImpl.java:450)
	at org.hibernate.jpa.boot.internal.EntityManagerFactoryBuilderImpl.build(EntityManagerFactoryBuilderImpl.java:1507)
	at org.hibernate.jpa.HibernatePersistenceProvider.createEntityManagerFactory(HibernatePersistenceProvider.java:55)
	at jakarta.persistence.Persistence.createEntityManagerFactory(Persistence.java:80)
	at jakarta.persistence.Persistence.createEntityManagerFactory(Persistence.java:55)
	at iuh.fit.infrastructure.db.JpaConfig.getEntityManagerFactory(JpaConfig.java:48)
	at iuh.fit.infrastructure.db.JpaConfig.getEntityManager(JpaConfig.java:67)
	at iuh.fit.infrastructure.persistence.TaiKhoanRepositoryImpl.findByTaiKhoan(TaiKhoanRepositoryImpl.java:37)
	at iuh.fit.core.service.impl.AuthenticationServiceImpl.login(AuthenticationServiceImpl.java:46)
	at iuh.fit.presentation.controller.LoginController.handleLogin(LoginController.java:284)
	at iuh.fit.presentation.controller.LoginController.lambda$createLoginScene$7(LoginController.java:254)
	at com.sun.javafx.event.CompositeEventHandler.dispatchBubblingEvent(CompositeEventHandler.java:86)
	at com.sun.javafx.event.EventHandlerManager.dispatchBubblingEvent(EventHandlerManager.java:232)
	at com.sun.javafx.event.EventHandlerManager.dispatchBubblingEvent(EventHandlerManager.java:189)
	at com.sun.javafx.event.CompositeEventDispatcher.dispatchBubblingEvent(CompositeEventDispatcher.java:59)
	at com.sun.javafx.event.BasicEventDispatcher.dispatchEvent(BasicEventDispatcher.java:58)
	at com.sun.javafx.event.EventDispatchChainImpl.dispatchEvent(EventDispatchChainImpl.java:114)
	at com.sun.javafx.event.BasicEventDispatcher.dispatchEvent(BasicEventDispatcher.java:56)
	at com.sun.javafx.event.EventDispatchChainImpl.dispatchEvent(EventDispatchChainImpl.java:114)
	at com.sun.javafx.event.BasicEventDispatcher.dispatchEvent(BasicEventDispatcher.java:56)
	at com.sun.javafx.event.EventDispatchChainImpl.dispatchEvent(EventDispatchChainImpl.java:114)
	at com.sun.javafx.event.EventUtil.fireEventImpl(EventUtil.java:74)
	at com.sun.javafx.event.EventUtil.fireEvent(EventUtil.java:49)
	at javafx.event.Event.fireEvent(Event.java:198)
	at javafx.scene.Node.fireEvent(Node.java:8875)
	at com.sun.javafx.scene.control.behavior.TextFieldBehavior.fire(TextFieldBehavior.java:161)
	at com.sun.javafx.scene.control.behavior.TextInputControlBehavior.lambda$keyMapping$62(TextInputControlBehavior.java:344)
	at com.sun.javafx.scene.control.inputmap.InputMap.handle(InputMap.java:274)
	at com.sun.javafx.event.CompositeEventHandler$NormalEventHandlerRecord.handleBubblingEvent(CompositeEventHandler.java:247)
	at com.sun.javafx.event.CompositeEventHandler.dispatchBubblingEvent(CompositeEventHandler.java:80)
	at com.sun.javafx.event.EventHandlerManager.dispatchBubblingEvent(EventHandlerManager.java:232)
	at com.sun.javafx.event.EventHandlerManager.dispatchBubblingEvent(EventHandlerManager.java:189)
	at com.sun.javafx.event.CompositeEventDispatcher.dispatchBubblingEvent(CompositeEventDispatcher.java:59)
	at com.sun.javafx.event.BasicEventDispatcher.dispatchEvent(BasicEventDispatcher.java:58)
	at com.sun.javafx.event.EventDispatchChainImpl.dispatchEvent(EventDispatchChainImpl.java:114)
	at com.sun.javafx.event.BasicEventDispatcher.dispatchEvent(BasicEventDispatcher.java:56)
	at com.sun.javafx.event.EventDispatchChainImpl.dispatchEvent(EventDispatchChainImpl.java:114)
	at com.sun.javafx.event.BasicEventDispatcher.dispatchEvent(BasicEventDispatcher.java:56)
	at com.sun.javafx.event.EventDispatchChainImpl.dispatchEvent(EventDispatchChainImpl.java:114)
	at com.sun.javafx.event.EventUtil.fireEventImpl(EventUtil.java:74)
	at com.sun.javafx.event.EventUtil.fireEvent(EventUtil.java:54)
	at javafx.event.Event.fireEvent(Event.java:198)
	at javafx.scene.Scene.processKeyEvent(Scene.java:2194)
	at javafx.scene.Scene$ScenePeerListener.keyEvent(Scene.java:2715)
	at com.sun.javafx.tk.quantum.GlassViewEventHandler$KeyEventNotification.run(GlassViewEventHandler.java:218)
	at com.sun.javafx.tk.quantum.GlassViewEventHandler$KeyEventNotification.run(GlassViewEventHandler.java:150)
	at java.base/java.security.AccessController.doPrivileged(AccessController.java:400)
	at com.sun.javafx.tk.quantum.GlassViewEventHandler.lambda$handleKeyEvent$1(GlassViewEventHandler.java:250)
	at com.sun.javafx.tk.quantum.QuantumToolkit.runWithoutRenderLock(QuantumToolkit.java:424)
	at com.sun.javafx.tk.quantum.GlassViewEventHandler.handleKeyEvent(GlassViewEventHandler.java:249)
	at com.sun.glass.ui.View.handleKeyEvent(View.java:542)
	at com.sun.glass.ui.View.notifyKey(View.java:966)
	at com.sun.glass.ui.win.WinApplication._runLoop(Native Method)
	at com.sun.glass.ui.win.WinApplication.lambda$runLoop$3(WinApplication.java:185)
	at java.base/java.lang.Thread.run(Thread.java:1583)
Caused by: java.sql.SQLException: (conn=6) Cannot change column 'maNhanVien': used in a foreign key constraint 'FK_TaiKhoan_NhanVien'
	at org.mariadb.jdbc.export.ExceptionFactory.createException(ExceptionFactory.java:306)
	at org.mariadb.jdbc.export.ExceptionFactory.create(ExceptionFactory.java:378)
	at org.mariadb.jdbc.message.ClientMessage.readPacket(ClientMessage.java:172)
	at org.mariadb.jdbc.client.impl.StandardClient.readPacket(StandardClient.java:915)
	at org.mariadb.jdbc.client.impl.StandardClient.readResults(StandardClient.java:854)
	at org.mariadb.jdbc.client.impl.StandardClient.readResponse(StandardClient.java:773)
	at org.mariadb.jdbc.client.impl.StandardClient.execute(StandardClient.java:697)
	at org.mariadb.jdbc.Statement.executeInternal(Statement.java:1035)
	at org.mariadb.jdbc.Statement.execute(Statement.java:1165)
	at org.mariadb.jdbc.Statement.execute(Statement.java:493)
	at org.hibernate.tool.schema.internal.exec.GenerationTargetToDatabase.accept(GenerationTargetToDatabase.java:80)
	... 68 common frames omitted
2026-05-07 00:06:34.680 [JavaFX Application Thread] DEBUG org.hibernate.SQL - 
    [34mselect[0m
        tk1_0.tenDangNhap,
        tk1_0.matKhau,
        tk1_0.maNhanVien,
        tk1_0.trangThaiTK 
    [34mfrom[0m
        TaiKhoan tk1_0 
    [34mwhere[0m
        tk1_0.tenDangNhap=?
2026-05-07 00:06:34.702 [JavaFX Application Thread] DEBUG org.hibernate.SQL - 
    [34mselect[0m
        nv1_0.maNhanVien,
        nv1_0.cccd,
        nv1_0.gioiTinh,
        nv1_0.hoTen,
        nv1_0.loaiNhanVien,
        nv1_0.ngaySinh,
        nv1_0.ngayVaoLam,
        nv1_0.queQuan,
        nv1_0.soDienThoai,
        nv1_0.trangThai 
    [34mfrom[0m
        NhanVien nv1_0 
    [34mwhere[0m
        nv1_0.maNhanVien=?
2026-05-07 00:06:35.818 [dashboard-load] DEBUG org.hibernate.SQL - 
    [34mselect[0m
        p1_0.maPhong,
        p1_0.giaPhong,
        p1_0.maLoaiPhong,
        p1_0.tenPhong,
        p1_0.tinhTrang 
    [34mfrom[0m
        Phong p1_0
2026-05-07 00:06:38.232 [Thread-4] DEBUG org.hibernate.SQL - 
    [34mselect[0m
        pdp1_0.maPhieu,
        pdp1_0.maKhachHang,
        pdp1_0.maNhanVien,
        pdp1_0.maPhong,
        pdp1_0.ngayDat,
        pdp1_0.ngayNhan,
        pdp1_0.ngayTra,
        pdp1_0.tongTien,
        pdp1_0.trangThai 
    [34mfrom[0m
        PhieuDatPhong pdp1_0
2026-05-07 00:06:38.234 [Thread-5] DEBUG org.hibernate.SQL - 
    [34mselect[0m
        pdp1_0.maPhieu,
        pdp1_0.maKhachHang,
        pdp1_0.maNhanVien,
        pdp1_0.maPhong,
        pdp1_0.ngayDat,
        pdp1_0.ngayNhan,
        pdp1_0.ngayTra,
        pdp1_0.tongTien,
        pdp1_0.trangThai 
    [34mfrom[0m
        PhieuDatPhong pdp1_0
2026-05-07 00:06:49.385 [Thread-6] DEBUG org.hibernate.SQL - 
    [34mselect[0m
        pdp1_0.maPhieu,
        pdp1_0.maKhachHang,
        pdp1_0.maNhanVien,
        pdp1_0.maPhong,
        pdp1_0.ngayDat,
        pdp1_0.ngayNhan,
        pdp1_0.ngayTra,
        pdp1_0.tongTien,
        pdp1_0.trangThai 
    [34mfrom[0m
        PhieuDatPhong pdp1_0
2026-05-07 00:06:49.385 [Thread-7] DEBUG org.hibernate.SQL - 
    [34mselect[0m
        pdp1_0.maPhieu,
        pdp1_0.maKhachHang,
        pdp1_0.maNhanVien,
        pdp1_0.maPhong,
        pdp1_0.ngayDat,
        pdp1_0.ngayNhan,
        pdp1_0.ngayTra,
        pdp1_0.tongTien,
        pdp1_0.trangThai 
    [34mfrom[0m
        PhieuDatPhong pdp1_0
2026-05-07 00:06:50.250 [Thread-9] DEBUG org.hibernate.SQL - 
    [34mselect[0m
        pdp1_0.maPhieu,
        pdp1_0.maKhachHang,
        pdp1_0.maNhanVien,
        pdp1_0.maPhong,
        pdp1_0.ngayDat,
        pdp1_0.ngayNhan,
        pdp1_0.ngayTra,
        pdp1_0.tongTien,
        pdp1_0.trangThai 
    [34mfrom[0m
        PhieuDatPhong pdp1_0
2026-05-07 00:06:50.250 [Thread-8] DEBUG org.hibernate.SQL - 
    [34mselect[0m
        pdp1_0.maPhieu,
        pdp1_0.maKhachHang,
        pdp1_0.maNhanVien,
        pdp1_0.maPhong,
        pdp1_0.ngayDat,
        pdp1_0.ngayNhan,
        pdp1_0.ngayTra,
        pdp1_0.tongTien,
        pdp1_0.trangThai 
    [34mfrom[0m
        PhieuDatPhong pdp1_0
2026-05-07 00:06:50.704 [Thread-10] DEBUG org.hibernate.SQL - 
    [34mselect[0m
        pdp1_0.maPhieu,
        pdp1_0.maKhachHang,
        pdp1_0.maNhanVien,
        pdp1_0.maPhong,
        pdp1_0.ngayDat,
        pdp1_0.ngayNhan,
        pdp1_0.ngayTra,
        pdp1_0.tongTien,
        pdp1_0.trangThai 
    [34mfrom[0m
        PhieuDatPhong pdp1_0
2026-05-07 00:06:50.704 [Thread-11] DEBUG org.hibernate.SQL - 
    [34mselect[0m
        pdp1_0.maPhieu,
        pdp1_0.maKhachHang,
        pdp1_0.maNhanVien,
        pdp1_0.maPhong,
        pdp1_0.ngayDat,
        pdp1_0.ngayNhan,
        pdp1_0.ngayTra,
        pdp1_0.tongTien,
        pdp1_0.trangThai 
    [34mfrom[0m
        PhieuDatPhong pdp1_0
2026-05-07 00:06:51.677 [Thread-13] DEBUG org.hibernate.SQL - 
    [34mselect[0m
        pdp1_0.maPhieu,
        pdp1_0.maKhachHang,
        pdp1_0.maNhanVien,
        pdp1_0.maPhong,
        pdp1_0.ngayDat,
        pdp1_0.ngayNhan,
        pdp1_0.ngayTra,
        pdp1_0.tongTien,
        pdp1_0.trangThai 
    [34mfrom[0m
        PhieuDatPhong pdp1_0
2026-05-07 00:06:51.677 [Thread-12] DEBUG org.hibernate.SQL - 
    [34mselect[0m
        pdp1_0.maPhieu,
        pdp1_0.maKhachHang,
        pdp1_0.maNhanVien,
        pdp1_0.maPhong,
        pdp1_0.ngayDat,
        pdp1_0.ngayNhan,
        pdp1_0.ngayTra,
        pdp1_0.tongTien,
        pdp1_0.trangThai 
    [34mfrom[0m
        PhieuDatPhong pdp1_0
2026-05-07 00:06:53.100 [Thread-14] DEBUG org.hibernate.SQL - 
    [34mselect[0m
        pdp1_0.maPhieu,
        pdp1_0.maKhachHang,
        pdp1_0.maNhanVien,
        pdp1_0.maPhong,
        pdp1_0.ngayDat,
        pdp1_0.ngayNhan,
        pdp1_0.ngayTra,
        pdp1_0.tongTien,
        pdp1_0.trangThai 
    [34mfrom[0m
        PhieuDatPhong pdp1_0
2026-05-07 00:06:53.100 [Thread-15] DEBUG org.hibernate.SQL - 
    [34mselect[0m
        pdp1_0.maPhieu,
        pdp1_0.maKhachHang,
        pdp1_0.maNhanVien,
        pdp1_0.maPhong,
        pdp1_0.ngayDat,
        pdp1_0.ngayNhan,
        pdp1_0.ngayTra,
        pdp1_0.tongTien,
        pdp1_0.trangThai 
    [34mfrom[0m
        PhieuDatPhong pdp1_0
2026-05-07 00:06:55.638 [Thread-16] DEBUG org.hibernate.SQL - 
    [34mselect[0m
        pdp1_0.maPhieu,
        pdp1_0.maKhachHang,
        pdp1_0.maNhanVien,
        pdp1_0.maPhong,
        pdp1_0.ngayDat,
        pdp1_0.ngayNhan,
        pdp1_0.ngayTra,
        pdp1_0.tongTien,
        pdp1_0.trangThai 
    [34mfrom[0m
        PhieuDatPhong pdp1_0
2026-05-07 00:06:55.638 [Thread-17] DEBUG org.hibernate.SQL - 
    [34mselect[0m
        pdp1_0.maPhieu,
        pdp1_0.maKhachHang,
        pdp1_0.maNhanVien,
        pdp1_0.maPhong,
        pdp1_0.ngayDat,
        pdp1_0.ngayNhan,
        pdp1_0.ngayTra,
        pdp1_0.tongTien,
        pdp1_0.trangThai 
    [34mfrom[0m
        PhieuDatPhong pdp1_0
2026-05-07 00:07:14.795 [JavaFX Application Thread] DEBUG org.hibernate.SQL - 
    [34mselect[0m
        pdp1_0.maPhieu,
        pdp1_0.maKhachHang,
        pdp1_0.maNhanVien,
        pdp1_0.maPhong,
        pdp1_0.ngayDat,
        pdp1_0.ngayNhan,
        pdp1_0.ngayTra,
        pdp1_0.tongTien,
        pdp1_0.trangThai 
    [34mfrom[0m
        PhieuDatPhong pdp1_0
2026-05-07 00:07:14.802 [JavaFX Application Thread] DEBUG org.hibernate.SQL - 
    [34mselect[0m
        dv1_0.ma_dich_vu,
        dv1_0.gia_tien,
        dv1_0.mo_ta,
        dv1_0.ten_dich_vu 
    [34mfrom[0m
        dich_vu dv1_0
2026-05-07 00:07:15.432 [Thread-19] DEBUG org.hibernate.SQL - 
    [34mselect[0m
        pdp1_0.maPhieu,
        pdp1_0.maKhachHang,
        pdp1_0.maNhanVien,
        pdp1_0.maPhong,
        pdp1_0.ngayDat,
        pdp1_0.ngayNhan,
        pdp1_0.ngayTra,
        pdp1_0.tongTien,
        pdp1_0.trangThai 
    [34mfrom[0m
        PhieuDatPhong pdp1_0
2026-05-07 00:07:15.432 [Thread-18] DEBUG org.hibernate.SQL - 
    [34mselect[0m
        pdp1_0.maPhieu,
        pdp1_0.maKhachHang,
        pdp1_0.maNhanVien,
        pdp1_0.maPhong,
        pdp1_0.ngayDat,
        pdp1_0.ngayNhan,
        pdp1_0.ngayTra,
        pdp1_0.tongTien,
        pdp1_0.trangThai 
    [34mfrom[0m
        PhieuDatPhong pdp1_0
2026-05-07 00:07:16.072 [JavaFX Application Thread] DEBUG org.hibernate.SQL - 
    [34mselect[0m
        hd1_0.ma_hoa_don,
        hd1_0.chiet_khau,
        hd1_0.ghi_chu,
        hd1_0.ngay_tao,
        hd1_0.ma_phieu_dat,
        hd1_0.thue_vat,
        hd1_0.tong_tien,
        hd1_0.trang_thai_thanh_toan 
    [34mfrom[0m
        hoa_don hd1_0 
    [34mwhere[0m
        hd1_0.ngay_tao>=? 
        [34mand[0m hd1_0.ngay_tao<=? 
    [34morder[0m [34mby[0m
        hd1_0.ngay_tao desc
2026-05-07 00:07:16.084 [JavaFX Application Thread] DEBUG org.hibernate.SQL - 
    [34mselect[0m
        hd1_0.ma_hoa_don,
        hd1_0.chiet_khau,
        hd1_0.ghi_chu,
        hd1_0.ngay_tao,
        hd1_0.ma_phieu_dat,
        hd1_0.thue_vat,
        hd1_0.tong_tien,
        hd1_0.trang_thai_thanh_toan 
    [34mfrom[0m
        hoa_don hd1_0 
    [34mwhere[0m
        hd1_0.ngay_tao>=? 
        [34mand[0m hd1_0.ngay_tao<=? 
    [34morder[0m [34mby[0m
        hd1_0.ngay_tao desc
2026-05-07 00:07:16.810 [Thread-20] DEBUG org.hibernate.SQL - 
    [34mselect[0m
        pdp1_0.maPhieu,
        pdp1_0.maKhachHang,
        pdp1_0.maNhanVien,
        pdp1_0.maPhong,
        pdp1_0.ngayDat,
        pdp1_0.ngayNhan,
        pdp1_0.ngayTra,
        pdp1_0.tongTien,
        pdp1_0.trangThai 
    [34mfrom[0m
        PhieuDatPhong pdp1_0
2026-05-07 00:07:16.811 [Thread-21] DEBUG org.hibernate.SQL - 
    [34mselect[0m
        pdp1_0.maPhieu,
        pdp1_0.maKhachHang,
        pdp1_0.maNhanVien,
        pdp1_0.maPhong,
        pdp1_0.ngayDat,
        pdp1_0.ngayNhan,
        pdp1_0.ngayTra,
        pdp1_0.tongTien,
        pdp1_0.trangThai 
    [34mfrom[0m
        PhieuDatPhong pdp1_0
2026-05-07 00:07:17.482 [JavaFX Application Thread] DEBUG org.hibernate.SQL - 
    [34mselect[0m
        p1_0.maPhong,
        p1_0.giaPhong,
        p1_0.maLoaiPhong,
        p1_0.tenPhong,
        p1_0.tinhTrang 
    [34mfrom[0m
        Phong p1_0
2026-05-07 00:07:19.987 [Thread-22] DEBUG org.hibernate.SQL - 
    [34mselect[0m
        pdp1_0.maPhieu,
        pdp1_0.maKhachHang,
        pdp1_0.maNhanVien,
        pdp1_0.maPhong,
        pdp1_0.ngayDat,
        pdp1_0.ngayNhan,
        pdp1_0.ngayTra,
        pdp1_0.tongTien,
        pdp1_0.trangThai 
    [34mfrom[0m
        PhieuDatPhong pdp1_0
2026-05-07 00:07:19.987 [Thread-23] DEBUG org.hibernate.SQL - 
    [34mselect[0m
        pdp1_0.maPhieu,
        pdp1_0.maKhachHang,
        pdp1_0.maNhanVien,
        pdp1_0.maPhong,
        pdp1_0.ngayDat,
        pdp1_0.ngayNhan,
        pdp1_0.ngayTra,
        pdp1_0.tongTien,
        pdp1_0.trangThai 
    [34mfrom[0m
        PhieuDatPhong pdp1_0
2026-05-07 00:07:20.589 [dashboard-load] DEBUG org.hibernate.SQL - 
    [34mselect[0m
        p1_0.maPhong,
        p1_0.giaPhong,
        p1_0.maLoaiPhong,
        p1_0.tenPhong,
        p1_0.tinhTrang 
    [34mfrom[0m
        Phong p1_0
2026-05-07 00:07:21.970 [Thread-25] DEBUG org.hibernate.SQL - 
    [34mselect[0m
        pdp1_0.maPhieu,
        pdp1_0.maKhachHang,
        pdp1_0.maNhanVien,
        pdp1_0.maPhong,
        pdp1_0.ngayDat,
        pdp1_0.ngayNhan,
        pdp1_0.ngayTra,
        pdp1_0.tongTien,
        pdp1_0.trangThai 
    [34mfrom[0m
        PhieuDatPhong pdp1_0
2026-05-07 00:07:21.970 [Thread-24] DEBUG org.hibernate.SQL - 
    [34mselect[0m
        pdp1_0.maPhieu,
        pdp1_0.maKhachHang,
        pdp1_0.maNhanVien,
        pdp1_0.maPhong,
        pdp1_0.ngayDat,
        pdp1_0.ngayNhan,
        pdp1_0.ngayTra,
        pdp1_0.tongTien,
        pdp1_0.trangThai 
    [34mfrom[0m
        PhieuDatPhong pdp1_0
2026-05-07 00:07:25.147 [dashboard-load] DEBUG org.hibernate.SQL - 
    [34mselect[0m
        p1_0.maPhong,
        p1_0.giaPhong,
        p1_0.maLoaiPhong,
        p1_0.tenPhong,
        p1_0.tinhTrang 
    [34mfrom[0m
        Phong p1_0
2026-05-07 00:07:26.156 [Thread-26] DEBUG org.hibernate.SQL - 
    [34mselect[0m
        pdp1_0.maPhieu,
        pdp1_0.maKhachHang,
        pdp1_0.maNhanVien,
        pdp1_0.maPhong,
        pdp1_0.ngayDat,
        pdp1_0.ngayNhan,
        pdp1_0.ngayTra,
        pdp1_0.tongTien,
        pdp1_0.trangThai 
    [34mfrom[0m
        PhieuDatPhong pdp1_0
2026-05-07 00:07:26.156 [Thread-27] DEBUG org.hibernate.SQL - 
    [34mselect[0m
        pdp1_0.maPhieu,
        pdp1_0.maKhachHang,
        pdp1_0.maNhanVien,
        pdp1_0.maPhong,
        pdp1_0.ngayDat,
        pdp1_0.ngayNhan,
        pdp1_0.ngayTra,
        pdp1_0.tongTien,
        pdp1_0.trangThai 
    [34mfrom[0m
        PhieuDatPhong pdp1_0
2026-05-07 00:07:29.047 [dashboard-load] DEBUG org.hibernate.SQL - 
    [34mselect[0m
        p1_0.maPhong,
        p1_0.giaPhong,
        p1_0.maLoaiPhong,
        p1_0.tenPhong,
        p1_0.tinhTrang 
    [34mfrom[0m
        Phong p1_0
2026-05-07 00:07:30.419 [Thread-29] DEBUG org.hibernate.SQL - 
    [34mselect[0m
        pdp1_0.maPhieu,
        pdp1_0.maKhachHang,
        pdp1_0.maNhanVien,
        pdp1_0.maPhong,
        pdp1_0.ngayDat,
        pdp1_0.ngayNhan,
        pdp1_0.ngayTra,
        pdp1_0.tongTien,
        pdp1_0.trangThai 
    [34mfrom[0m
        PhieuDatPhong pdp1_0
2026-05-07 00:07:30.419 [Thread-28] DEBUG org.hibernate.SQL - 
    [34mselect[0m
        pdp1_0.maPhieu,
        pdp1_0.maKhachHang,
        pdp1_0.maNhanVien,
        pdp1_0.maPhong,
        pdp1_0.ngayDat,
        pdp1_0.ngayNhan,
        pdp1_0.ngayTra,
        pdp1_0.tongTien,
        pdp1_0.trangThai 
    [34mfrom[0m
        PhieuDatPhong pdp1_0
2026-05-07 00:07:46.299 [Thread-30] DEBUG org.hibernate.SQL - 
    [34mselect[0m
        pdp1_0.maPhieu,
        pdp1_0.maKhachHang,
        pdp1_0.maNhanVien,
        pdp1_0.maPhong,
        pdp1_0.ngayDat,
        pdp1_0.ngayNhan,
        pdp1_0.ngayTra,
        pdp1_0.tongTien,
        pdp1_0.trangThai 
    [34mfrom[0m
        PhieuDatPhong pdp1_0
2026-05-07 00:07:46.299 [Thread-31] DEBUG org.hibernate.SQL - 
    [34mselect[0m
        pdp1_0.maPhieu,
        pdp1_0.maKhachHang,
        pdp1_0.maNhanVien,
        pdp1_0.maPhong,
        pdp1_0.ngayDat,
        pdp1_0.ngayNhan,
        pdp1_0.ngayTra,
        pdp1_0.tongTien,
        pdp1_0.trangThai 
    [34mfrom[0m
        PhieuDatPhong pdp1_0
2026-05-07 00:07:47.143 [Thread-32] DEBUG org.hibernate.SQL - 
    [34mselect[0m
        pdp1_0.maPhieu,
        pdp1_0.maKhachHang,
        pdp1_0.maNhanVien,
        pdp1_0.maPhong,
        pdp1_0.ngayDat,
        pdp1_0.ngayNhan,
        pdp1_0.ngayTra,
        pdp1_0.tongTien,
        pdp1_0.trangThai 
    [34mfrom[0m
        PhieuDatPhong pdp1_0
2026-05-07 00:07:47.143 [Thread-33] DEBUG org.hibernate.SQL - 
    [34mselect[0m
        pdp1_0.maPhieu,
        pdp1_0.maKhachHang,
        pdp1_0.maNhanVien,
        pdp1_0.maPhong,
        pdp1_0.ngayDat,
        pdp1_0.ngayNhan,
        pdp1_0.ngayTra,
        pdp1_0.tongTien,
        pdp1_0.trangThai 
    [34mfrom[0m
        PhieuDatPhong pdp1_0
2026-05-07 00:07:47.336 [Thread-35] DEBUG org.hibernate.SQL - 
    [34mselect[0m
        pdp1_0.maPhieu,
        pdp1_0.maKhachHang,
        pdp1_0.maNhanVien,
        pdp1_0.maPhong,
        pdp1_0.ngayDat,
        pdp1_0.ngayNhan,
        pdp1_0.ngayTra,
        pdp1_0.tongTien,
        pdp1_0.trangThai 
    [34mfrom[0m
        PhieuDatPhong pdp1_0
2026-05-07 00:07:47.336 [Thread-34] DEBUG org.hibernate.SQL - 
    [34mselect[0m
        pdp1_0.maPhieu,
        pdp1_0.maKhachHang,
        pdp1_0.maNhanVien,
        pdp1_0.maPhong,
        pdp1_0.ngayDat,
        pdp1_0.ngayNhan,
        pdp1_0.ngayTra,
        pdp1_0.tongTien,
        pdp1_0.trangThai 
    [34mfrom[0m
        PhieuDatPhong pdp1_0
2026-05-07 00:07:47.520 [Thread-36] DEBUG org.hibernate.SQL - 
    [34mselect[0m
        pdp1_0.maPhieu,
        pdp1_0.maKhachHang,
        pdp1_0.maNhanVien,
        pdp1_0.maPhong,
        pdp1_0.ngayDat,
        pdp1_0.ngayNhan,
        pdp1_0.ngayTra,
        pdp1_0.tongTien,
        pdp1_0.trangThai 
    [34mfrom[0m
        PhieuDatPhong pdp1_0
2026-05-07 00:07:47.520 [Thread-37] DEBUG org.hibernate.SQL - 
    [34mselect[0m
        pdp1_0.maPhieu,
        pdp1_0.maKhachHang,
        pdp1_0.maNhanVien,
        pdp1_0.maPhong,
        pdp1_0.ngayDat,
        pdp1_0.ngayNhan,
        pdp1_0.ngayTra,
        pdp1_0.tongTien,
        pdp1_0.trangThai 
    [34mfrom[0m
        PhieuDatPhong pdp1_0
2026-05-07 00:07:47.693 [Thread-38] DEBUG org.hibernate.SQL - 
    [34mselect[0m
        pdp1_0.maPhieu,
        pdp1_0.maKhachHang,
        pdp1_0.maNhanVien,
        pdp1_0.maPhong,
        pdp1_0.ngayDat,
        pdp1_0.ngayNhan,
        pdp1_0.ngayTra,
        pdp1_0.tongTien,
        pdp1_0.trangThai 
    [34mfrom[0m
        PhieuDatPhong pdp1_0
2026-05-07 00:07:47.693 [Thread-39] DEBUG org.hibernate.SQL - 
    [34mselect[0m
        pdp1_0.maPhieu,
        pdp1_0.maKhachHang,
        pdp1_0.maNhanVien,
        pdp1_0.maPhong,
        pdp1_0.ngayDat,
        pdp1_0.ngayNhan,
        pdp1_0.ngayTra,
        pdp1_0.tongTien,
        pdp1_0.trangThai 
    [34mfrom[0m
        PhieuDatPhong pdp1_0
2026-05-07 00:07:47.888 [Thread-40] DEBUG org.hibernate.SQL - 
    [34mselect[0m
        pdp1_0.maPhieu,
        pdp1_0.maKhachHang,
        pdp1_0.maNhanVien,
        pdp1_0.maPhong,
        pdp1_0.ngayDat,
        pdp1_0.ngayNhan,
        pdp1_0.ngayTra,
        pdp1_0.tongTien,
        pdp1_0.trangThai 
    [34mfrom[0m
        PhieuDatPhong pdp1_0
2026-05-07 00:07:47.888 [Thread-41] DEBUG org.hibernate.SQL - 
    [34mselect[0m
        pdp1_0.maPhieu,
        pdp1_0.maKhachHang,
        pdp1_0.maNhanVien,
        pdp1_0.maPhong,
        pdp1_0.ngayDat,
        pdp1_0.ngayNhan,
        pdp1_0.ngayTra,
        pdp1_0.tongTien,
        pdp1_0.trangThai 
    [34mfrom[0m
        PhieuDatPhong pdp1_0
2026-05-07 00:07:51.544 [dashboard-load] DEBUG org.hibernate.SQL - 
    [34mselect[0m
        p1_0.maPhong,
        p1_0.giaPhong,
        p1_0.maLoaiPhong,
        p1_0.tenPhong,
        p1_0.tinhTrang 
    [34mfrom[0m
        Phong p1_0
2026-05-07 00:07:52.531 [Thread-43] DEBUG org.hibernate.SQL - 
    [34mselect[0m
        pdp1_0.maPhieu,
        pdp1_0.maKhachHang,
        pdp1_0.maNhanVien,
        pdp1_0.maPhong,
        pdp1_0.ngayDat,
        pdp1_0.ngayNhan,
        pdp1_0.ngayTra,
        pdp1_0.tongTien,
        pdp1_0.trangThai 
    [34mfrom[0m
        PhieuDatPhong pdp1_0
2026-05-07 00:07:52.531 [Thread-42] DEBUG org.hibernate.SQL - 
    [34mselect[0m
        pdp1_0.maPhieu,
        pdp1_0.maKhachHang,
        pdp1_0.maNhanVien,
        pdp1_0.maPhong,
        pdp1_0.ngayDat,
        pdp1_0.ngayNhan,
        pdp1_0.ngayTra,
        pdp1_0.tongTien,
        pdp1_0.trangThai 
    [34mfrom[0m
        PhieuDatPhong pdp1_0
2026-05-07 00:07:53.768 [dashboard-load] DEBUG org.hibernate.SQL - 
    [34mselect[0m
        p1_0.maPhong,
        p1_0.giaPhong,
        p1_0.maLoaiPhong,
        p1_0.tenPhong,
        p1_0.tinhTrang 
    [34mfrom[0m
        Phong p1_0
2026-05-07 00:07:56.657 [dashboard-load] DEBUG org.hibernate.SQL - 
    [34mselect[0m
        p1_0.maPhong,
        p1_0.giaPhong,
        p1_0.maLoaiPhong,
        p1_0.tenPhong,
        p1_0.tinhTrang 
    [34mfrom[0m
        Phong p1_0
2026-05-07 00:07:57.145 [Thread-45] DEBUG org.hibernate.SQL - 
    [34mselect[0m
        pdp1_0.maPhieu,
        pdp1_0.maKhachHang,
        pdp1_0.maNhanVien,
        pdp1_0.maPhong,
        pdp1_0.ngayDat,
        pdp1_0.ngayNhan,
        pdp1_0.ngayTra,
        pdp1_0.tongTien,
        pdp1_0.trangThai 
    [34mfrom[0m
        PhieuDatPhong pdp1_0
2026-05-07 00:07:57.145 [Thread-44] DEBUG org.hibernate.SQL - 
    [34mselect[0m
        pdp1_0.maPhieu,
        pdp1_0.maKhachHang,
        pdp1_0.maNhanVien,
        pdp1_0.maPhong,
        pdp1_0.ngayDat,
        pdp1_0.ngayNhan,
        pdp1_0.ngayTra,
        pdp1_0.tongTien,
        pdp1_0.trangThai 
    [34mfrom[0m
        PhieuDatPhong pdp1_0
2026-05-07 00:07:57.642 [JavaFX Application Thread] DEBUG org.hibernate.SQL - 
    [34mselect[0m
        pdp1_0.maPhieu,
        pdp1_0.maKhachHang,
        pdp1_0.maNhanVien,
        pdp1_0.maPhong,
        pdp1_0.ngayDat,
        pdp1_0.ngayNhan,
        pdp1_0.ngayTra,
        pdp1_0.tongTien,
        pdp1_0.trangThai 
    [34mfrom[0m
        PhieuDatPhong pdp1_0
2026-05-07 00:07:57.647 [JavaFX Application Thread] DEBUG org.hibernate.SQL - 
    [34mselect[0m
        dv1_0.ma_dich_vu,
        dv1_0.gia_tien,
        dv1_0.mo_ta,
        dv1_0.ten_dich_vu 
    [34mfrom[0m
        dich_vu dv1_0
2026-05-07 00:07:58.156 [Thread-46] DEBUG org.hibernate.SQL - 
    [34mselect[0m
        pdp1_0.maPhieu,
        pdp1_0.maKhachHang,
        pdp1_0.maNhanVien,
        pdp1_0.maPhong,
        pdp1_0.ngayDat,
        pdp1_0.ngayNhan,
        pdp1_0.ngayTra,
        pdp1_0.tongTien,
        pdp1_0.trangThai 
    [34mfrom[0m
        PhieuDatPhong pdp1_0
2026-05-07 00:07:58.156 [Thread-47] DEBUG org.hibernate.SQL - 
    [34mselect[0m
        pdp1_0.maPhieu,
        pdp1_0.maKhachHang,
        pdp1_0.maNhanVien,
        pdp1_0.maPhong,
        pdp1_0.ngayDat,
        pdp1_0.ngayNhan,
        pdp1_0.ngayTra,
        pdp1_0.tongTien,
        pdp1_0.trangThai 
    [34mfrom[0m
        PhieuDatPhong pdp1_0
2026-05-07 00:07:58.635 [JavaFX Application Thread] DEBUG org.hibernate.SQL - 
    [34mselect[0m
        hd1_0.ma_hoa_don,
        hd1_0.chiet_khau,
        hd1_0.ghi_chu,
        hd1_0.ngay_tao,
        hd1_0.ma_phieu_dat,
        hd1_0.thue_vat,
        hd1_0.tong_tien,
        hd1_0.trang_thai_thanh_toan 
    [34mfrom[0m
        hoa_don hd1_0 
    [34mwhere[0m
        hd1_0.ngay_tao>=? 
        [34mand[0m hd1_0.ngay_tao<=? 
    [34morder[0m [34mby[0m
        hd1_0.ngay_tao desc
2026-05-07 00:07:58.638 [JavaFX Application Thread] DEBUG org.hibernate.SQL - 
    [34mselect[0m
        hd1_0.ma_hoa_don,
        hd1_0.chiet_khau,
        hd1_0.ghi_chu,
        hd1_0.ngay_tao,
        hd1_0.ma_phieu_dat,
        hd1_0.thue_vat,
        hd1_0.tong_tien,
        hd1_0.trang_thai_thanh_toan 
    [34mfrom[0m
        hoa_don hd1_0 
    [34mwhere[0m
        hd1_0.ngay_tao>=? 
        [34mand[0m hd1_0.ngay_tao<=? 
    [34morder[0m [34mby[0m
        hd1_0.ngay_tao desc
2026-05-07 00:07:59.219 [Thread-49] DEBUG org.hibernate.SQL - 
    [34mselect[0m
        pdp1_0.maPhieu,
        pdp1_0.maKhachHang,
        pdp1_0.maNhanVien,
        pdp1_0.maPhong,
        pdp1_0.ngayDat,
        pdp1_0.ngayNhan,
        pdp1_0.ngayTra,
        pdp1_0.tongTien,
        pdp1_0.trangThai 
    [34mfrom[0m
        PhieuDatPhong pdp1_0
2026-05-07 00:07:59.219 [Thread-48] DEBUG org.hibernate.SQL - 
    [34mselect[0m
        pdp1_0.maPhieu,
        pdp1_0.maKhachHang,
        pdp1_0.maNhanVien,
        pdp1_0.maPhong,
        pdp1_0.ngayDat,
        pdp1_0.ngayNhan,
        pdp1_0.ngayTra,
        pdp1_0.tongTien,
        pdp1_0.trangThai 
    [34mfrom[0m
        PhieuDatPhong pdp1_0
2026-05-07 00:07:59.776 [JavaFX Application Thread] DEBUG org.hibernate.SQL - 
    [34mselect[0m
        p1_0.maPhong,
        p1_0.giaPhong,
        p1_0.maLoaiPhong,
        p1_0.tenPhong,
        p1_0.tinhTrang 
    [34mfrom[0m
        Phong p1_0
2026-05-07 00:08:00.869 [JavaFX Application Thread] DEBUG org.hibernate.SQL - 
    [34mselect[0m
        kh1_0.maKhachHang,
        kh1_0.hoTen,
        kh1_0.loaiKhachHang,
        kh1_0.ngaySinh,
        kh1_0.soDienThoai 
    [34mfrom[0m
        KhachHang kh1_0
2026-05-07 00:08:01.619 [JavaFX Application Thread] DEBUG org.hibernate.SQL - 
    [34mselect[0m
        nv1_0.maNhanVien,
        nv1_0.cccd,
        nv1_0.gioiTinh,
        nv1_0.hoTen,
        nv1_0.loaiNhanVien,
        nv1_0.ngaySinh,
        nv1_0.ngayVaoLam,
        nv1_0.queQuan,
        nv1_0.soDienThoai,
        nv1_0.trangThai 
    [34mfrom[0m
        NhanVien nv1_0
2026-05-07 00:08:02.246 [JavaFX Application Thread] DEBUG org.hibernate.SQL - 
    [34mselect[0m
        kh1_0.maKhachHang,
        kh1_0.hoTen,
        kh1_0.loaiKhachHang,
        kh1_0.ngaySinh,
        kh1_0.soDienThoai 
    [34mfrom[0m
        KhachHang kh1_0
2026-05-07 00:08:02.851 [JavaFX Application Thread] DEBUG org.hibernate.SQL - 
    [34mselect[0m
        nv1_0.maNhanVien,
        nv1_0.cccd,
        nv1_0.gioiTinh,
        nv1_0.hoTen,
        nv1_0.loaiNhanVien,
        nv1_0.ngaySinh,
        nv1_0.ngayVaoLam,
        nv1_0.queQuan,
        nv1_0.soDienThoai,
        nv1_0.trangThai 
    [34mfrom[0m
        NhanVien nv1_0
2026-05-07 00:08:03.669 [JavaFX Application Thread] DEBUG org.hibernate.SQL - 
    [34mselect[0m
        kh1_0.maKhachHang,
        kh1_0.hoTen,
        kh1_0.loaiKhachHang,
        kh1_0.ngaySinh,
        kh1_0.soDienThoai 
    [34mfrom[0m
        KhachHang kh1_0
2026-05-07 00:08:04.385 [JavaFX Application Thread] DEBUG org.hibernate.SQL - 
    [34mselect[0m
        p1_0.maPhong,
        p1_0.giaPhong,
        p1_0.maLoaiPhong,
        p1_0.tenPhong,
        p1_0.tinhTrang 
    [34mfrom[0m
        Phong p1_0
2026-05-07 00:08:04.873 [Thread-51] DEBUG org.hibernate.SQL - 
    [34mselect[0m
        pdp1_0.maPhieu,
        pdp1_0.maKhachHang,
        pdp1_0.maNhanVien,
        pdp1_0.maPhong,
        pdp1_0.ngayDat,
        pdp1_0.ngayNhan,
        pdp1_0.ngayTra,
        pdp1_0.tongTien,
        pdp1_0.trangThai 
    [34mfrom[0m
        PhieuDatPhong pdp1_0
2026-05-07 00:08:04.873 [Thread-50] DEBUG org.hibernate.SQL - 
    [34mselect[0m
        pdp1_0.maPhieu,
        pdp1_0.maKhachHang,
        pdp1_0.maNhanVien,
        pdp1_0.maPhong,
        pdp1_0.ngayDat,
        pdp1_0.ngayNhan,
        pdp1_0.ngayTra,
        pdp1_0.tongTien,
        pdp1_0.trangThai 
    [34mfrom[0m
        PhieuDatPhong pdp1_0
2026-05-07 00:08:05.350 [JavaFX Application Thread] DEBUG org.hibernate.SQL - 
    [34mselect[0m
        hd1_0.ma_hoa_don,
        hd1_0.chiet_khau,
        hd1_0.ghi_chu,
        hd1_0.ngay_tao,
        hd1_0.ma_phieu_dat,
        hd1_0.thue_vat,
        hd1_0.tong_tien,
        hd1_0.trang_thai_thanh_toan 
    [34mfrom[0m
        hoa_don hd1_0 
    [34mwhere[0m
        hd1_0.ngay_tao>=? 
        [34mand[0m hd1_0.ngay_tao<=? 
    [34morder[0m [34mby[0m
        hd1_0.ngay_tao desc
2026-05-07 00:08:05.353 [JavaFX Application Thread] DEBUG org.hibernate.SQL - 
    [34mselect[0m
        hd1_0.ma_hoa_don,
        hd1_0.chiet_khau,
        hd1_0.ghi_chu,
        hd1_0.ngay_tao,
        hd1_0.ma_phieu_dat,
        hd1_0.thue_vat,
        hd1_0.tong_tien,
        hd1_0.trang_thai_thanh_toan 
    [34mfrom[0m
        hoa_don hd1_0 
    [34mwhere[0m
        hd1_0.ngay_tao>=? 
        [34mand[0m hd1_0.ngay_tao<=? 
    [34morder[0m [34mby[0m
        hd1_0.ngay_tao desc
2026-05-07 00:08:05.839 [Thread-52] DEBUG org.hibernate.SQL - 
    [34mselect[0m
        pdp1_0.maPhieu,
        pdp1_0.maKhachHang,
        pdp1_0.maNhanVien,
        pdp1_0.maPhong,
        pdp1_0.ngayDat,
        pdp1_0.ngayNhan,
        pdp1_0.ngayTra,
        pdp1_0.tongTien,
        pdp1_0.trangThai 
    [34mfrom[0m
        PhieuDatPhong pdp1_0
2026-05-07 00:08:05.839 [Thread-53] DEBUG org.hibernate.SQL - 
    [34mselect[0m
        pdp1_0.maPhieu,
        pdp1_0.maKhachHang,
        pdp1_0.maNhanVien,
        pdp1_0.maPhong,
        pdp1_0.ngayDat,
        pdp1_0.ngayNhan,
        pdp1_0.ngayTra,
        pdp1_0.tongTien,
        pdp1_0.trangThai 
    [34mfrom[0m
        PhieuDatPhong pdp1_0
2026-05-07 00:08:06.342 [JavaFX Application Thread] DEBUG org.hibernate.SQL - 
    [34mselect[0m
        pdp1_0.maPhieu,
        pdp1_0.maKhachHang,
        pdp1_0.maNhanVien,
        pdp1_0.maPhong,
        pdp1_0.ngayDat,
        pdp1_0.ngayNhan,
        pdp1_0.ngayTra,
        pdp1_0.tongTien,
        pdp1_0.trangThai 
    [34mfrom[0m
        PhieuDatPhong pdp1_0
2026-05-07 00:08:06.345 [JavaFX Application Thread] DEBUG org.hibernate.SQL - 
    [34mselect[0m
        dv1_0.ma_dich_vu,
        dv1_0.gia_tien,
        dv1_0.mo_ta,
        dv1_0.ten_dich_vu 
    [34mfrom[0m
        dich_vu dv1_0
2026-05-07 00:08:06.780 [Thread-55] DEBUG org.hibernate.SQL - 
    [34mselect[0m
        pdp1_0.maPhieu,
        pdp1_0.maKhachHang,
        pdp1_0.maNhanVien,
        pdp1_0.maPhong,
        pdp1_0.ngayDat,
        pdp1_0.ngayNhan,
        pdp1_0.ngayTra,
        pdp1_0.tongTien,
        pdp1_0.trangThai 
    [34mfrom[0m
        PhieuDatPhong pdp1_0
2026-05-07 00:08:06.780 [Thread-54] DEBUG org.hibernate.SQL - 
    [34mselect[0m
        pdp1_0.maPhieu,
        pdp1_0.maKhachHang,
        pdp1_0.maNhanVien,
        pdp1_0.maPhong,
        pdp1_0.ngayDat,
        pdp1_0.ngayNhan,
        pdp1_0.ngayTra,
        pdp1_0.tongTien,
        pdp1_0.trangThai 
    [34mfrom[0m
        PhieuDatPhong pdp1_0
2026-05-07 00:08:07.376 [dashboard-load] DEBUG org.hibernate.SQL - 
    [34mselect[0m
        p1_0.maPhong,
        p1_0.giaPhong,
        p1_0.maLoaiPhong,
        p1_0.tenPhong,
        p1_0.tinhTrang 
    [34mfrom[0m
        Phong p1_0
2026-05-07 00:08:07.947 [Thread-56] DEBUG org.hibernate.SQL - 
    [34mselect[0m
        pdp1_0.maPhieu,
        pdp1_0.maKhachHang,
        pdp1_0.maNhanVien,
        pdp1_0.maPhong,
        pdp1_0.ngayDat,
        pdp1_0.ngayNhan,
        pdp1_0.ngayTra,
        pdp1_0.tongTien,
        pdp1_0.trangThai 
    [34mfrom[0m
        PhieuDatPhong pdp1_0
2026-05-07 00:08:07.947 [Thread-57] DEBUG org.hibernate.SQL - 
    [34mselect[0m
        pdp1_0.maPhieu,
        pdp1_0.maKhachHang,
        pdp1_0.maNhanVien,
        pdp1_0.maPhong,
        pdp1_0.ngayDat,
        pdp1_0.ngayNhan,
        pdp1_0.ngayTra,
        pdp1_0.tongTien,
        pdp1_0.trangThai 
    [34mfrom[0m
        PhieuDatPhong pdp1_0
2026-05-07 00:08:17.715 [Thread-58] DEBUG org.hibernate.SQL - 
    [34mselect[0m
        pdp1_0.maPhieu,
        pdp1_0.maKhachHang,
        pdp1_0.maNhanVien,
        pdp1_0.maPhong,
        pdp1_0.ngayDat,
        pdp1_0.ngayNhan,
        pdp1_0.ngayTra,
        pdp1_0.tongTien,
        pdp1_0.trangThai 
    [34mfrom[0m
        PhieuDatPhong pdp1_0
2026-05-07 00:08:18.407 [Thread-59] DEBUG org.hibernate.SQL - 
    [34mselect[0m
        pdp1_0.maPhieu,
        pdp1_0.maKhachHang,
        pdp1_0.maNhanVien,
        pdp1_0.maPhong,
        pdp1_0.ngayDat,
        pdp1_0.ngayNhan,
        pdp1_0.ngayTra,
        pdp1_0.tongTien,
        pdp1_0.trangThai 
    [34mfrom[0m
        PhieuDatPhong pdp1_0
2026-05-07 00:08:18.656 [Thread-60] DEBUG org.hibernate.SQL - 
    [34mselect[0m
        pdp1_0.maPhieu,
        pdp1_0.maKhachHang,
        pdp1_0.maNhanVien,
        pdp1_0.maPhong,
        pdp1_0.ngayDat,
        pdp1_0.ngayNhan,
        pdp1_0.ngayTra,
        pdp1_0.tongTien,
        pdp1_0.trangThai 
    [34mfrom[0m
        PhieuDatPhong pdp1_0
2026-05-07 00:08:20.679 [JavaFX Application Thread] DEBUG org.hibernate.SQL - 
    [34mselect[0m
        pdp1_0.maPhieu,
        pdp1_0.maKhachHang,
        pdp1_0.maNhanVien,
        pdp1_0.maPhong,
        pdp1_0.ngayDat,
        pdp1_0.ngayNhan,
        pdp1_0.ngayTra,
        pdp1_0.tongTien,
        pdp1_0.trangThai 
    [34mfrom[0m
        PhieuDatPhong pdp1_0
2026-05-07 00:08:20.684 [JavaFX Application Thread] DEBUG org.hibernate.SQL - 
    [34mselect[0m
        dv1_0.ma_dich_vu,
        dv1_0.gia_tien,
        dv1_0.mo_ta,
        dv1_0.ten_dich_vu 
    [34mfrom[0m
        dich_vu dv1_0
2026-05-07 00:08:23.335 [dashboard-load] DEBUG org.hibernate.SQL - 
    [34mselect[0m
        p1_0.maPhong,
        p1_0.giaPhong,
        p1_0.maLoaiPhong,
        p1_0.tenPhong,
        p1_0.tinhTrang 
    [34mfrom[0m
        Phong p1_0
2026-05-07 00:08:24.131 [Thread-61] DEBUG org.hibernate.SQL - 
    [34mselect[0m
        pdp1_0.maPhieu,
        pdp1_0.maKhachHang,
        pdp1_0.maNhanVien,
        pdp1_0.maPhong,
        pdp1_0.ngayDat,
        pdp1_0.ngayNhan,
        pdp1_0.ngayTra,
        pdp1_0.tongTien,
        pdp1_0.trangThai 
    [34mfrom[0m
        PhieuDatPhong pdp1_0
2026-05-07 00:08:24.131 [Thread-62] DEBUG org.hibernate.SQL - 
    [34mselect[0m
        pdp1_0.maPhieu,
        pdp1_0.maKhachHang,
        pdp1_0.maNhanVien,
        pdp1_0.maPhong,
        pdp1_0.ngayDat,
        pdp1_0.ngayNhan,
        pdp1_0.ngayTra,
        pdp1_0.tongTien,
        pdp1_0.trangThai 
    [34mfrom[0m
        PhieuDatPhong pdp1_0
2026-05-07 00:08:25.499 [dashboard-load] DEBUG org.hibernate.SQL - 
    [34mselect[0m
        p1_0.maPhong,
        p1_0.giaPhong,
        p1_0.maLoaiPhong,
        p1_0.tenPhong,
        p1_0.tinhTrang 
    [34mfrom[0m
        Phong p1_0
2026-05-07 00:15:52.692 [JavaFX Application Thread] WARN  o.h.e.j.c.i.ConnectionProviderInitiator - HHH000472: Hikari properties were encountered, but the Hikari ConnectionProvider was not found on the classpath; these properties are going to be ignored.
2026-05-07 00:15:52.702 [JavaFX Application Thread] WARN  o.hibernate.orm.connections.pooling - HHH10001002: Using built-in connection pool (not intended for production use)
2026-05-07 00:15:53.002 [JavaFX Application Thread] WARN  org.hibernate.orm.deprecation - HHH90000025: MariaDBDialect does not need to be specified explicitly using 'hibernate.dialect' (remove the property setting and it will be selected by default)
2026-05-07 00:15:55.052 [JavaFX Application Thread] DEBUG org.hibernate.SQL - 
    [34malter[0m [34mtable[0m [34mif[0m [34mexists[0m KhachHang 
       modify [34mcolumn[0m maKhachHang [34mvarchar[0m(5) [34mnot[0m [34mnull[0m
2026-05-07 00:15:55.063 [JavaFX Application Thread] WARN  o.m.jdbc.message.server.ErrorPacket - Error: 1833-HY000: Cannot change column 'maKhachHang': used in a foreign key constraint '2' of table 'qlkhachsantatp_db.hoadon'
2026-05-07 00:15:55.065 [JavaFX Application Thread] WARN  o.h.t.s.i.ExceptionHandlerLoggedImpl - GenerationTarget encountered exception accepting command : Error executing DDL "
    alter table if exists KhachHang 
       modify column maKhachHang varchar(5) not null" via JDBC [(conn=8) Cannot change column 'maKhachHang': used in a foreign key constraint '2' of table 'qlkhachsantatp_db.hoadon']
org.hibernate.tool.schema.spi.CommandAcceptanceException: Error executing DDL "
    alter table if exists KhachHang 
       modify column maKhachHang varchar(5) not null" via JDBC [(conn=8) Cannot change column 'maKhachHang': used in a foreign key constraint '2' of table 'qlkhachsantatp_db.hoadon']
	at org.hibernate.tool.schema.internal.exec.GenerationTargetToDatabase.accept(GenerationTargetToDatabase.java:94)
	at org.hibernate.tool.schema.internal.AbstractSchemaMigrator.applySqlString(AbstractSchemaMigrator.java:574)
	at org.hibernate.tool.schema.internal.AbstractSchemaMigrator.applySqlStrings(AbstractSchemaMigrator.java:514)
	at org.hibernate.tool.schema.internal.AbstractSchemaMigrator.migrateTable(AbstractSchemaMigrator.java:333)
	at org.hibernate.tool.schema.internal.GroupedSchemaMigratorImpl.performTablesMigration(GroupedSchemaMigratorImpl.java:84)
	at org.hibernate.tool.schema.internal.AbstractSchemaMigrator.performMigration(AbstractSchemaMigrator.java:232)
	at org.hibernate.tool.schema.internal.AbstractSchemaMigrator.doMigration(AbstractSchemaMigrator.java:117)
	at org.hibernate.tool.schema.spi.SchemaManagementToolCoordinator.performDatabaseAction(SchemaManagementToolCoordinator.java:286)
	at org.hibernate.tool.schema.spi.SchemaManagementToolCoordinator.lambda$process$5(SchemaManagementToolCoordinator.java:145)
	at java.base/java.util.HashMap.forEach(HashMap.java:1429)
	at org.hibernate.tool.schema.spi.SchemaManagementToolCoordinator.process(SchemaManagementToolCoordinator.java:142)
	at org.hibernate.boot.internal.SessionFactoryObserverForSchemaExport.sessionFactoryCreated(SessionFactoryObserverForSchemaExport.java:37)
	at org.hibernate.internal.SessionFactoryObserverChain.sessionFactoryCreated(SessionFactoryObserverChain.java:35)
	at org.hibernate.internal.SessionFactoryImpl.<init>(SessionFactoryImpl.java:315)
	at org.hibernate.boot.internal.SessionFactoryBuilderImpl.build(SessionFactoryBuilderImpl.java:450)
	at org.hibernate.jpa.boot.internal.EntityManagerFactoryBuilderImpl.build(EntityManagerFactoryBuilderImpl.java:1507)
	at org.hibernate.jpa.HibernatePersistenceProvider.createEntityManagerFactory(HibernatePersistenceProvider.java:55)
	at jakarta.persistence.Persistence.createEntityManagerFactory(Persistence.java:80)
	at jakarta.persistence.Persistence.createEntityManagerFactory(Persistence.java:55)
	at iuh.fit.infrastructure.db.JpaConfig.getEntityManagerFactory(JpaConfig.java:48)
	at iuh.fit.infrastructure.db.JpaConfig.getEntityManager(JpaConfig.java:67)
	at iuh.fit.infrastructure.persistence.TaiKhoanRepositoryImpl.findByTaiKhoan(TaiKhoanRepositoryImpl.java:37)
	at iuh.fit.core.service.impl.AuthenticationServiceImpl.login(AuthenticationServiceImpl.java:46)
	at iuh.fit.presentation.controller.LoginController.handleLogin(LoginController.java:284)
	at iuh.fit.presentation.controller.LoginController.lambda$createLoginScene$7(LoginController.java:254)
	at com.sun.javafx.event.CompositeEventHandler.dispatchBubblingEvent(CompositeEventHandler.java:86)
	at com.sun.javafx.event.EventHandlerManager.dispatchBubblingEvent(EventHandlerManager.java:232)
	at com.sun.javafx.event.EventHandlerManager.dispatchBubblingEvent(EventHandlerManager.java:189)
	at com.sun.javafx.event.CompositeEventDispatcher.dispatchBubblingEvent(CompositeEventDispatcher.java:59)
	at com.sun.javafx.event.BasicEventDispatcher.dispatchEvent(BasicEventDispatcher.java:58)
	at com.sun.javafx.event.EventDispatchChainImpl.dispatchEvent(EventDispatchChainImpl.java:114)
	at com.sun.javafx.event.BasicEventDispatcher.dispatchEvent(BasicEventDispatcher.java:56)
	at com.sun.javafx.event.EventDispatchChainImpl.dispatchEvent(EventDispatchChainImpl.java:114)
	at com.sun.javafx.event.BasicEventDispatcher.dispatchEvent(BasicEventDispatcher.java:56)
	at com.sun.javafx.event.EventDispatchChainImpl.dispatchEvent(EventDispatchChainImpl.java:114)
	at com.sun.javafx.event.EventUtil.fireEventImpl(EventUtil.java:74)
	at com.sun.javafx.event.EventUtil.fireEvent(EventUtil.java:49)
	at javafx.event.Event.fireEvent(Event.java:198)
	at javafx.scene.Node.fireEvent(Node.java:8875)
	at com.sun.javafx.scene.control.behavior.TextFieldBehavior.fire(TextFieldBehavior.java:161)
	at com.sun.javafx.scene.control.behavior.TextInputControlBehavior.lambda$keyMapping$62(TextInputControlBehavior.java:344)
	at com.sun.javafx.scene.control.inputmap.InputMap.handle(InputMap.java:274)
	at com.sun.javafx.event.CompositeEventHandler$NormalEventHandlerRecord.handleBubblingEvent(CompositeEventHandler.java:247)
	at com.sun.javafx.event.CompositeEventHandler.dispatchBubblingEvent(CompositeEventHandler.java:80)
	at com.sun.javafx.event.EventHandlerManager.dispatchBubblingEvent(EventHandlerManager.java:232)
	at com.sun.javafx.event.EventHandlerManager.dispatchBubblingEvent(EventHandlerManager.java:189)
	at com.sun.javafx.event.CompositeEventDispatcher.dispatchBubblingEvent(CompositeEventDispatcher.java:59)
	at com.sun.javafx.event.BasicEventDispatcher.dispatchEvent(BasicEventDispatcher.java:58)
	at com.sun.javafx.event.EventDispatchChainImpl.dispatchEvent(EventDispatchChainImpl.java:114)
	at com.sun.javafx.event.BasicEventDispatcher.dispatchEvent(BasicEventDispatcher.java:56)
	at com.sun.javafx.event.EventDispatchChainImpl.dispatchEvent(EventDispatchChainImpl.java:114)
	at com.sun.javafx.event.BasicEventDispatcher.dispatchEvent(BasicEventDispatcher.java:56)
	at com.sun.javafx.event.EventDispatchChainImpl.dispatchEvent(EventDispatchChainImpl.java:114)
	at com.sun.javafx.event.EventUtil.fireEventImpl(EventUtil.java:74)
	at com.sun.javafx.event.EventUtil.fireEvent(EventUtil.java:54)
	at javafx.event.Event.fireEvent(Event.java:198)
	at javafx.scene.Scene.processKeyEvent(Scene.java:2194)
	at javafx.scene.Scene$ScenePeerListener.keyEvent(Scene.java:2715)
	at com.sun.javafx.tk.quantum.GlassViewEventHandler$KeyEventNotification.run(GlassViewEventHandler.java:218)
	at com.sun.javafx.tk.quantum.GlassViewEventHandler$KeyEventNotification.run(GlassViewEventHandler.java:150)
	at java.base/java.security.AccessController.doPrivileged(AccessController.java:400)
	at com.sun.javafx.tk.quantum.GlassViewEventHandler.lambda$handleKeyEvent$1(GlassViewEventHandler.java:250)
	at com.sun.javafx.tk.quantum.QuantumToolkit.runWithoutRenderLock(QuantumToolkit.java:424)
	at com.sun.javafx.tk.quantum.GlassViewEventHandler.handleKeyEvent(GlassViewEventHandler.java:249)
	at com.sun.glass.ui.View.handleKeyEvent(View.java:542)
	at com.sun.glass.ui.View.notifyKey(View.java:966)
	at com.sun.glass.ui.win.WinApplication._runLoop(Native Method)
	at com.sun.glass.ui.win.WinApplication.lambda$runLoop$3(WinApplication.java:185)
	at java.base/java.lang.Thread.run(Thread.java:1583)
Caused by: java.sql.SQLException: (conn=8) Cannot change column 'maKhachHang': used in a foreign key constraint '2' of table 'qlkhachsantatp_db.hoadon'
	at org.mariadb.jdbc.export.ExceptionFactory.createException(ExceptionFactory.java:306)
	at org.mariadb.jdbc.export.ExceptionFactory.create(ExceptionFactory.java:378)
	at org.mariadb.jdbc.message.ClientMessage.readPacket(ClientMessage.java:172)
	at org.mariadb.jdbc.client.impl.StandardClient.readPacket(StandardClient.java:915)
	at org.mariadb.jdbc.client.impl.StandardClient.readResults(StandardClient.java:854)
	at org.mariadb.jdbc.client.impl.StandardClient.readResponse(StandardClient.java:773)
	at org.mariadb.jdbc.client.impl.StandardClient.execute(StandardClient.java:697)
	at org.mariadb.jdbc.Statement.executeInternal(Statement.java:1035)
	at org.mariadb.jdbc.Statement.execute(Statement.java:1165)
	at org.mariadb.jdbc.Statement.execute(Statement.java:493)
	at org.hibernate.tool.schema.internal.exec.GenerationTargetToDatabase.accept(GenerationTargetToDatabase.java:80)
	... 68 common frames omitted
2026-05-07 00:15:55.070 [JavaFX Application Thread] DEBUG org.hibernate.SQL - 
    [34malter[0m [34mtable[0m [34mif[0m [34mexists[0m NhanVien 
       modify [34mcolumn[0m maNhanVien [34mvarchar[0m(20) [34mnot[0m [34mnull[0m
2026-05-07 00:15:55.075 [JavaFX Application Thread] WARN  o.m.jdbc.message.server.ErrorPacket - Error: 1833-HY000: Cannot change column 'maNhanVien': used in a foreign key constraint '1' of table 'qlkhachsantatp_db.hoadon'
2026-05-07 00:15:55.076 [JavaFX Application Thread] WARN  o.h.t.s.i.ExceptionHandlerLoggedImpl - GenerationTarget encountered exception accepting command : Error executing DDL "
    alter table if exists NhanVien 
       modify column maNhanVien varchar(20) not null" via JDBC [(conn=8) Cannot change column 'maNhanVien': used in a foreign key constraint '1' of table 'qlkhachsantatp_db.hoadon']
org.hibernate.tool.schema.spi.CommandAcceptanceException: Error executing DDL "
    alter table if exists NhanVien 
       modify column maNhanVien varchar(20) not null" via JDBC [(conn=8) Cannot change column 'maNhanVien': used in a foreign key constraint '1' of table 'qlkhachsantatp_db.hoadon']
	at org.hibernate.tool.schema.internal.exec.GenerationTargetToDatabase.accept(GenerationTargetToDatabase.java:94)
	at org.hibernate.tool.schema.internal.AbstractSchemaMigrator.applySqlString(AbstractSchemaMigrator.java:574)
	at org.hibernate.tool.schema.internal.AbstractSchemaMigrator.applySqlStrings(AbstractSchemaMigrator.java:514)
	at org.hibernate.tool.schema.internal.AbstractSchemaMigrator.migrateTable(AbstractSchemaMigrator.java:333)
	at org.hibernate.tool.schema.internal.GroupedSchemaMigratorImpl.performTablesMigration(GroupedSchemaMigratorImpl.java:84)
	at org.hibernate.tool.schema.internal.AbstractSchemaMigrator.performMigration(AbstractSchemaMigrator.java:232)
	at org.hibernate.tool.schema.internal.AbstractSchemaMigrator.doMigration(AbstractSchemaMigrator.java:117)
	at org.hibernate.tool.schema.spi.SchemaManagementToolCoordinator.performDatabaseAction(SchemaManagementToolCoordinator.java:286)
	at org.hibernate.tool.schema.spi.SchemaManagementToolCoordinator.lambda$process$5(SchemaManagementToolCoordinator.java:145)
	at java.base/java.util.HashMap.forEach(HashMap.java:1429)
	at org.hibernate.tool.schema.spi.SchemaManagementToolCoordinator.process(SchemaManagementToolCoordinator.java:142)
	at org.hibernate.boot.internal.SessionFactoryObserverForSchemaExport.sessionFactoryCreated(SessionFactoryObserverForSchemaExport.java:37)
	at org.hibernate.internal.SessionFactoryObserverChain.sessionFactoryCreated(SessionFactoryObserverChain.java:35)
	at org.hibernate.internal.SessionFactoryImpl.<init>(SessionFactoryImpl.java:315)
	at org.hibernate.boot.internal.SessionFactoryBuilderImpl.build(SessionFactoryBuilderImpl.java:450)
	at org.hibernate.jpa.boot.internal.EntityManagerFactoryBuilderImpl.build(EntityManagerFactoryBuilderImpl.java:1507)
	at org.hibernate.jpa.HibernatePersistenceProvider.createEntityManagerFactory(HibernatePersistenceProvider.java:55)
	at jakarta.persistence.Persistence.createEntityManagerFactory(Persistence.java:80)
	at jakarta.persistence.Persistence.createEntityManagerFactory(Persistence.java:55)
	at iuh.fit.infrastructure.db.JpaConfig.getEntityManagerFactory(JpaConfig.java:48)
	at iuh.fit.infrastructure.db.JpaConfig.getEntityManager(JpaConfig.java:67)
	at iuh.fit.infrastructure.persistence.TaiKhoanRepositoryImpl.findByTaiKhoan(TaiKhoanRepositoryImpl.java:37)
	at iuh.fit.core.service.impl.AuthenticationServiceImpl.login(AuthenticationServiceImpl.java:46)
	at iuh.fit.presentation.controller.LoginController.handleLogin(LoginController.java:284)
	at iuh.fit.presentation.controller.LoginController.lambda$createLoginScene$7(LoginController.java:254)
	at com.sun.javafx.event.CompositeEventHandler.dispatchBubblingEvent(CompositeEventHandler.java:86)
	at com.sun.javafx.event.EventHandlerManager.dispatchBubblingEvent(EventHandlerManager.java:232)
	at com.sun.javafx.event.EventHandlerManager.dispatchBubblingEvent(EventHandlerManager.java:189)
	at com.sun.javafx.event.CompositeEventDispatcher.dispatchBubblingEvent(CompositeEventDispatcher.java:59)
	at com.sun.javafx.event.BasicEventDispatcher.dispatchEvent(BasicEventDispatcher.java:58)
	at com.sun.javafx.event.EventDispatchChainImpl.dispatchEvent(EventDispatchChainImpl.java:114)
	at com.sun.javafx.event.BasicEventDispatcher.dispatchEvent(BasicEventDispatcher.java:56)
	at com.sun.javafx.event.EventDispatchChainImpl.dispatchEvent(EventDispatchChainImpl.java:114)
	at com.sun.javafx.event.BasicEventDispatcher.dispatchEvent(BasicEventDispatcher.java:56)
	at com.sun.javafx.event.EventDispatchChainImpl.dispatchEvent(EventDispatchChainImpl.java:114)
	at com.sun.javafx.event.EventUtil.fireEventImpl(EventUtil.java:74)
	at com.sun.javafx.event.EventUtil.fireEvent(EventUtil.java:49)
	at javafx.event.Event.fireEvent(Event.java:198)
	at javafx.scene.Node.fireEvent(Node.java:8875)
	at com.sun.javafx.scene.control.behavior.TextFieldBehavior.fire(TextFieldBehavior.java:161)
	at com.sun.javafx.scene.control.behavior.TextInputControlBehavior.lambda$keyMapping$62(TextInputControlBehavior.java:344)
	at com.sun.javafx.scene.control.inputmap.InputMap.handle(InputMap.java:274)
	at com.sun.javafx.event.CompositeEventHandler$NormalEventHandlerRecord.handleBubblingEvent(CompositeEventHandler.java:247)
	at com.sun.javafx.event.CompositeEventHandler.dispatchBubblingEvent(CompositeEventHandler.java:80)
	at com.sun.javafx.event.EventHandlerManager.dispatchBubblingEvent(EventHandlerManager.java:232)
	at com.sun.javafx.event.EventHandlerManager.dispatchBubblingEvent(EventHandlerManager.java:189)
	at com.sun.javafx.event.CompositeEventDispatcher.dispatchBubblingEvent(CompositeEventDispatcher.java:59)
	at com.sun.javafx.event.BasicEventDispatcher.dispatchEvent(BasicEventDispatcher.java:58)
	at com.sun.javafx.event.EventDispatchChainImpl.dispatchEvent(EventDispatchChainImpl.java:114)
	at com.sun.javafx.event.BasicEventDispatcher.dispatchEvent(BasicEventDispatcher.java:56)
	at com.sun.javafx.event.EventDispatchChainImpl.dispatchEvent(EventDispatchChainImpl.java:114)
	at com.sun.javafx.event.BasicEventDispatcher.dispatchEvent(BasicEventDispatcher.java:56)
	at com.sun.javafx.event.EventDispatchChainImpl.dispatchEvent(EventDispatchChainImpl.java:114)
	at com.sun.javafx.event.EventUtil.fireEventImpl(EventUtil.java:74)
	at com.sun.javafx.event.EventUtil.fireEvent(EventUtil.java:54)
	at javafx.event.Event.fireEvent(Event.java:198)
	at javafx.scene.Scene.processKeyEvent(Scene.java:2194)
	at javafx.scene.Scene$ScenePeerListener.keyEvent(Scene.java:2715)
	at com.sun.javafx.tk.quantum.GlassViewEventHandler$KeyEventNotification.run(GlassViewEventHandler.java:218)
	at com.sun.javafx.tk.quantum.GlassViewEventHandler$KeyEventNotification.run(GlassViewEventHandler.java:150)
	at java.base/java.security.AccessController.doPrivileged(AccessController.java:400)
	at com.sun.javafx.tk.quantum.GlassViewEventHandler.lambda$handleKeyEvent$1(GlassViewEventHandler.java:250)
	at com.sun.javafx.tk.quantum.QuantumToolkit.runWithoutRenderLock(QuantumToolkit.java:424)
	at com.sun.javafx.tk.quantum.GlassViewEventHandler.handleKeyEvent(GlassViewEventHandler.java:249)
	at com.sun.glass.ui.View.handleKeyEvent(View.java:542)
	at com.sun.glass.ui.View.notifyKey(View.java:966)
	at com.sun.glass.ui.win.WinApplication._runLoop(Native Method)
	at com.sun.glass.ui.win.WinApplication.lambda$runLoop$3(WinApplication.java:185)
	at java.base/java.lang.Thread.run(Thread.java:1583)
Caused by: java.sql.SQLException: (conn=8) Cannot change column 'maNhanVien': used in a foreign key constraint '1' of table 'qlkhachsantatp_db.hoadon'
	at org.mariadb.jdbc.export.ExceptionFactory.createException(ExceptionFactory.java:306)
	at org.mariadb.jdbc.export.ExceptionFactory.create(ExceptionFactory.java:378)
	at org.mariadb.jdbc.message.ClientMessage.readPacket(ClientMessage.java:172)
	at org.mariadb.jdbc.client.impl.StandardClient.readPacket(StandardClient.java:915)
	at org.mariadb.jdbc.client.impl.StandardClient.readResults(StandardClient.java:854)
	at org.mariadb.jdbc.client.impl.StandardClient.readResponse(StandardClient.java:773)
	at org.mariadb.jdbc.client.impl.StandardClient.execute(StandardClient.java:697)
	at org.mariadb.jdbc.Statement.executeInternal(Statement.java:1035)
	at org.mariadb.jdbc.Statement.execute(Statement.java:1165)
	at org.mariadb.jdbc.Statement.execute(Statement.java:493)
	at org.hibernate.tool.schema.internal.exec.GenerationTargetToDatabase.accept(GenerationTargetToDatabase.java:80)
	... 68 common frames omitted
2026-05-07 00:15:55.078 [JavaFX Application Thread] DEBUG org.hibernate.SQL - 
    [34malter[0m [34mtable[0m [34mif[0m [34mexists[0m PhieuDatPhong 
       modify [34mcolumn[0m maKhachHang [34mvarchar[0m(5)
2026-05-07 00:15:55.083 [JavaFX Application Thread] WARN  o.m.jdbc.message.server.ErrorPacket - Error: 1832-HY000: Cannot change column 'maKhachHang': used in a foreign key constraint '1'
2026-05-07 00:15:55.084 [JavaFX Application Thread] WARN  o.h.t.s.i.ExceptionHandlerLoggedImpl - GenerationTarget encountered exception accepting command : Error executing DDL "
    alter table if exists PhieuDatPhong 
       modify column maKhachHang varchar(5)" via JDBC [(conn=8) Cannot change column 'maKhachHang': used in a foreign key constraint '1']
org.hibernate.tool.schema.spi.CommandAcceptanceException: Error executing DDL "
    alter table if exists PhieuDatPhong 
       modify column maKhachHang varchar(5)" via JDBC [(conn=8) Cannot change column 'maKhachHang': used in a foreign key constraint '1']
	at org.hibernate.tool.schema.internal.exec.GenerationTargetToDatabase.accept(GenerationTargetToDatabase.java:94)
	at org.hibernate.tool.schema.internal.AbstractSchemaMigrator.applySqlString(AbstractSchemaMigrator.java:574)
	at org.hibernate.tool.schema.internal.AbstractSchemaMigrator.applySqlStrings(AbstractSchemaMigrator.java:514)
	at org.hibernate.tool.schema.internal.AbstractSchemaMigrator.migrateTable(AbstractSchemaMigrator.java:333)
	at org.hibernate.tool.schema.internal.GroupedSchemaMigratorImpl.performTablesMigration(GroupedSchemaMigratorImpl.java:84)
	at org.hibernate.tool.schema.internal.AbstractSchemaMigrator.performMigration(AbstractSchemaMigrator.java:232)
	at org.hibernate.tool.schema.internal.AbstractSchemaMigrator.doMigration(AbstractSchemaMigrator.java:117)
	at org.hibernate.tool.schema.spi.SchemaManagementToolCoordinator.performDatabaseAction(SchemaManagementToolCoordinator.java:286)
	at org.hibernate.tool.schema.spi.SchemaManagementToolCoordinator.lambda$process$5(SchemaManagementToolCoordinator.java:145)
	at java.base/java.util.HashMap.forEach(HashMap.java:1429)
	at org.hibernate.tool.schema.spi.SchemaManagementToolCoordinator.process(SchemaManagementToolCoordinator.java:142)
	at org.hibernate.boot.internal.SessionFactoryObserverForSchemaExport.sessionFactoryCreated(SessionFactoryObserverForSchemaExport.java:37)
	at org.hibernate.internal.SessionFactoryObserverChain.sessionFactoryCreated(SessionFactoryObserverChain.java:35)
	at org.hibernate.internal.SessionFactoryImpl.<init>(SessionFactoryImpl.java:315)
	at org.hibernate.boot.internal.SessionFactoryBuilderImpl.build(SessionFactoryBuilderImpl.java:450)
	at org.hibernate.jpa.boot.internal.EntityManagerFactoryBuilderImpl.build(EntityManagerFactoryBuilderImpl.java:1507)
	at org.hibernate.jpa.HibernatePersistenceProvider.createEntityManagerFactory(HibernatePersistenceProvider.java:55)
	at jakarta.persistence.Persistence.createEntityManagerFactory(Persistence.java:80)
	at jakarta.persistence.Persistence.createEntityManagerFactory(Persistence.java:55)
	at iuh.fit.infrastructure.db.JpaConfig.getEntityManagerFactory(JpaConfig.java:48)
	at iuh.fit.infrastructure.db.JpaConfig.getEntityManager(JpaConfig.java:67)
	at iuh.fit.infrastructure.persistence.TaiKhoanRepositoryImpl.findByTaiKhoan(TaiKhoanRepositoryImpl.java:37)
	at iuh.fit.core.service.impl.AuthenticationServiceImpl.login(AuthenticationServiceImpl.java:46)
	at iuh.fit.presentation.controller.LoginController.handleLogin(LoginController.java:284)
	at iuh.fit.presentation.controller.LoginController.lambda$createLoginScene$7(LoginController.java:254)
	at com.sun.javafx.event.CompositeEventHandler.dispatchBubblingEvent(CompositeEventHandler.java:86)
	at com.sun.javafx.event.EventHandlerManager.dispatchBubblingEvent(EventHandlerManager.java:232)
	at com.sun.javafx.event.EventHandlerManager.dispatchBubblingEvent(EventHandlerManager.java:189)
	at com.sun.javafx.event.CompositeEventDispatcher.dispatchBubblingEvent(CompositeEventDispatcher.java:59)
	at com.sun.javafx.event.BasicEventDispatcher.dispatchEvent(BasicEventDispatcher.java:58)
	at com.sun.javafx.event.EventDispatchChainImpl.dispatchEvent(EventDispatchChainImpl.java:114)
	at com.sun.javafx.event.BasicEventDispatcher.dispatchEvent(BasicEventDispatcher.java:56)
	at com.sun.javafx.event.EventDispatchChainImpl.dispatchEvent(EventDispatchChainImpl.java:114)
	at com.sun.javafx.event.BasicEventDispatcher.dispatchEvent(BasicEventDispatcher.java:56)
	at com.sun.javafx.event.EventDispatchChainImpl.dispatchEvent(EventDispatchChainImpl.java:114)
	at com.sun.javafx.event.EventUtil.fireEventImpl(EventUtil.java:74)
	at com.sun.javafx.event.EventUtil.fireEvent(EventUtil.java:49)
	at javafx.event.Event.fireEvent(Event.java:198)
	at javafx.scene.Node.fireEvent(Node.java:8875)
	at com.sun.javafx.scene.control.behavior.TextFieldBehavior.fire(TextFieldBehavior.java:161)
	at com.sun.javafx.scene.control.behavior.TextInputControlBehavior.lambda$keyMapping$62(TextInputControlBehavior.java:344)
	at com.sun.javafx.scene.control.inputmap.InputMap.handle(InputMap.java:274)
	at com.sun.javafx.event.CompositeEventHandler$NormalEventHandlerRecord.handleBubblingEvent(CompositeEventHandler.java:247)
	at com.sun.javafx.event.CompositeEventHandler.dispatchBubblingEvent(CompositeEventHandler.java:80)
	at com.sun.javafx.event.EventHandlerManager.dispatchBubblingEvent(EventHandlerManager.java:232)
	at com.sun.javafx.event.EventHandlerManager.dispatchBubblingEvent(EventHandlerManager.java:189)
	at com.sun.javafx.event.CompositeEventDispatcher.dispatchBubblingEvent(CompositeEventDispatcher.java:59)
	at com.sun.javafx.event.BasicEventDispatcher.dispatchEvent(BasicEventDispatcher.java:58)
	at com.sun.javafx.event.EventDispatchChainImpl.dispatchEvent(EventDispatchChainImpl.java:114)
	at com.sun.javafx.event.BasicEventDispatcher.dispatchEvent(BasicEventDispatcher.java:56)
	at com.sun.javafx.event.EventDispatchChainImpl.dispatchEvent(EventDispatchChainImpl.java:114)
	at com.sun.javafx.event.BasicEventDispatcher.dispatchEvent(BasicEventDispatcher.java:56)
	at com.sun.javafx.event.EventDispatchChainImpl.dispatchEvent(EventDispatchChainImpl.java:114)
	at com.sun.javafx.event.EventUtil.fireEventImpl(EventUtil.java:74)
	at com.sun.javafx.event.EventUtil.fireEvent(EventUtil.java:54)
	at javafx.event.Event.fireEvent(Event.java:198)
	at javafx.scene.Scene.processKeyEvent(Scene.java:2194)
	at javafx.scene.Scene$ScenePeerListener.keyEvent(Scene.java:2715)
	at com.sun.javafx.tk.quantum.GlassViewEventHandler$KeyEventNotification.run(GlassViewEventHandler.java:218)
	at com.sun.javafx.tk.quantum.GlassViewEventHandler$KeyEventNotification.run(GlassViewEventHandler.java:150)
	at java.base/java.security.AccessController.doPrivileged(AccessController.java:400)
	at com.sun.javafx.tk.quantum.GlassViewEventHandler.lambda$handleKeyEvent$1(GlassViewEventHandler.java:250)
	at com.sun.javafx.tk.quantum.QuantumToolkit.runWithoutRenderLock(QuantumToolkit.java:424)
	at com.sun.javafx.tk.quantum.GlassViewEventHandler.handleKeyEvent(GlassViewEventHandler.java:249)
	at com.sun.glass.ui.View.handleKeyEvent(View.java:542)
	at com.sun.glass.ui.View.notifyKey(View.java:966)
	at com.sun.glass.ui.win.WinApplication._runLoop(Native Method)
	at com.sun.glass.ui.win.WinApplication.lambda$runLoop$3(WinApplication.java:185)
	at java.base/java.lang.Thread.run(Thread.java:1583)
Caused by: java.sql.SQLException: (conn=8) Cannot change column 'maKhachHang': used in a foreign key constraint '1'
	at org.mariadb.jdbc.export.ExceptionFactory.createException(ExceptionFactory.java:306)
	at org.mariadb.jdbc.export.ExceptionFactory.create(ExceptionFactory.java:378)
	at org.mariadb.jdbc.message.ClientMessage.readPacket(ClientMessage.java:172)
	at org.mariadb.jdbc.client.impl.StandardClient.readPacket(StandardClient.java:915)
	at org.mariadb.jdbc.client.impl.StandardClient.readResults(StandardClient.java:854)
	at org.mariadb.jdbc.client.impl.StandardClient.readResponse(StandardClient.java:773)
	at org.mariadb.jdbc.client.impl.StandardClient.execute(StandardClient.java:697)
	at org.mariadb.jdbc.Statement.executeInternal(Statement.java:1035)
	at org.mariadb.jdbc.Statement.execute(Statement.java:1165)
	at org.mariadb.jdbc.Statement.execute(Statement.java:493)
	at org.hibernate.tool.schema.internal.exec.GenerationTargetToDatabase.accept(GenerationTargetToDatabase.java:80)
	... 68 common frames omitted
2026-05-07 00:15:55.085 [JavaFX Application Thread] DEBUG org.hibernate.SQL - 
    [34malter[0m [34mtable[0m [34mif[0m [34mexists[0m PhieuDatPhong 
       modify [34mcolumn[0m maNhanVien [34mvarchar[0m(5)
2026-05-07 00:15:55.089 [JavaFX Application Thread] WARN  o.m.jdbc.message.server.ErrorPacket - Error: 1832-HY000: Cannot change column 'maNhanVien': used in a foreign key constraint 'FK_PhieuDatPhong_NhanVien'
2026-05-07 00:15:55.089 [JavaFX Application Thread] WARN  o.h.t.s.i.ExceptionHandlerLoggedImpl - GenerationTarget encountered exception accepting command : Error executing DDL "
    alter table if exists PhieuDatPhong 
       modify column maNhanVien varchar(5)" via JDBC [(conn=8) Cannot change column 'maNhanVien': used in a foreign key constraint 'FK_PhieuDatPhong_NhanVien']
org.hibernate.tool.schema.spi.CommandAcceptanceException: Error executing DDL "
    alter table if exists PhieuDatPhong 
       modify column maNhanVien varchar(5)" via JDBC [(conn=8) Cannot change column 'maNhanVien': used in a foreign key constraint 'FK_PhieuDatPhong_NhanVien']
	at org.hibernate.tool.schema.internal.exec.GenerationTargetToDatabase.accept(GenerationTargetToDatabase.java:94)
	at org.hibernate.tool.schema.internal.AbstractSchemaMigrator.applySqlString(AbstractSchemaMigrator.java:574)
	at org.hibernate.tool.schema.internal.AbstractSchemaMigrator.applySqlStrings(AbstractSchemaMigrator.java:514)
	at org.hibernate.tool.schema.internal.AbstractSchemaMigrator.migrateTable(AbstractSchemaMigrator.java:333)
	at org.hibernate.tool.schema.internal.GroupedSchemaMigratorImpl.performTablesMigration(GroupedSchemaMigratorImpl.java:84)
	at org.hibernate.tool.schema.internal.AbstractSchemaMigrator.performMigration(AbstractSchemaMigrator.java:232)
	at org.hibernate.tool.schema.internal.AbstractSchemaMigrator.doMigration(AbstractSchemaMigrator.java:117)
	at org.hibernate.tool.schema.spi.SchemaManagementToolCoordinator.performDatabaseAction(SchemaManagementToolCoordinator.java:286)
	at org.hibernate.tool.schema.spi.SchemaManagementToolCoordinator.lambda$process$5(SchemaManagementToolCoordinator.java:145)
	at java.base/java.util.HashMap.forEach(HashMap.java:1429)
	at org.hibernate.tool.schema.spi.SchemaManagementToolCoordinator.process(SchemaManagementToolCoordinator.java:142)
	at org.hibernate.boot.internal.SessionFactoryObserverForSchemaExport.sessionFactoryCreated(SessionFactoryObserverForSchemaExport.java:37)
	at org.hibernate.internal.SessionFactoryObserverChain.sessionFactoryCreated(SessionFactoryObserverChain.java:35)
	at org.hibernate.internal.SessionFactoryImpl.<init>(SessionFactoryImpl.java:315)
	at org.hibernate.boot.internal.SessionFactoryBuilderImpl.build(SessionFactoryBuilderImpl.java:450)
	at org.hibernate.jpa.boot.internal.EntityManagerFactoryBuilderImpl.build(EntityManagerFactoryBuilderImpl.java:1507)
	at org.hibernate.jpa.HibernatePersistenceProvider.createEntityManagerFactory(HibernatePersistenceProvider.java:55)
	at jakarta.persistence.Persistence.createEntityManagerFactory(Persistence.java:80)
	at jakarta.persistence.Persistence.createEntityManagerFactory(Persistence.java:55)
	at iuh.fit.infrastructure.db.JpaConfig.getEntityManagerFactory(JpaConfig.java:48)
	at iuh.fit.infrastructure.db.JpaConfig.getEntityManager(JpaConfig.java:67)
	at iuh.fit.infrastructure.persistence.TaiKhoanRepositoryImpl.findByTaiKhoan(TaiKhoanRepositoryImpl.java:37)
	at iuh.fit.core.service.impl.AuthenticationServiceImpl.login(AuthenticationServiceImpl.java:46)
	at iuh.fit.presentation.controller.LoginController.handleLogin(LoginController.java:284)
	at iuh.fit.presentation.controller.LoginController.lambda$createLoginScene$7(LoginController.java:254)
	at com.sun.javafx.event.CompositeEventHandler.dispatchBubblingEvent(CompositeEventHandler.java:86)
	at com.sun.javafx.event.EventHandlerManager.dispatchBubblingEvent(EventHandlerManager.java:232)
	at com.sun.javafx.event.EventHandlerManager.dispatchBubblingEvent(EventHandlerManager.java:189)
	at com.sun.javafx.event.CompositeEventDispatcher.dispatchBubblingEvent(CompositeEventDispatcher.java:59)
	at com.sun.javafx.event.BasicEventDispatcher.dispatchEvent(BasicEventDispatcher.java:58)
	at com.sun.javafx.event.EventDispatchChainImpl.dispatchEvent(EventDispatchChainImpl.java:114)
	at com.sun.javafx.event.BasicEventDispatcher.dispatchEvent(BasicEventDispatcher.java:56)
	at com.sun.javafx.event.EventDispatchChainImpl.dispatchEvent(EventDispatchChainImpl.java:114)
	at com.sun.javafx.event.BasicEventDispatcher.dispatchEvent(BasicEventDispatcher.java:56)
	at com.sun.javafx.event.EventDispatchChainImpl.dispatchEvent(EventDispatchChainImpl.java:114)
	at com.sun.javafx.event.EventUtil.fireEventImpl(EventUtil.java:74)
	at com.sun.javafx.event.EventUtil.fireEvent(EventUtil.java:49)
	at javafx.event.Event.fireEvent(Event.java:198)
	at javafx.scene.Node.fireEvent(Node.java:8875)
	at com.sun.javafx.scene.control.behavior.TextFieldBehavior.fire(TextFieldBehavior.java:161)
	at com.sun.javafx.scene.control.behavior.TextInputControlBehavior.lambda$keyMapping$62(TextInputControlBehavior.java:344)
	at com.sun.javafx.scene.control.inputmap.InputMap.handle(InputMap.java:274)
	at com.sun.javafx.event.CompositeEventHandler$NormalEventHandlerRecord.handleBubblingEvent(CompositeEventHandler.java:247)
	at com.sun.javafx.event.CompositeEventHandler.dispatchBubblingEvent(CompositeEventHandler.java:80)
	at com.sun.javafx.event.EventHandlerManager.dispatchBubblingEvent(EventHandlerManager.java:232)
	at com.sun.javafx.event.EventHandlerManager.dispatchBubblingEvent(EventHandlerManager.java:189)
	at com.sun.javafx.event.CompositeEventDispatcher.dispatchBubblingEvent(CompositeEventDispatcher.java:59)
	at com.sun.javafx.event.BasicEventDispatcher.dispatchEvent(BasicEventDispatcher.java:58)
	at com.sun.javafx.event.EventDispatchChainImpl.dispatchEvent(EventDispatchChainImpl.java:114)
	at com.sun.javafx.event.BasicEventDispatcher.dispatchEvent(BasicEventDispatcher.java:56)
	at com.sun.javafx.event.EventDispatchChainImpl.dispatchEvent(EventDispatchChainImpl.java:114)
	at com.sun.javafx.event.BasicEventDispatcher.dispatchEvent(BasicEventDispatcher.java:56)
	at com.sun.javafx.event.EventDispatchChainImpl.dispatchEvent(EventDispatchChainImpl.java:114)
	at com.sun.javafx.event.EventUtil.fireEventImpl(EventUtil.java:74)
	at com.sun.javafx.event.EventUtil.fireEvent(EventUtil.java:54)
	at javafx.event.Event.fireEvent(Event.java:198)
	at javafx.scene.Scene.processKeyEvent(Scene.java:2194)
	at javafx.scene.Scene$ScenePeerListener.keyEvent(Scene.java:2715)
	at com.sun.javafx.tk.quantum.GlassViewEventHandler$KeyEventNotification.run(GlassViewEventHandler.java:218)
	at com.sun.javafx.tk.quantum.GlassViewEventHandler$KeyEventNotification.run(GlassViewEventHandler.java:150)
	at java.base/java.security.AccessController.doPrivileged(AccessController.java:400)
	at com.sun.javafx.tk.quantum.GlassViewEventHandler.lambda$handleKeyEvent$1(GlassViewEventHandler.java:250)
	at com.sun.javafx.tk.quantum.QuantumToolkit.runWithoutRenderLock(QuantumToolkit.java:424)
	at com.sun.javafx.tk.quantum.GlassViewEventHandler.handleKeyEvent(GlassViewEventHandler.java:249)
	at com.sun.glass.ui.View.handleKeyEvent(View.java:542)
	at com.sun.glass.ui.View.notifyKey(View.java:966)
	at com.sun.glass.ui.win.WinApplication._runLoop(Native Method)
	at com.sun.glass.ui.win.WinApplication.lambda$runLoop$3(WinApplication.java:185)
	at java.base/java.lang.Thread.run(Thread.java:1583)
Caused by: java.sql.SQLException: (conn=8) Cannot change column 'maNhanVien': used in a foreign key constraint 'FK_PhieuDatPhong_NhanVien'
	at org.mariadb.jdbc.export.ExceptionFactory.createException(ExceptionFactory.java:306)
	at org.mariadb.jdbc.export.ExceptionFactory.create(ExceptionFactory.java:378)
	at org.mariadb.jdbc.message.ClientMessage.readPacket(ClientMessage.java:172)
	at org.mariadb.jdbc.client.impl.StandardClient.readPacket(StandardClient.java:915)
	at org.mariadb.jdbc.client.impl.StandardClient.readResults(StandardClient.java:854)
	at org.mariadb.jdbc.client.impl.StandardClient.readResponse(StandardClient.java:773)
	at org.mariadb.jdbc.client.impl.StandardClient.execute(StandardClient.java:697)
	at org.mariadb.jdbc.Statement.executeInternal(Statement.java:1035)
	at org.mariadb.jdbc.Statement.execute(Statement.java:1165)
	at org.mariadb.jdbc.Statement.execute(Statement.java:493)
	at org.hibernate.tool.schema.internal.exec.GenerationTargetToDatabase.accept(GenerationTargetToDatabase.java:80)
	... 68 common frames omitted
2026-05-07 00:15:55.090 [JavaFX Application Thread] DEBUG org.hibernate.SQL - 
    [34malter[0m [34mtable[0m [34mif[0m [34mexists[0m PhieuDatPhong 
       modify [34mcolumn[0m maPhong [34mvarchar[0m(4)
2026-05-07 00:15:55.096 [JavaFX Application Thread] WARN  o.m.jdbc.message.server.ErrorPacket - Error: 1832-HY000: Cannot change column 'maPhong': used in a foreign key constraint '2'
2026-05-07 00:15:55.097 [JavaFX Application Thread] WARN  o.h.t.s.i.ExceptionHandlerLoggedImpl - GenerationTarget encountered exception accepting command : Error executing DDL "
    alter table if exists PhieuDatPhong 
       modify column maPhong varchar(4)" via JDBC [(conn=8) Cannot change column 'maPhong': used in a foreign key constraint '2']
org.hibernate.tool.schema.spi.CommandAcceptanceException: Error executing DDL "
    alter table if exists PhieuDatPhong 
       modify column maPhong varchar(4)" via JDBC [(conn=8) Cannot change column 'maPhong': used in a foreign key constraint '2']
	at org.hibernate.tool.schema.internal.exec.GenerationTargetToDatabase.accept(GenerationTargetToDatabase.java:94)
	at org.hibernate.tool.schema.internal.AbstractSchemaMigrator.applySqlString(AbstractSchemaMigrator.java:574)
	at org.hibernate.tool.schema.internal.AbstractSchemaMigrator.applySqlStrings(AbstractSchemaMigrator.java:514)
	at org.hibernate.tool.schema.internal.AbstractSchemaMigrator.migrateTable(AbstractSchemaMigrator.java:333)
	at org.hibernate.tool.schema.internal.GroupedSchemaMigratorImpl.performTablesMigration(GroupedSchemaMigratorImpl.java:84)
	at org.hibernate.tool.schema.internal.AbstractSchemaMigrator.performMigration(AbstractSchemaMigrator.java:232)
	at org.hibernate.tool.schema.internal.AbstractSchemaMigrator.doMigration(AbstractSchemaMigrator.java:117)
	at org.hibernate.tool.schema.spi.SchemaManagementToolCoordinator.performDatabaseAction(SchemaManagementToolCoordinator.java:286)
	at org.hibernate.tool.schema.spi.SchemaManagementToolCoordinator.lambda$process$5(SchemaManagementToolCoordinator.java:145)
	at java.base/java.util.HashMap.forEach(HashMap.java:1429)
	at org.hibernate.tool.schema.spi.SchemaManagementToolCoordinator.process(SchemaManagementToolCoordinator.java:142)
	at org.hibernate.boot.internal.SessionFactoryObserverForSchemaExport.sessionFactoryCreated(SessionFactoryObserverForSchemaExport.java:37)
	at org.hibernate.internal.SessionFactoryObserverChain.sessionFactoryCreated(SessionFactoryObserverChain.java:35)
	at org.hibernate.internal.SessionFactoryImpl.<init>(SessionFactoryImpl.java:315)
	at org.hibernate.boot.internal.SessionFactoryBuilderImpl.build(SessionFactoryBuilderImpl.java:450)
	at org.hibernate.jpa.boot.internal.EntityManagerFactoryBuilderImpl.build(EntityManagerFactoryBuilderImpl.java:1507)
	at org.hibernate.jpa.HibernatePersistenceProvider.createEntityManagerFactory(HibernatePersistenceProvider.java:55)
	at jakarta.persistence.Persistence.createEntityManagerFactory(Persistence.java:80)
	at jakarta.persistence.Persistence.createEntityManagerFactory(Persistence.java:55)
	at iuh.fit.infrastructure.db.JpaConfig.getEntityManagerFactory(JpaConfig.java:48)
	at iuh.fit.infrastructure.db.JpaConfig.getEntityManager(JpaConfig.java:67)
	at iuh.fit.infrastructure.persistence.TaiKhoanRepositoryImpl.findByTaiKhoan(TaiKhoanRepositoryImpl.java:37)
	at iuh.fit.core.service.impl.AuthenticationServiceImpl.login(AuthenticationServiceImpl.java:46)
	at iuh.fit.presentation.controller.LoginController.handleLogin(LoginController.java:284)
	at iuh.fit.presentation.controller.LoginController.lambda$createLoginScene$7(LoginController.java:254)
	at com.sun.javafx.event.CompositeEventHandler.dispatchBubblingEvent(CompositeEventHandler.java:86)
	at com.sun.javafx.event.EventHandlerManager.dispatchBubblingEvent(EventHandlerManager.java:232)
	at com.sun.javafx.event.EventHandlerManager.dispatchBubblingEvent(EventHandlerManager.java:189)
	at com.sun.javafx.event.CompositeEventDispatcher.dispatchBubblingEvent(CompositeEventDispatcher.java:59)
	at com.sun.javafx.event.BasicEventDispatcher.dispatchEvent(BasicEventDispatcher.java:58)
	at com.sun.javafx.event.EventDispatchChainImpl.dispatchEvent(EventDispatchChainImpl.java:114)
	at com.sun.javafx.event.BasicEventDispatcher.dispatchEvent(BasicEventDispatcher.java:56)
	at com.sun.javafx.event.EventDispatchChainImpl.dispatchEvent(EventDispatchChainImpl.java:114)
	at com.sun.javafx.event.BasicEventDispatcher.dispatchEvent(BasicEventDispatcher.java:56)
	at com.sun.javafx.event.EventDispatchChainImpl.dispatchEvent(EventDispatchChainImpl.java:114)
	at com.sun.javafx.event.EventUtil.fireEventImpl(EventUtil.java:74)
	at com.sun.javafx.event.EventUtil.fireEvent(EventUtil.java:49)
	at javafx.event.Event.fireEvent(Event.java:198)
	at javafx.scene.Node.fireEvent(Node.java:8875)
	at com.sun.javafx.scene.control.behavior.TextFieldBehavior.fire(TextFieldBehavior.java:161)
	at com.sun.javafx.scene.control.behavior.TextInputControlBehavior.lambda$keyMapping$62(TextInputControlBehavior.java:344)
	at com.sun.javafx.scene.control.inputmap.InputMap.handle(InputMap.java:274)
	at com.sun.javafx.event.CompositeEventHandler$NormalEventHandlerRecord.handleBubblingEvent(CompositeEventHandler.java:247)
	at com.sun.javafx.event.CompositeEventHandler.dispatchBubblingEvent(CompositeEventHandler.java:80)
	at com.sun.javafx.event.EventHandlerManager.dispatchBubblingEvent(EventHandlerManager.java:232)
	at com.sun.javafx.event.EventHandlerManager.dispatchBubblingEvent(EventHandlerManager.java:189)
	at com.sun.javafx.event.CompositeEventDispatcher.dispatchBubblingEvent(CompositeEventDispatcher.java:59)
	at com.sun.javafx.event.BasicEventDispatcher.dispatchEvent(BasicEventDispatcher.java:58)
	at com.sun.javafx.event.EventDispatchChainImpl.dispatchEvent(EventDispatchChainImpl.java:114)
	at com.sun.javafx.event.BasicEventDispatcher.dispatchEvent(BasicEventDispatcher.java:56)
	at com.sun.javafx.event.EventDispatchChainImpl.dispatchEvent(EventDispatchChainImpl.java:114)
	at com.sun.javafx.event.BasicEventDispatcher.dispatchEvent(BasicEventDispatcher.java:56)
	at com.sun.javafx.event.EventDispatchChainImpl.dispatchEvent(EventDispatchChainImpl.java:114)
	at com.sun.javafx.event.EventUtil.fireEventImpl(EventUtil.java:74)
	at com.sun.javafx.event.EventUtil.fireEvent(EventUtil.java:54)
	at javafx.event.Event.fireEvent(Event.java:198)
	at javafx.scene.Scene.processKeyEvent(Scene.java:2194)
	at javafx.scene.Scene$ScenePeerListener.keyEvent(Scene.java:2715)
	at com.sun.javafx.tk.quantum.GlassViewEventHandler$KeyEventNotification.run(GlassViewEventHandler.java:218)
	at com.sun.javafx.tk.quantum.GlassViewEventHandler$KeyEventNotification.run(GlassViewEventHandler.java:150)
	at java.base/java.security.AccessController.doPrivileged(AccessController.java:400)
	at com.sun.javafx.tk.quantum.GlassViewEventHandler.lambda$handleKeyEvent$1(GlassViewEventHandler.java:250)
	at com.sun.javafx.tk.quantum.QuantumToolkit.runWithoutRenderLock(QuantumToolkit.java:424)
	at com.sun.javafx.tk.quantum.GlassViewEventHandler.handleKeyEvent(GlassViewEventHandler.java:249)
	at com.sun.glass.ui.View.handleKeyEvent(View.java:542)
	at com.sun.glass.ui.View.notifyKey(View.java:966)
	at com.sun.glass.ui.win.WinApplication._runLoop(Native Method)
	at com.sun.glass.ui.win.WinApplication.lambda$runLoop$3(WinApplication.java:185)
	at java.base/java.lang.Thread.run(Thread.java:1583)
Caused by: java.sql.SQLException: (conn=8) Cannot change column 'maPhong': used in a foreign key constraint '2'
	at org.mariadb.jdbc.export.ExceptionFactory.createException(ExceptionFactory.java:306)
	at org.mariadb.jdbc.export.ExceptionFactory.create(ExceptionFactory.java:378)
	at org.mariadb.jdbc.message.ClientMessage.readPacket(ClientMessage.java:172)
	at org.mariadb.jdbc.client.impl.StandardClient.readPacket(StandardClient.java:915)
	at org.mariadb.jdbc.client.impl.StandardClient.readResults(StandardClient.java:854)
	at org.mariadb.jdbc.client.impl.StandardClient.readResponse(StandardClient.java:773)
	at org.mariadb.jdbc.client.impl.StandardClient.execute(StandardClient.java:697)
	at org.mariadb.jdbc.Statement.executeInternal(Statement.java:1035)
	at org.mariadb.jdbc.Statement.execute(Statement.java:1165)
	at org.mariadb.jdbc.Statement.execute(Statement.java:493)
	at org.hibernate.tool.schema.internal.exec.GenerationTargetToDatabase.accept(GenerationTargetToDatabase.java:80)
	... 68 common frames omitted
2026-05-07 00:15:55.097 [JavaFX Application Thread] DEBUG org.hibernate.SQL - 
    [34malter[0m [34mtable[0m [34mif[0m [34mexists[0m Phong 
       modify [34mcolumn[0m maPhong [34mvarchar[0m(4) [34mnot[0m [34mnull[0m
2026-05-07 00:15:55.102 [JavaFX Application Thread] WARN  o.m.jdbc.message.server.ErrorPacket - Error: 1833-HY000: Cannot change column 'maPhong': used in a foreign key constraint '4' of table 'qlkhachsantatp_db.hoadon'
2026-05-07 00:15:55.102 [JavaFX Application Thread] WARN  o.h.t.s.i.ExceptionHandlerLoggedImpl - GenerationTarget encountered exception accepting command : Error executing DDL "
    alter table if exists Phong 
       modify column maPhong varchar(4) not null" via JDBC [(conn=8) Cannot change column 'maPhong': used in a foreign key constraint '4' of table 'qlkhachsantatp_db.hoadon']
org.hibernate.tool.schema.spi.CommandAcceptanceException: Error executing DDL "
    alter table if exists Phong 
       modify column maPhong varchar(4) not null" via JDBC [(conn=8) Cannot change column 'maPhong': used in a foreign key constraint '4' of table 'qlkhachsantatp_db.hoadon']
	at org.hibernate.tool.schema.internal.exec.GenerationTargetToDatabase.accept(GenerationTargetToDatabase.java:94)
	at org.hibernate.tool.schema.internal.AbstractSchemaMigrator.applySqlString(AbstractSchemaMigrator.java:574)
	at org.hibernate.tool.schema.internal.AbstractSchemaMigrator.applySqlStrings(AbstractSchemaMigrator.java:514)
	at org.hibernate.tool.schema.internal.AbstractSchemaMigrator.migrateTable(AbstractSchemaMigrator.java:333)
	at org.hibernate.tool.schema.internal.GroupedSchemaMigratorImpl.performTablesMigration(GroupedSchemaMigratorImpl.java:84)
	at org.hibernate.tool.schema.internal.AbstractSchemaMigrator.performMigration(AbstractSchemaMigrator.java:232)
	at org.hibernate.tool.schema.internal.AbstractSchemaMigrator.doMigration(AbstractSchemaMigrator.java:117)
	at org.hibernate.tool.schema.spi.SchemaManagementToolCoordinator.performDatabaseAction(SchemaManagementToolCoordinator.java:286)
	at org.hibernate.tool.schema.spi.SchemaManagementToolCoordinator.lambda$process$5(SchemaManagementToolCoordinator.java:145)
	at java.base/java.util.HashMap.forEach(HashMap.java:1429)
	at org.hibernate.tool.schema.spi.SchemaManagementToolCoordinator.process(SchemaManagementToolCoordinator.java:142)
	at org.hibernate.boot.internal.SessionFactoryObserverForSchemaExport.sessionFactoryCreated(SessionFactoryObserverForSchemaExport.java:37)
	at org.hibernate.internal.SessionFactoryObserverChain.sessionFactoryCreated(SessionFactoryObserverChain.java:35)
	at org.hibernate.internal.SessionFactoryImpl.<init>(SessionFactoryImpl.java:315)
	at org.hibernate.boot.internal.SessionFactoryBuilderImpl.build(SessionFactoryBuilderImpl.java:450)
	at org.hibernate.jpa.boot.internal.EntityManagerFactoryBuilderImpl.build(EntityManagerFactoryBuilderImpl.java:1507)
	at org.hibernate.jpa.HibernatePersistenceProvider.createEntityManagerFactory(HibernatePersistenceProvider.java:55)
	at jakarta.persistence.Persistence.createEntityManagerFactory(Persistence.java:80)
	at jakarta.persistence.Persistence.createEntityManagerFactory(Persistence.java:55)
	at iuh.fit.infrastructure.db.JpaConfig.getEntityManagerFactory(JpaConfig.java:48)
	at iuh.fit.infrastructure.db.JpaConfig.getEntityManager(JpaConfig.java:67)
	at iuh.fit.infrastructure.persistence.TaiKhoanRepositoryImpl.findByTaiKhoan(TaiKhoanRepositoryImpl.java:37)
	at iuh.fit.core.service.impl.AuthenticationServiceImpl.login(AuthenticationServiceImpl.java:46)
	at iuh.fit.presentation.controller.LoginController.handleLogin(LoginController.java:284)
	at iuh.fit.presentation.controller.LoginController.lambda$createLoginScene$7(LoginController.java:254)
	at com.sun.javafx.event.CompositeEventHandler.dispatchBubblingEvent(CompositeEventHandler.java:86)
	at com.sun.javafx.event.EventHandlerManager.dispatchBubblingEvent(EventHandlerManager.java:232)
	at com.sun.javafx.event.EventHandlerManager.dispatchBubblingEvent(EventHandlerManager.java:189)
	at com.sun.javafx.event.CompositeEventDispatcher.dispatchBubblingEvent(CompositeEventDispatcher.java:59)
	at com.sun.javafx.event.BasicEventDispatcher.dispatchEvent(BasicEventDispatcher.java:58)
	at com.sun.javafx.event.EventDispatchChainImpl.dispatchEvent(EventDispatchChainImpl.java:114)
	at com.sun.javafx.event.BasicEventDispatcher.dispatchEvent(BasicEventDispatcher.java:56)
	at com.sun.javafx.event.EventDispatchChainImpl.dispatchEvent(EventDispatchChainImpl.java:114)
	at com.sun.javafx.event.BasicEventDispatcher.dispatchEvent(BasicEventDispatcher.java:56)
	at com.sun.javafx.event.EventDispatchChainImpl.dispatchEvent(EventDispatchChainImpl.java:114)
	at com.sun.javafx.event.EventUtil.fireEventImpl(EventUtil.java:74)
	at com.sun.javafx.event.EventUtil.fireEvent(EventUtil.java:49)
	at javafx.event.Event.fireEvent(Event.java:198)
	at javafx.scene.Node.fireEvent(Node.java:8875)
	at com.sun.javafx.scene.control.behavior.TextFieldBehavior.fire(TextFieldBehavior.java:161)
	at com.sun.javafx.scene.control.behavior.TextInputControlBehavior.lambda$keyMapping$62(TextInputControlBehavior.java:344)
	at com.sun.javafx.scene.control.inputmap.InputMap.handle(InputMap.java:274)
	at com.sun.javafx.event.CompositeEventHandler$NormalEventHandlerRecord.handleBubblingEvent(CompositeEventHandler.java:247)
	at com.sun.javafx.event.CompositeEventHandler.dispatchBubblingEvent(CompositeEventHandler.java:80)
	at com.sun.javafx.event.EventHandlerManager.dispatchBubblingEvent(EventHandlerManager.java:232)
	at com.sun.javafx.event.EventHandlerManager.dispatchBubblingEvent(EventHandlerManager.java:189)
	at com.sun.javafx.event.CompositeEventDispatcher.dispatchBubblingEvent(CompositeEventDispatcher.java:59)
	at com.sun.javafx.event.BasicEventDispatcher.dispatchEvent(BasicEventDispatcher.java:58)
	at com.sun.javafx.event.EventDispatchChainImpl.dispatchEvent(EventDispatchChainImpl.java:114)
	at com.sun.javafx.event.BasicEventDispatcher.dispatchEvent(BasicEventDispatcher.java:56)
	at com.sun.javafx.event.EventDispatchChainImpl.dispatchEvent(EventDispatchChainImpl.java:114)
	at com.sun.javafx.event.BasicEventDispatcher.dispatchEvent(BasicEventDispatcher.java:56)
	at com.sun.javafx.event.EventDispatchChainImpl.dispatchEvent(EventDispatchChainImpl.java:114)
	at com.sun.javafx.event.EventUtil.fireEventImpl(EventUtil.java:74)
	at com.sun.javafx.event.EventUtil.fireEvent(EventUtil.java:54)
	at javafx.event.Event.fireEvent(Event.java:198)
	at javafx.scene.Scene.processKeyEvent(Scene.java:2194)
	at javafx.scene.Scene$ScenePeerListener.keyEvent(Scene.java:2715)
	at com.sun.javafx.tk.quantum.GlassViewEventHandler$KeyEventNotification.run(GlassViewEventHandler.java:218)
	at com.sun.javafx.tk.quantum.GlassViewEventHandler$KeyEventNotification.run(GlassViewEventHandler.java:150)
	at java.base/java.security.AccessController.doPrivileged(AccessController.java:400)
	at com.sun.javafx.tk.quantum.GlassViewEventHandler.lambda$handleKeyEvent$1(GlassViewEventHandler.java:250)
	at com.sun.javafx.tk.quantum.QuantumToolkit.runWithoutRenderLock(QuantumToolkit.java:424)
	at com.sun.javafx.tk.quantum.GlassViewEventHandler.handleKeyEvent(GlassViewEventHandler.java:249)
	at com.sun.glass.ui.View.handleKeyEvent(View.java:542)
	at com.sun.glass.ui.View.notifyKey(View.java:966)
	at com.sun.glass.ui.win.WinApplication._runLoop(Native Method)
	at com.sun.glass.ui.win.WinApplication.lambda$runLoop$3(WinApplication.java:185)
	at java.base/java.lang.Thread.run(Thread.java:1583)
Caused by: java.sql.SQLException: (conn=8) Cannot change column 'maPhong': used in a foreign key constraint '4' of table 'qlkhachsantatp_db.hoadon'
	at org.mariadb.jdbc.export.ExceptionFactory.createException(ExceptionFactory.java:306)
	at org.mariadb.jdbc.export.ExceptionFactory.create(ExceptionFactory.java:378)
	at org.mariadb.jdbc.message.ClientMessage.readPacket(ClientMessage.java:172)
	at org.mariadb.jdbc.client.impl.StandardClient.readPacket(StandardClient.java:915)
	at org.mariadb.jdbc.client.impl.StandardClient.readResults(StandardClient.java:854)
	at org.mariadb.jdbc.client.impl.StandardClient.readResponse(StandardClient.java:773)
	at org.mariadb.jdbc.client.impl.StandardClient.execute(StandardClient.java:697)
	at org.mariadb.jdbc.Statement.executeInternal(Statement.java:1035)
	at org.mariadb.jdbc.Statement.execute(Statement.java:1165)
	at org.mariadb.jdbc.Statement.execute(Statement.java:493)
	at org.hibernate.tool.schema.internal.exec.GenerationTargetToDatabase.accept(GenerationTargetToDatabase.java:80)
	... 68 common frames omitted
2026-05-07 00:15:55.103 [JavaFX Application Thread] DEBUG org.hibernate.SQL - 
    [34malter[0m [34mtable[0m [34mif[0m [34mexists[0m TaiKhoan 
       modify [34mcolumn[0m maNhanVien [34mvarchar[0m(20)
2026-05-07 00:15:55.109 [JavaFX Application Thread] WARN  o.m.jdbc.message.server.ErrorPacket - Error: 1832-HY000: Cannot change column 'maNhanVien': used in a foreign key constraint 'FK_TaiKhoan_NhanVien'
2026-05-07 00:15:55.109 [JavaFX Application Thread] WARN  o.h.t.s.i.ExceptionHandlerLoggedImpl - GenerationTarget encountered exception accepting command : Error executing DDL "
    alter table if exists TaiKhoan 
       modify column maNhanVien varchar(20)" via JDBC [(conn=8) Cannot change column 'maNhanVien': used in a foreign key constraint 'FK_TaiKhoan_NhanVien']
org.hibernate.tool.schema.spi.CommandAcceptanceException: Error executing DDL "
    alter table if exists TaiKhoan 
       modify column maNhanVien varchar(20)" via JDBC [(conn=8) Cannot change column 'maNhanVien': used in a foreign key constraint 'FK_TaiKhoan_NhanVien']
	at org.hibernate.tool.schema.internal.exec.GenerationTargetToDatabase.accept(GenerationTargetToDatabase.java:94)
	at org.hibernate.tool.schema.internal.AbstractSchemaMigrator.applySqlString(AbstractSchemaMigrator.java:574)
	at org.hibernate.tool.schema.internal.AbstractSchemaMigrator.applySqlStrings(AbstractSchemaMigrator.java:514)
	at org.hibernate.tool.schema.internal.AbstractSchemaMigrator.migrateTable(AbstractSchemaMigrator.java:333)
	at org.hibernate.tool.schema.internal.GroupedSchemaMigratorImpl.performTablesMigration(GroupedSchemaMigratorImpl.java:84)
	at org.hibernate.tool.schema.internal.AbstractSchemaMigrator.performMigration(AbstractSchemaMigrator.java:232)
	at org.hibernate.tool.schema.internal.AbstractSchemaMigrator.doMigration(AbstractSchemaMigrator.java:117)
	at org.hibernate.tool.schema.spi.SchemaManagementToolCoordinator.performDatabaseAction(SchemaManagementToolCoordinator.java:286)
	at org.hibernate.tool.schema.spi.SchemaManagementToolCoordinator.lambda$process$5(SchemaManagementToolCoordinator.java:145)
	at java.base/java.util.HashMap.forEach(HashMap.java:1429)
	at org.hibernate.tool.schema.spi.SchemaManagementToolCoordinator.process(SchemaManagementToolCoordinator.java:142)
	at org.hibernate.boot.internal.SessionFactoryObserverForSchemaExport.sessionFactoryCreated(SessionFactoryObserverForSchemaExport.java:37)
	at org.hibernate.internal.SessionFactoryObserverChain.sessionFactoryCreated(SessionFactoryObserverChain.java:35)
	at org.hibernate.internal.SessionFactoryImpl.<init>(SessionFactoryImpl.java:315)
	at org.hibernate.boot.internal.SessionFactoryBuilderImpl.build(SessionFactoryBuilderImpl.java:450)
	at org.hibernate.jpa.boot.internal.EntityManagerFactoryBuilderImpl.build(EntityManagerFactoryBuilderImpl.java:1507)
	at org.hibernate.jpa.HibernatePersistenceProvider.createEntityManagerFactory(HibernatePersistenceProvider.java:55)
	at jakarta.persistence.Persistence.createEntityManagerFactory(Persistence.java:80)
	at jakarta.persistence.Persistence.createEntityManagerFactory(Persistence.java:55)
	at iuh.fit.infrastructure.db.JpaConfig.getEntityManagerFactory(JpaConfig.java:48)
	at iuh.fit.infrastructure.db.JpaConfig.getEntityManager(JpaConfig.java:67)
	at iuh.fit.infrastructure.persistence.TaiKhoanRepositoryImpl.findByTaiKhoan(TaiKhoanRepositoryImpl.java:37)
	at iuh.fit.core.service.impl.AuthenticationServiceImpl.login(AuthenticationServiceImpl.java:46)
	at iuh.fit.presentation.controller.LoginController.handleLogin(LoginController.java:284)
	at iuh.fit.presentation.controller.LoginController.lambda$createLoginScene$7(LoginController.java:254)
	at com.sun.javafx.event.CompositeEventHandler.dispatchBubblingEvent(CompositeEventHandler.java:86)
	at com.sun.javafx.event.EventHandlerManager.dispatchBubblingEvent(EventHandlerManager.java:232)
	at com.sun.javafx.event.EventHandlerManager.dispatchBubblingEvent(EventHandlerManager.java:189)
	at com.sun.javafx.event.CompositeEventDispatcher.dispatchBubblingEvent(CompositeEventDispatcher.java:59)
	at com.sun.javafx.event.BasicEventDispatcher.dispatchEvent(BasicEventDispatcher.java:58)
	at com.sun.javafx.event.EventDispatchChainImpl.dispatchEvent(EventDispatchChainImpl.java:114)
	at com.sun.javafx.event.BasicEventDispatcher.dispatchEvent(BasicEventDispatcher.java:56)
	at com.sun.javafx.event.EventDispatchChainImpl.dispatchEvent(EventDispatchChainImpl.java:114)
	at com.sun.javafx.event.BasicEventDispatcher.dispatchEvent(BasicEventDispatcher.java:56)
	at com.sun.javafx.event.EventDispatchChainImpl.dispatchEvent(EventDispatchChainImpl.java:114)
	at com.sun.javafx.event.EventUtil.fireEventImpl(EventUtil.java:74)
	at com.sun.javafx.event.EventUtil.fireEvent(EventUtil.java:49)
	at javafx.event.Event.fireEvent(Event.java:198)
	at javafx.scene.Node.fireEvent(Node.java:8875)
	at com.sun.javafx.scene.control.behavior.TextFieldBehavior.fire(TextFieldBehavior.java:161)
	at com.sun.javafx.scene.control.behavior.TextInputControlBehavior.lambda$keyMapping$62(TextInputControlBehavior.java:344)
	at com.sun.javafx.scene.control.inputmap.InputMap.handle(InputMap.java:274)
	at com.sun.javafx.event.CompositeEventHandler$NormalEventHandlerRecord.handleBubblingEvent(CompositeEventHandler.java:247)
	at com.sun.javafx.event.CompositeEventHandler.dispatchBubblingEvent(CompositeEventHandler.java:80)
	at com.sun.javafx.event.EventHandlerManager.dispatchBubblingEvent(EventHandlerManager.java:232)
	at com.sun.javafx.event.EventHandlerManager.dispatchBubblingEvent(EventHandlerManager.java:189)
	at com.sun.javafx.event.CompositeEventDispatcher.dispatchBubblingEvent(CompositeEventDispatcher.java:59)
	at com.sun.javafx.event.BasicEventDispatcher.dispatchEvent(BasicEventDispatcher.java:58)
	at com.sun.javafx.event.EventDispatchChainImpl.dispatchEvent(EventDispatchChainImpl.java:114)
	at com.sun.javafx.event.BasicEventDispatcher.dispatchEvent(BasicEventDispatcher.java:56)
	at com.sun.javafx.event.EventDispatchChainImpl.dispatchEvent(EventDispatchChainImpl.java:114)
	at com.sun.javafx.event.BasicEventDispatcher.dispatchEvent(BasicEventDispatcher.java:56)
	at com.sun.javafx.event.EventDispatchChainImpl.dispatchEvent(EventDispatchChainImpl.java:114)
	at com.sun.javafx.event.EventUtil.fireEventImpl(EventUtil.java:74)
	at com.sun.javafx.event.EventUtil.fireEvent(EventUtil.java:54)
	at javafx.event.Event.fireEvent(Event.java:198)
	at javafx.scene.Scene.processKeyEvent(Scene.java:2194)
	at javafx.scene.Scene$ScenePeerListener.keyEvent(Scene.java:2715)
	at com.sun.javafx.tk.quantum.GlassViewEventHandler$KeyEventNotification.run(GlassViewEventHandler.java:218)
	at com.sun.javafx.tk.quantum.GlassViewEventHandler$KeyEventNotification.run(GlassViewEventHandler.java:150)
	at java.base/java.security.AccessController.doPrivileged(AccessController.java:400)
	at com.sun.javafx.tk.quantum.GlassViewEventHandler.lambda$handleKeyEvent$1(GlassViewEventHandler.java:250)
	at com.sun.javafx.tk.quantum.QuantumToolkit.runWithoutRenderLock(QuantumToolkit.java:424)
	at com.sun.javafx.tk.quantum.GlassViewEventHandler.handleKeyEvent(GlassViewEventHandler.java:249)
	at com.sun.glass.ui.View.handleKeyEvent(View.java:542)
	at com.sun.glass.ui.View.notifyKey(View.java:966)
	at com.sun.glass.ui.win.WinApplication._runLoop(Native Method)
	at com.sun.glass.ui.win.WinApplication.lambda$runLoop$3(WinApplication.java:185)
	at java.base/java.lang.Thread.run(Thread.java:1583)
Caused by: java.sql.SQLException: (conn=8) Cannot change column 'maNhanVien': used in a foreign key constraint 'FK_TaiKhoan_NhanVien'
	at org.mariadb.jdbc.export.ExceptionFactory.createException(ExceptionFactory.java:306)
	at org.mariadb.jdbc.export.ExceptionFactory.create(ExceptionFactory.java:378)
	at org.mariadb.jdbc.message.ClientMessage.readPacket(ClientMessage.java:172)
	at org.mariadb.jdbc.client.impl.StandardClient.readPacket(StandardClient.java:915)
	at org.mariadb.jdbc.client.impl.StandardClient.readResults(StandardClient.java:854)
	at org.mariadb.jdbc.client.impl.StandardClient.readResponse(StandardClient.java:773)
	at org.mariadb.jdbc.client.impl.StandardClient.execute(StandardClient.java:697)
	at org.mariadb.jdbc.Statement.executeInternal(Statement.java:1035)
	at org.mariadb.jdbc.Statement.execute(Statement.java:1165)
	at org.mariadb.jdbc.Statement.execute(Statement.java:493)
	at org.hibernate.tool.schema.internal.exec.GenerationTargetToDatabase.accept(GenerationTargetToDatabase.java:80)
	... 68 common frames omitted
2026-05-07 00:15:55.759 [JavaFX Application Thread] DEBUG org.hibernate.SQL - 
    [34mselect[0m
        tk1_0.tenDangNhap,
        tk1_0.matKhau,
        tk1_0.maNhanVien,
        tk1_0.trangThaiTK 
    [34mfrom[0m
        TaiKhoan tk1_0 
    [34mwhere[0m
        tk1_0.tenDangNhap=?
2026-05-07 00:15:55.780 [JavaFX Application Thread] DEBUG org.hibernate.SQL - 
    [34mselect[0m
        nv1_0.maNhanVien,
        nv1_0.cccd,
        nv1_0.gioiTinh,
        nv1_0.hoTen,
        nv1_0.loaiNhanVien,
        nv1_0.ngaySinh,
        nv1_0.ngayVaoLam,
        nv1_0.queQuan,
        nv1_0.soDienThoai,
        nv1_0.trangThai 
    [34mfrom[0m
        NhanVien nv1_0 
    [34mwhere[0m
        nv1_0.maNhanVien=?
2026-05-07 00:15:56.887 [dashboard-load] DEBUG org.hibernate.SQL - 
    [34mselect[0m
        p1_0.maPhong,
        p1_0.giaPhong,
        p1_0.maLoaiPhong,
        p1_0.tenPhong,
        p1_0.tinhTrang 
    [34mfrom[0m
        Phong p1_0
2026-05-07 00:16:02.945 [Thread-4] DEBUG org.hibernate.SQL - 
    [34mselect[0m
        pdp1_0.maPhieu,
        pdp1_0.maKhachHang,
        pdp1_0.maNhanVien,
        pdp1_0.maPhong,
        pdp1_0.ngayDat,
        pdp1_0.ngayNhan,
        pdp1_0.ngayTra,
        pdp1_0.tongTien,
        pdp1_0.trangThai 
    [34mfrom[0m
        PhieuDatPhong pdp1_0
2026-05-07 00:16:02.947 [Thread-5] DEBUG org.hibernate.SQL - 
    [34mselect[0m
        pdp1_0.maPhieu,
        pdp1_0.maKhachHang,
        pdp1_0.maNhanVien,
        pdp1_0.maPhong,
        pdp1_0.ngayDat,
        pdp1_0.ngayNhan,
        pdp1_0.ngayTra,
        pdp1_0.tongTien,
        pdp1_0.trangThai 
    [34mfrom[0m
        PhieuDatPhong pdp1_0
2026-05-07 00:16:06.743 [dashboard-load] DEBUG org.hibernate.SQL - 
    [34mselect[0m
        p1_0.maPhong,
        p1_0.giaPhong,
        p1_0.maLoaiPhong,
        p1_0.tenPhong,
        p1_0.tinhTrang 
    [34mfrom[0m
        Phong p1_0
2026-05-07 00:16:12.724 [Thread-7] DEBUG org.hibernate.SQL - 
    [34mselect[0m
        pdp1_0.maPhieu,
        pdp1_0.maKhachHang,
        pdp1_0.maNhanVien,
        pdp1_0.maPhong,
        pdp1_0.ngayDat,
        pdp1_0.ngayNhan,
        pdp1_0.ngayTra,
        pdp1_0.tongTien,
        pdp1_0.trangThai 
    [34mfrom[0m
        PhieuDatPhong pdp1_0
2026-05-07 00:16:12.724 [Thread-6] DEBUG org.hibernate.SQL - 
    [34mselect[0m
        pdp1_0.maPhieu,
        pdp1_0.maKhachHang,
        pdp1_0.maNhanVien,
        pdp1_0.maPhong,
        pdp1_0.ngayDat,
        pdp1_0.ngayNhan,
        pdp1_0.ngayTra,
        pdp1_0.tongTien,
        pdp1_0.trangThai 
    [34mfrom[0m
        PhieuDatPhong pdp1_0
2026-05-07 00:16:21.460 [Thread-8] DEBUG org.hibernate.SQL - 
    [34mselect[0m
        pdp1_0.maPhieu,
        pdp1_0.maKhachHang,
        pdp1_0.maNhanVien,
        pdp1_0.maPhong,
        pdp1_0.ngayDat,
        pdp1_0.ngayNhan,
        pdp1_0.ngayTra,
        pdp1_0.tongTien,
        pdp1_0.trangThai 
    [34mfrom[0m
        PhieuDatPhong pdp1_0
2026-05-07 00:16:21.985 [Thread-9] DEBUG org.hibernate.SQL - 
    [34mselect[0m
        pdp1_0.maPhieu,
        pdp1_0.maKhachHang,
        pdp1_0.maNhanVien,
        pdp1_0.maPhong,
        pdp1_0.ngayDat,
        pdp1_0.ngayNhan,
        pdp1_0.ngayTra,
        pdp1_0.tongTien,
        pdp1_0.trangThai 
    [34mfrom[0m
        PhieuDatPhong pdp1_0
2026-05-07 00:16:22.190 [Thread-10] DEBUG org.hibernate.SQL - 
    [34mselect[0m
        pdp1_0.maPhieu,
        pdp1_0.maKhachHang,
        pdp1_0.maNhanVien,
        pdp1_0.maPhong,
        pdp1_0.ngayDat,
        pdp1_0.ngayNhan,
        pdp1_0.ngayTra,
        pdp1_0.tongTien,
        pdp1_0.trangThai 
    [34mfrom[0m
        PhieuDatPhong pdp1_0
2026-05-07 00:16:22.371 [Thread-11] DEBUG org.hibernate.SQL - 
    [34mselect[0m
        pdp1_0.maPhieu,
        pdp1_0.maKhachHang,
        pdp1_0.maNhanVien,
        pdp1_0.maPhong,
        pdp1_0.ngayDat,
        pdp1_0.ngayNhan,
        pdp1_0.ngayTra,
        pdp1_0.tongTien,
        pdp1_0.trangThai 
    [34mfrom[0m
        PhieuDatPhong pdp1_0
2026-05-07 00:16:25.318 [dashboard-load] DEBUG org.hibernate.SQL - 
    [34mselect[0m
        p1_0.maPhong,
        p1_0.giaPhong,
        p1_0.maLoaiPhong,
        p1_0.tenPhong,
        p1_0.tinhTrang 
    [34mfrom[0m
        Phong p1_0
2026-05-07 00:16:27.732 [JavaFX Application Thread] DEBUG org.hibernate.SQL - 
    [34mselect[0m
        pdp1_0.maPhieu,
        pdp1_0.maKhachHang,
        pdp1_0.maNhanVien,
        pdp1_0.maPhong,
        pdp1_0.ngayDat,
        pdp1_0.ngayNhan,
        pdp1_0.ngayTra,
        pdp1_0.tongTien,
        pdp1_0.trangThai 
    [34mfrom[0m
        PhieuDatPhong pdp1_0 
    [34mwhere[0m
        pdp1_0.maPhong=?
2026-05-07 00:16:32.763 [Thread-12] DEBUG org.hibernate.SQL - 
    [34mselect[0m
        pdp1_0.maPhieu,
        pdp1_0.maKhachHang,
        pdp1_0.maNhanVien,
        pdp1_0.maPhong,
        pdp1_0.ngayDat,
        pdp1_0.ngayNhan,
        pdp1_0.ngayTra,
        pdp1_0.tongTien,
        pdp1_0.trangThai 
    [34mfrom[0m
        PhieuDatPhong pdp1_0
2026-05-07 00:16:32.763 [Thread-13] DEBUG org.hibernate.SQL - 
    [34mselect[0m
        pdp1_0.maPhieu,
        pdp1_0.maKhachHang,
        pdp1_0.maNhanVien,
        pdp1_0.maPhong,
        pdp1_0.ngayDat,
        pdp1_0.ngayNhan,
        pdp1_0.ngayTra,
        pdp1_0.tongTien,
        pdp1_0.trangThai 
    [34mfrom[0m
        PhieuDatPhong pdp1_0
2026-05-07 00:16:33.229 [dashboard-load] DEBUG org.hibernate.SQL - 
    [34mselect[0m
        p1_0.maPhong,
        p1_0.giaPhong,
        p1_0.maLoaiPhong,
        p1_0.tenPhong,
        p1_0.tinhTrang 
    [34mfrom[0m
        Phong p1_0
2026-05-07 00:16:42.645 [Thread-15] DEBUG org.hibernate.SQL - 
    [34mselect[0m
        pdp1_0.maPhieu,
        pdp1_0.maKhachHang,
        pdp1_0.maNhanVien,
        pdp1_0.maPhong,
        pdp1_0.ngayDat,
        pdp1_0.ngayNhan,
        pdp1_0.ngayTra,
        pdp1_0.tongTien,
        pdp1_0.trangThai 
    [34mfrom[0m
        PhieuDatPhong pdp1_0
2026-05-07 00:16:42.644 [Thread-14] DEBUG org.hibernate.SQL - 
    [34mselect[0m
        pdp1_0.maPhieu,
        pdp1_0.maKhachHang,
        pdp1_0.maNhanVien,
        pdp1_0.maPhong,
        pdp1_0.ngayDat,
        pdp1_0.ngayNhan,
        pdp1_0.ngayTra,
        pdp1_0.tongTien,
        pdp1_0.trangThai 
    [34mfrom[0m
        PhieuDatPhong pdp1_0
2026-05-07 00:16:46.741 [dashboard-load] DEBUG org.hibernate.SQL - 
    [34mselect[0m
        p1_0.maPhong,
        p1_0.giaPhong,
        p1_0.maLoaiPhong,
        p1_0.tenPhong,
        p1_0.tinhTrang 
    [34mfrom[0m
        Phong p1_0
2026-05-07 00:23:29.843 [JavaFX Application Thread] WARN  o.h.e.j.c.i.ConnectionProviderInitiator - HHH000472: Hikari properties were encountered, but the Hikari ConnectionProvider was not found on the classpath; these properties are going to be ignored.
2026-05-07 00:23:29.856 [JavaFX Application Thread] WARN  o.hibernate.orm.connections.pooling - HHH10001002: Using built-in connection pool (not intended for production use)
2026-05-07 00:23:30.256 [JavaFX Application Thread] WARN  org.hibernate.orm.deprecation - HHH90000025: MariaDBDialect does not need to be specified explicitly using 'hibernate.dialect' (remove the property setting and it will be selected by default)
2026-05-07 00:23:32.599 [JavaFX Application Thread] DEBUG org.hibernate.SQL - 
    [34malter[0m [34mtable[0m [34mif[0m [34mexists[0m KhachHang 
       modify [34mcolumn[0m maKhachHang [34mvarchar[0m(5) [34mnot[0m [34mnull[0m
2026-05-07 00:23:32.613 [JavaFX Application Thread] WARN  o.m.jdbc.message.server.ErrorPacket - Error: 1833-HY000: Cannot change column 'maKhachHang': used in a foreign key constraint '2' of table 'qlkhachsantatp_db.hoadon'
2026-05-07 00:23:32.615 [JavaFX Application Thread] WARN  o.h.t.s.i.ExceptionHandlerLoggedImpl - GenerationTarget encountered exception accepting command : Error executing DDL "
    alter table if exists KhachHang 
       modify column maKhachHang varchar(5) not null" via JDBC [(conn=10) Cannot change column 'maKhachHang': used in a foreign key constraint '2' of table 'qlkhachsantatp_db.hoadon']
org.hibernate.tool.schema.spi.CommandAcceptanceException: Error executing DDL "
    alter table if exists KhachHang 
       modify column maKhachHang varchar(5) not null" via JDBC [(conn=10) Cannot change column 'maKhachHang': used in a foreign key constraint '2' of table 'qlkhachsantatp_db.hoadon']
	at org.hibernate.tool.schema.internal.exec.GenerationTargetToDatabase.accept(GenerationTargetToDatabase.java:94)
	at org.hibernate.tool.schema.internal.AbstractSchemaMigrator.applySqlString(AbstractSchemaMigrator.java:574)
	at org.hibernate.tool.schema.internal.AbstractSchemaMigrator.applySqlStrings(AbstractSchemaMigrator.java:514)
	at org.hibernate.tool.schema.internal.AbstractSchemaMigrator.migrateTable(AbstractSchemaMigrator.java:333)
	at org.hibernate.tool.schema.internal.GroupedSchemaMigratorImpl.performTablesMigration(GroupedSchemaMigratorImpl.java:84)
	at org.hibernate.tool.schema.internal.AbstractSchemaMigrator.performMigration(AbstractSchemaMigrator.java:232)
	at org.hibernate.tool.schema.internal.AbstractSchemaMigrator.doMigration(AbstractSchemaMigrator.java:117)
	at org.hibernate.tool.schema.spi.SchemaManagementToolCoordinator.performDatabaseAction(SchemaManagementToolCoordinator.java:286)
	at org.hibernate.tool.schema.spi.SchemaManagementToolCoordinator.lambda$process$5(SchemaManagementToolCoordinator.java:145)
	at java.base/java.util.HashMap.forEach(HashMap.java:1429)
	at org.hibernate.tool.schema.spi.SchemaManagementToolCoordinator.process(SchemaManagementToolCoordinator.java:142)
	at org.hibernate.boot.internal.SessionFactoryObserverForSchemaExport.sessionFactoryCreated(SessionFactoryObserverForSchemaExport.java:37)
	at org.hibernate.internal.SessionFactoryObserverChain.sessionFactoryCreated(SessionFactoryObserverChain.java:35)
	at org.hibernate.internal.SessionFactoryImpl.<init>(SessionFactoryImpl.java:315)
	at org.hibernate.boot.internal.SessionFactoryBuilderImpl.build(SessionFactoryBuilderImpl.java:450)
	at org.hibernate.jpa.boot.internal.EntityManagerFactoryBuilderImpl.build(EntityManagerFactoryBuilderImpl.java:1507)
	at org.hibernate.jpa.HibernatePersistenceProvider.createEntityManagerFactory(HibernatePersistenceProvider.java:55)
	at jakarta.persistence.Persistence.createEntityManagerFactory(Persistence.java:80)
	at jakarta.persistence.Persistence.createEntityManagerFactory(Persistence.java:55)
	at iuh.fit.infrastructure.db.JpaConfig.getEntityManagerFactory(JpaConfig.java:48)
	at iuh.fit.infrastructure.db.JpaConfig.getEntityManager(JpaConfig.java:67)
	at iuh.fit.infrastructure.persistence.TaiKhoanRepositoryImpl.findByTaiKhoan(TaiKhoanRepositoryImpl.java:37)
	at iuh.fit.core.service.impl.AuthenticationServiceImpl.login(AuthenticationServiceImpl.java:46)
	at iuh.fit.presentation.controller.LoginController.handleLogin(LoginController.java:284)
	at iuh.fit.presentation.controller.LoginController.lambda$createLoginScene$7(LoginController.java:254)
	at com.sun.javafx.event.CompositeEventHandler.dispatchBubblingEvent(CompositeEventHandler.java:86)
	at com.sun.javafx.event.EventHandlerManager.dispatchBubblingEvent(EventHandlerManager.java:232)
	at com.sun.javafx.event.EventHandlerManager.dispatchBubblingEvent(EventHandlerManager.java:189)
	at com.sun.javafx.event.CompositeEventDispatcher.dispatchBubblingEvent(CompositeEventDispatcher.java:59)
	at com.sun.javafx.event.BasicEventDispatcher.dispatchEvent(BasicEventDispatcher.java:58)
	at com.sun.javafx.event.EventDispatchChainImpl.dispatchEvent(EventDispatchChainImpl.java:114)
	at com.sun.javafx.event.BasicEventDispatcher.dispatchEvent(BasicEventDispatcher.java:56)
	at com.sun.javafx.event.EventDispatchChainImpl.dispatchEvent(EventDispatchChainImpl.java:114)
	at com.sun.javafx.event.BasicEventDispatcher.dispatchEvent(BasicEventDispatcher.java:56)
	at com.sun.javafx.event.EventDispatchChainImpl.dispatchEvent(EventDispatchChainImpl.java:114)
	at com.sun.javafx.event.EventUtil.fireEventImpl(EventUtil.java:74)
	at com.sun.javafx.event.EventUtil.fireEvent(EventUtil.java:49)
	at javafx.event.Event.fireEvent(Event.java:198)
	at javafx.scene.Node.fireEvent(Node.java:8875)
	at com.sun.javafx.scene.control.behavior.TextFieldBehavior.fire(TextFieldBehavior.java:161)
	at com.sun.javafx.scene.control.behavior.TextInputControlBehavior.lambda$keyMapping$62(TextInputControlBehavior.java:344)
	at com.sun.javafx.scene.control.inputmap.InputMap.handle(InputMap.java:274)
	at com.sun.javafx.event.CompositeEventHandler$NormalEventHandlerRecord.handleBubblingEvent(CompositeEventHandler.java:247)
	at com.sun.javafx.event.CompositeEventHandler.dispatchBubblingEvent(CompositeEventHandler.java:80)
	at com.sun.javafx.event.EventHandlerManager.dispatchBubblingEvent(EventHandlerManager.java:232)
	at com.sun.javafx.event.EventHandlerManager.dispatchBubblingEvent(EventHandlerManager.java:189)
	at com.sun.javafx.event.CompositeEventDispatcher.dispatchBubblingEvent(CompositeEventDispatcher.java:59)
	at com.sun.javafx.event.BasicEventDispatcher.dispatchEvent(BasicEventDispatcher.java:58)
	at com.sun.javafx.event.EventDispatchChainImpl.dispatchEvent(EventDispatchChainImpl.java:114)
	at com.sun.javafx.event.BasicEventDispatcher.dispatchEvent(BasicEventDispatcher.java:56)
	at com.sun.javafx.event.EventDispatchChainImpl.dispatchEvent(EventDispatchChainImpl.java:114)
	at com.sun.javafx.event.BasicEventDispatcher.dispatchEvent(BasicEventDispatcher.java:56)
	at com.sun.javafx.event.EventDispatchChainImpl.dispatchEvent(EventDispatchChainImpl.java:114)
	at com.sun.javafx.event.EventUtil.fireEventImpl(EventUtil.java:74)
	at com.sun.javafx.event.EventUtil.fireEvent(EventUtil.java:54)
	at javafx.event.Event.fireEvent(Event.java:198)
	at javafx.scene.Scene.processKeyEvent(Scene.java:2194)
	at javafx.scene.Scene$ScenePeerListener.keyEvent(Scene.java:2715)
	at com.sun.javafx.tk.quantum.GlassViewEventHandler$KeyEventNotification.run(GlassViewEventHandler.java:218)
	at com.sun.javafx.tk.quantum.GlassViewEventHandler$KeyEventNotification.run(GlassViewEventHandler.java:150)
	at java.base/java.security.AccessController.doPrivileged(AccessController.java:400)
	at com.sun.javafx.tk.quantum.GlassViewEventHandler.lambda$handleKeyEvent$1(GlassViewEventHandler.java:250)
	at com.sun.javafx.tk.quantum.QuantumToolkit.runWithoutRenderLock(QuantumToolkit.java:424)
	at com.sun.javafx.tk.quantum.GlassViewEventHandler.handleKeyEvent(GlassViewEventHandler.java:249)
	at com.sun.glass.ui.View.handleKeyEvent(View.java:542)
	at com.sun.glass.ui.View.notifyKey(View.java:966)
	at com.sun.glass.ui.win.WinApplication._runLoop(Native Method)
	at com.sun.glass.ui.win.WinApplication.lambda$runLoop$3(WinApplication.java:185)
	at java.base/java.lang.Thread.run(Thread.java:1583)
Caused by: java.sql.SQLException: (conn=10) Cannot change column 'maKhachHang': used in a foreign key constraint '2' of table 'qlkhachsantatp_db.hoadon'
	at org.mariadb.jdbc.export.ExceptionFactory.createException(ExceptionFactory.java:306)
	at org.mariadb.jdbc.export.ExceptionFactory.create(ExceptionFactory.java:378)
	at org.mariadb.jdbc.message.ClientMessage.readPacket(ClientMessage.java:172)
	at org.mariadb.jdbc.client.impl.StandardClient.readPacket(StandardClient.java:915)
	at org.mariadb.jdbc.client.impl.StandardClient.readResults(StandardClient.java:854)
	at org.mariadb.jdbc.client.impl.StandardClient.readResponse(StandardClient.java:773)
	at org.mariadb.jdbc.client.impl.StandardClient.execute(StandardClient.java:697)
	at org.mariadb.jdbc.Statement.executeInternal(Statement.java:1035)
	at org.mariadb.jdbc.Statement.execute(Statement.java:1165)
	at org.mariadb.jdbc.Statement.execute(Statement.java:493)
	at org.hibernate.tool.schema.internal.exec.GenerationTargetToDatabase.accept(GenerationTargetToDatabase.java:80)
	... 68 common frames omitted
2026-05-07 00:23:32.620 [JavaFX Application Thread] DEBUG org.hibernate.SQL - 
    [34malter[0m [34mtable[0m [34mif[0m [34mexists[0m NhanVien 
       modify [34mcolumn[0m maNhanVien [34mvarchar[0m(20) [34mnot[0m [34mnull[0m
2026-05-07 00:23:32.625 [JavaFX Application Thread] WARN  o.m.jdbc.message.server.ErrorPacket - Error: 1833-HY000: Cannot change column 'maNhanVien': used in a foreign key constraint '1' of table 'qlkhachsantatp_db.hoadon'
2026-05-07 00:23:32.625 [JavaFX Application Thread] WARN  o.h.t.s.i.ExceptionHandlerLoggedImpl - GenerationTarget encountered exception accepting command : Error executing DDL "
    alter table if exists NhanVien 
       modify column maNhanVien varchar(20) not null" via JDBC [(conn=10) Cannot change column 'maNhanVien': used in a foreign key constraint '1' of table 'qlkhachsantatp_db.hoadon']
org.hibernate.tool.schema.spi.CommandAcceptanceException: Error executing DDL "
    alter table if exists NhanVien 
       modify column maNhanVien varchar(20) not null" via JDBC [(conn=10) Cannot change column 'maNhanVien': used in a foreign key constraint '1' of table 'qlkhachsantatp_db.hoadon']
	at org.hibernate.tool.schema.internal.exec.GenerationTargetToDatabase.accept(GenerationTargetToDatabase.java:94)
	at org.hibernate.tool.schema.internal.AbstractSchemaMigrator.applySqlString(AbstractSchemaMigrator.java:574)
	at org.hibernate.tool.schema.internal.AbstractSchemaMigrator.applySqlStrings(AbstractSchemaMigrator.java:514)
	at org.hibernate.tool.schema.internal.AbstractSchemaMigrator.migrateTable(AbstractSchemaMigrator.java:333)
	at org.hibernate.tool.schema.internal.GroupedSchemaMigratorImpl.performTablesMigration(GroupedSchemaMigratorImpl.java:84)
	at org.hibernate.tool.schema.internal.AbstractSchemaMigrator.performMigration(AbstractSchemaMigrator.java:232)
	at org.hibernate.tool.schema.internal.AbstractSchemaMigrator.doMigration(AbstractSchemaMigrator.java:117)
	at org.hibernate.tool.schema.spi.SchemaManagementToolCoordinator.performDatabaseAction(SchemaManagementToolCoordinator.java:286)
	at org.hibernate.tool.schema.spi.SchemaManagementToolCoordinator.lambda$process$5(SchemaManagementToolCoordinator.java:145)
	at java.base/java.util.HashMap.forEach(HashMap.java:1429)
	at org.hibernate.tool.schema.spi.SchemaManagementToolCoordinator.process(SchemaManagementToolCoordinator.java:142)
	at org.hibernate.boot.internal.SessionFactoryObserverForSchemaExport.sessionFactoryCreated(SessionFactoryObserverForSchemaExport.java:37)
	at org.hibernate.internal.SessionFactoryObserverChain.sessionFactoryCreated(SessionFactoryObserverChain.java:35)
	at org.hibernate.internal.SessionFactoryImpl.<init>(SessionFactoryImpl.java:315)
	at org.hibernate.boot.internal.SessionFactoryBuilderImpl.build(SessionFactoryBuilderImpl.java:450)
	at org.hibernate.jpa.boot.internal.EntityManagerFactoryBuilderImpl.build(EntityManagerFactoryBuilderImpl.java:1507)
	at org.hibernate.jpa.HibernatePersistenceProvider.createEntityManagerFactory(HibernatePersistenceProvider.java:55)
	at jakarta.persistence.Persistence.createEntityManagerFactory(Persistence.java:80)
	at jakarta.persistence.Persistence.createEntityManagerFactory(Persistence.java:55)
	at iuh.fit.infrastructure.db.JpaConfig.getEntityManagerFactory(JpaConfig.java:48)
	at iuh.fit.infrastructure.db.JpaConfig.getEntityManager(JpaConfig.java:67)
	at iuh.fit.infrastructure.persistence.TaiKhoanRepositoryImpl.findByTaiKhoan(TaiKhoanRepositoryImpl.java:37)
	at iuh.fit.core.service.impl.AuthenticationServiceImpl.login(AuthenticationServiceImpl.java:46)
	at iuh.fit.presentation.controller.LoginController.handleLogin(LoginController.java:284)
	at iuh.fit.presentation.controller.LoginController.lambda$createLoginScene$7(LoginController.java:254)
	at com.sun.javafx.event.CompositeEventHandler.dispatchBubblingEvent(CompositeEventHandler.java:86)
	at com.sun.javafx.event.EventHandlerManager.dispatchBubblingEvent(EventHandlerManager.java:232)
	at com.sun.javafx.event.EventHandlerManager.dispatchBubblingEvent(EventHandlerManager.java:189)
	at com.sun.javafx.event.CompositeEventDispatcher.dispatchBubblingEvent(CompositeEventDispatcher.java:59)
	at com.sun.javafx.event.BasicEventDispatcher.dispatchEvent(BasicEventDispatcher.java:58)
	at com.sun.javafx.event.EventDispatchChainImpl.dispatchEvent(EventDispatchChainImpl.java:114)
	at com.sun.javafx.event.BasicEventDispatcher.dispatchEvent(BasicEventDispatcher.java:56)
	at com.sun.javafx.event.EventDispatchChainImpl.dispatchEvent(EventDispatchChainImpl.java:114)
	at com.sun.javafx.event.BasicEventDispatcher.dispatchEvent(BasicEventDispatcher.java:56)
	at com.sun.javafx.event.EventDispatchChainImpl.dispatchEvent(EventDispatchChainImpl.java:114)
	at com.sun.javafx.event.EventUtil.fireEventImpl(EventUtil.java:74)
	at com.sun.javafx.event.EventUtil.fireEvent(EventUtil.java:49)
	at javafx.event.Event.fireEvent(Event.java:198)
	at javafx.scene.Node.fireEvent(Node.java:8875)
	at com.sun.javafx.scene.control.behavior.TextFieldBehavior.fire(TextFieldBehavior.java:161)
	at com.sun.javafx.scene.control.behavior.TextInputControlBehavior.lambda$keyMapping$62(TextInputControlBehavior.java:344)
	at com.sun.javafx.scene.control.inputmap.InputMap.handle(InputMap.java:274)
	at com.sun.javafx.event.CompositeEventHandler$NormalEventHandlerRecord.handleBubblingEvent(CompositeEventHandler.java:247)
	at com.sun.javafx.event.CompositeEventHandler.dispatchBubblingEvent(CompositeEventHandler.java:80)
	at com.sun.javafx.event.EventHandlerManager.dispatchBubblingEvent(EventHandlerManager.java:232)
	at com.sun.javafx.event.EventHandlerManager.dispatchBubblingEvent(EventHandlerManager.java:189)
	at com.sun.javafx.event.CompositeEventDispatcher.dispatchBubblingEvent(CompositeEventDispatcher.java:59)
	at com.sun.javafx.event.BasicEventDispatcher.dispatchEvent(BasicEventDispatcher.java:58)
	at com.sun.javafx.event.EventDispatchChainImpl.dispatchEvent(EventDispatchChainImpl.java:114)
	at com.sun.javafx.event.BasicEventDispatcher.dispatchEvent(BasicEventDispatcher.java:56)
	at com.sun.javafx.event.EventDispatchChainImpl.dispatchEvent(EventDispatchChainImpl.java:114)
	at com.sun.javafx.event.BasicEventDispatcher.dispatchEvent(BasicEventDispatcher.java:56)
	at com.sun.javafx.event.EventDispatchChainImpl.dispatchEvent(EventDispatchChainImpl.java:114)
	at com.sun.javafx.event.EventUtil.fireEventImpl(EventUtil.java:74)
	at com.sun.javafx.event.EventUtil.fireEvent(EventUtil.java:54)
	at javafx.event.Event.fireEvent(Event.java:198)
	at javafx.scene.Scene.processKeyEvent(Scene.java:2194)
	at javafx.scene.Scene$ScenePeerListener.keyEvent(Scene.java:2715)
	at com.sun.javafx.tk.quantum.GlassViewEventHandler$KeyEventNotification.run(GlassViewEventHandler.java:218)
	at com.sun.javafx.tk.quantum.GlassViewEventHandler$KeyEventNotification.run(GlassViewEventHandler.java:150)
	at java.base/java.security.AccessController.doPrivileged(AccessController.java:400)
	at com.sun.javafx.tk.quantum.GlassViewEventHandler.lambda$handleKeyEvent$1(GlassViewEventHandler.java:250)
	at com.sun.javafx.tk.quantum.QuantumToolkit.runWithoutRenderLock(QuantumToolkit.java:424)
	at com.sun.javafx.tk.quantum.GlassViewEventHandler.handleKeyEvent(GlassViewEventHandler.java:249)
	at com.sun.glass.ui.View.handleKeyEvent(View.java:542)
	at com.sun.glass.ui.View.notifyKey(View.java:966)
	at com.sun.glass.ui.win.WinApplication._runLoop(Native Method)
	at com.sun.glass.ui.win.WinApplication.lambda$runLoop$3(WinApplication.java:185)
	at java.base/java.lang.Thread.run(Thread.java:1583)
Caused by: java.sql.SQLException: (conn=10) Cannot change column 'maNhanVien': used in a foreign key constraint '1' of table 'qlkhachsantatp_db.hoadon'
	at org.mariadb.jdbc.export.ExceptionFactory.createException(ExceptionFactory.java:306)
	at org.mariadb.jdbc.export.ExceptionFactory.create(ExceptionFactory.java:378)
	at org.mariadb.jdbc.message.ClientMessage.readPacket(ClientMessage.java:172)
	at org.mariadb.jdbc.client.impl.StandardClient.readPacket(StandardClient.java:915)
	at org.mariadb.jdbc.client.impl.StandardClient.readResults(StandardClient.java:854)
	at org.mariadb.jdbc.client.impl.StandardClient.readResponse(StandardClient.java:773)
	at org.mariadb.jdbc.client.impl.StandardClient.execute(StandardClient.java:697)
	at org.mariadb.jdbc.Statement.executeInternal(Statement.java:1035)
	at org.mariadb.jdbc.Statement.execute(Statement.java:1165)
	at org.mariadb.jdbc.Statement.execute(Statement.java:493)
	at org.hibernate.tool.schema.internal.exec.GenerationTargetToDatabase.accept(GenerationTargetToDatabase.java:80)
	... 68 common frames omitted
2026-05-07 00:23:32.626 [JavaFX Application Thread] DEBUG org.hibernate.SQL - 
    [34malter[0m [34mtable[0m [34mif[0m [34mexists[0m PhieuDatPhong 
       modify [34mcolumn[0m maKhachHang [34mvarchar[0m(5)
2026-05-07 00:23:32.631 [JavaFX Application Thread] WARN  o.m.jdbc.message.server.ErrorPacket - Error: 1832-HY000: Cannot change column 'maKhachHang': used in a foreign key constraint '1'
2026-05-07 00:23:32.631 [JavaFX Application Thread] WARN  o.h.t.s.i.ExceptionHandlerLoggedImpl - GenerationTarget encountered exception accepting command : Error executing DDL "
    alter table if exists PhieuDatPhong 
       modify column maKhachHang varchar(5)" via JDBC [(conn=10) Cannot change column 'maKhachHang': used in a foreign key constraint '1']
org.hibernate.tool.schema.spi.CommandAcceptanceException: Error executing DDL "
    alter table if exists PhieuDatPhong 
       modify column maKhachHang varchar(5)" via JDBC [(conn=10) Cannot change column 'maKhachHang': used in a foreign key constraint '1']
	at org.hibernate.tool.schema.internal.exec.GenerationTargetToDatabase.accept(GenerationTargetToDatabase.java:94)
	at org.hibernate.tool.schema.internal.AbstractSchemaMigrator.applySqlString(AbstractSchemaMigrator.java:574)
	at org.hibernate.tool.schema.internal.AbstractSchemaMigrator.applySqlStrings(AbstractSchemaMigrator.java:514)
	at org.hibernate.tool.schema.internal.AbstractSchemaMigrator.migrateTable(AbstractSchemaMigrator.java:333)
	at org.hibernate.tool.schema.internal.GroupedSchemaMigratorImpl.performTablesMigration(GroupedSchemaMigratorImpl.java:84)
	at org.hibernate.tool.schema.internal.AbstractSchemaMigrator.performMigration(AbstractSchemaMigrator.java:232)
	at org.hibernate.tool.schema.internal.AbstractSchemaMigrator.doMigration(AbstractSchemaMigrator.java:117)
	at org.hibernate.tool.schema.spi.SchemaManagementToolCoordinator.performDatabaseAction(SchemaManagementToolCoordinator.java:286)
	at org.hibernate.tool.schema.spi.SchemaManagementToolCoordinator.lambda$process$5(SchemaManagementToolCoordinator.java:145)
	at java.base/java.util.HashMap.forEach(HashMap.java:1429)
	at org.hibernate.tool.schema.spi.SchemaManagementToolCoordinator.process(SchemaManagementToolCoordinator.java:142)
	at org.hibernate.boot.internal.SessionFactoryObserverForSchemaExport.sessionFactoryCreated(SessionFactoryObserverForSchemaExport.java:37)
	at org.hibernate.internal.SessionFactoryObserverChain.sessionFactoryCreated(SessionFactoryObserverChain.java:35)
	at org.hibernate.internal.SessionFactoryImpl.<init>(SessionFactoryImpl.java:315)
	at org.hibernate.boot.internal.SessionFactoryBuilderImpl.build(SessionFactoryBuilderImpl.java:450)
	at org.hibernate.jpa.boot.internal.EntityManagerFactoryBuilderImpl.build(EntityManagerFactoryBuilderImpl.java:1507)
	at org.hibernate.jpa.HibernatePersistenceProvider.createEntityManagerFactory(HibernatePersistenceProvider.java:55)
	at jakarta.persistence.Persistence.createEntityManagerFactory(Persistence.java:80)
	at jakarta.persistence.Persistence.createEntityManagerFactory(Persistence.java:55)
	at iuh.fit.infrastructure.db.JpaConfig.getEntityManagerFactory(JpaConfig.java:48)
	at iuh.fit.infrastructure.db.JpaConfig.getEntityManager(JpaConfig.java:67)
	at iuh.fit.infrastructure.persistence.TaiKhoanRepositoryImpl.findByTaiKhoan(TaiKhoanRepositoryImpl.java:37)
	at iuh.fit.core.service.impl.AuthenticationServiceImpl.login(AuthenticationServiceImpl.java:46)
	at iuh.fit.presentation.controller.LoginController.handleLogin(LoginController.java:284)
	at iuh.fit.presentation.controller.LoginController.lambda$createLoginScene$7(LoginController.java:254)
	at com.sun.javafx.event.CompositeEventHandler.dispatchBubblingEvent(CompositeEventHandler.java:86)
	at com.sun.javafx.event.EventHandlerManager.dispatchBubblingEvent(EventHandlerManager.java:232)
	at com.sun.javafx.event.EventHandlerManager.dispatchBubblingEvent(EventHandlerManager.java:189)
	at com.sun.javafx.event.CompositeEventDispatcher.dispatchBubblingEvent(CompositeEventDispatcher.java:59)
	at com.sun.javafx.event.BasicEventDispatcher.dispatchEvent(BasicEventDispatcher.java:58)
	at com.sun.javafx.event.EventDispatchChainImpl.dispatchEvent(EventDispatchChainImpl.java:114)
	at com.sun.javafx.event.BasicEventDispatcher.dispatchEvent(BasicEventDispatcher.java:56)
	at com.sun.javafx.event.EventDispatchChainImpl.dispatchEvent(EventDispatchChainImpl.java:114)
	at com.sun.javafx.event.BasicEventDispatcher.dispatchEvent(BasicEventDispatcher.java:56)
	at com.sun.javafx.event.EventDispatchChainImpl.dispatchEvent(EventDispatchChainImpl.java:114)
	at com.sun.javafx.event.EventUtil.fireEventImpl(EventUtil.java:74)
	at com.sun.javafx.event.EventUtil.fireEvent(EventUtil.java:49)
	at javafx.event.Event.fireEvent(Event.java:198)
	at javafx.scene.Node.fireEvent(Node.java:8875)
	at com.sun.javafx.scene.control.behavior.TextFieldBehavior.fire(TextFieldBehavior.java:161)
	at com.sun.javafx.scene.control.behavior.TextInputControlBehavior.lambda$keyMapping$62(TextInputControlBehavior.java:344)
	at com.sun.javafx.scene.control.inputmap.InputMap.handle(InputMap.java:274)
	at com.sun.javafx.event.CompositeEventHandler$NormalEventHandlerRecord.handleBubblingEvent(CompositeEventHandler.java:247)
	at com.sun.javafx.event.CompositeEventHandler.dispatchBubblingEvent(CompositeEventHandler.java:80)
	at com.sun.javafx.event.EventHandlerManager.dispatchBubblingEvent(EventHandlerManager.java:232)
	at com.sun.javafx.event.EventHandlerManager.dispatchBubblingEvent(EventHandlerManager.java:189)
	at com.sun.javafx.event.CompositeEventDispatcher.dispatchBubblingEvent(CompositeEventDispatcher.java:59)
	at com.sun.javafx.event.BasicEventDispatcher.dispatchEvent(BasicEventDispatcher.java:58)
	at com.sun.javafx.event.EventDispatchChainImpl.dispatchEvent(EventDispatchChainImpl.java:114)
	at com.sun.javafx.event.BasicEventDispatcher.dispatchEvent(BasicEventDispatcher.java:56)
	at com.sun.javafx.event.EventDispatchChainImpl.dispatchEvent(EventDispatchChainImpl.java:114)
	at com.sun.javafx.event.BasicEventDispatcher.dispatchEvent(BasicEventDispatcher.java:56)
	at com.sun.javafx.event.EventDispatchChainImpl.dispatchEvent(EventDispatchChainImpl.java:114)
	at com.sun.javafx.event.EventUtil.fireEventImpl(EventUtil.java:74)
	at com.sun.javafx.event.EventUtil.fireEvent(EventUtil.java:54)
	at javafx.event.Event.fireEvent(Event.java:198)
	at javafx.scene.Scene.processKeyEvent(Scene.java:2194)
	at javafx.scene.Scene$ScenePeerListener.keyEvent(Scene.java:2715)
	at com.sun.javafx.tk.quantum.GlassViewEventHandler$KeyEventNotification.run(GlassViewEventHandler.java:218)
	at com.sun.javafx.tk.quantum.GlassViewEventHandler$KeyEventNotification.run(GlassViewEventHandler.java:150)
	at java.base/java.security.AccessController.doPrivileged(AccessController.java:400)
	at com.sun.javafx.tk.quantum.GlassViewEventHandler.lambda$handleKeyEvent$1(GlassViewEventHandler.java:250)
	at com.sun.javafx.tk.quantum.QuantumToolkit.runWithoutRenderLock(QuantumToolkit.java:424)
	at com.sun.javafx.tk.quantum.GlassViewEventHandler.handleKeyEvent(GlassViewEventHandler.java:249)
	at com.sun.glass.ui.View.handleKeyEvent(View.java:542)
	at com.sun.glass.ui.View.notifyKey(View.java:966)
	at com.sun.glass.ui.win.WinApplication._runLoop(Native Method)
	at com.sun.glass.ui.win.WinApplication.lambda$runLoop$3(WinApplication.java:185)
	at java.base/java.lang.Thread.run(Thread.java:1583)
Caused by: java.sql.SQLException: (conn=10) Cannot change column 'maKhachHang': used in a foreign key constraint '1'
	at org.mariadb.jdbc.export.ExceptionFactory.createException(ExceptionFactory.java:306)
	at org.mariadb.jdbc.export.ExceptionFactory.create(ExceptionFactory.java:378)
	at org.mariadb.jdbc.message.ClientMessage.readPacket(ClientMessage.java:172)
	at org.mariadb.jdbc.client.impl.StandardClient.readPacket(StandardClient.java:915)
	at org.mariadb.jdbc.client.impl.StandardClient.readResults(StandardClient.java:854)
	at org.mariadb.jdbc.client.impl.StandardClient.readResponse(StandardClient.java:773)
	at org.mariadb.jdbc.client.impl.StandardClient.execute(StandardClient.java:697)
	at org.mariadb.jdbc.Statement.executeInternal(Statement.java:1035)
	at org.mariadb.jdbc.Statement.execute(Statement.java:1165)
	at org.mariadb.jdbc.Statement.execute(Statement.java:493)
	at org.hibernate.tool.schema.internal.exec.GenerationTargetToDatabase.accept(GenerationTargetToDatabase.java:80)
	... 68 common frames omitted
2026-05-07 00:23:32.632 [JavaFX Application Thread] DEBUG org.hibernate.SQL - 
    [34malter[0m [34mtable[0m [34mif[0m [34mexists[0m PhieuDatPhong 
       modify [34mcolumn[0m maNhanVien [34mvarchar[0m(5)
2026-05-07 00:23:32.637 [JavaFX Application Thread] WARN  o.m.jdbc.message.server.ErrorPacket - Error: 1832-HY000: Cannot change column 'maNhanVien': used in a foreign key constraint 'FK_PhieuDatPhong_NhanVien'
2026-05-07 00:23:32.637 [JavaFX Application Thread] WARN  o.h.t.s.i.ExceptionHandlerLoggedImpl - GenerationTarget encountered exception accepting command : Error executing DDL "
    alter table if exists PhieuDatPhong 
       modify column maNhanVien varchar(5)" via JDBC [(conn=10) Cannot change column 'maNhanVien': used in a foreign key constraint 'FK_PhieuDatPhong_NhanVien']
org.hibernate.tool.schema.spi.CommandAcceptanceException: Error executing DDL "
    alter table if exists PhieuDatPhong 
       modify column maNhanVien varchar(5)" via JDBC [(conn=10) Cannot change column 'maNhanVien': used in a foreign key constraint 'FK_PhieuDatPhong_NhanVien']
	at org.hibernate.tool.schema.internal.exec.GenerationTargetToDatabase.accept(GenerationTargetToDatabase.java:94)
	at org.hibernate.tool.schema.internal.AbstractSchemaMigrator.applySqlString(AbstractSchemaMigrator.java:574)
	at org.hibernate.tool.schema.internal.AbstractSchemaMigrator.applySqlStrings(AbstractSchemaMigrator.java:514)
	at org.hibernate.tool.schema.internal.AbstractSchemaMigrator.migrateTable(AbstractSchemaMigrator.java:333)
	at org.hibernate.tool.schema.internal.GroupedSchemaMigratorImpl.performTablesMigration(GroupedSchemaMigratorImpl.java:84)
	at org.hibernate.tool.schema.internal.AbstractSchemaMigrator.performMigration(AbstractSchemaMigrator.java:232)
	at org.hibernate.tool.schema.internal.AbstractSchemaMigrator.doMigration(AbstractSchemaMigrator.java:117)
	at org.hibernate.tool.schema.spi.SchemaManagementToolCoordinator.performDatabaseAction(SchemaManagementToolCoordinator.java:286)
	at org.hibernate.tool.schema.spi.SchemaManagementToolCoordinator.lambda$process$5(SchemaManagementToolCoordinator.java:145)
	at java.base/java.util.HashMap.forEach(HashMap.java:1429)
	at org.hibernate.tool.schema.spi.SchemaManagementToolCoordinator.process(SchemaManagementToolCoordinator.java:142)
	at org.hibernate.boot.internal.SessionFactoryObserverForSchemaExport.sessionFactoryCreated(SessionFactoryObserverForSchemaExport.java:37)
	at org.hibernate.internal.SessionFactoryObserverChain.sessionFactoryCreated(SessionFactoryObserverChain.java:35)
	at org.hibernate.internal.SessionFactoryImpl.<init>(SessionFactoryImpl.java:315)
	at org.hibernate.boot.internal.SessionFactoryBuilderImpl.build(SessionFactoryBuilderImpl.java:450)
	at org.hibernate.jpa.boot.internal.EntityManagerFactoryBuilderImpl.build(EntityManagerFactoryBuilderImpl.java:1507)
	at org.hibernate.jpa.HibernatePersistenceProvider.createEntityManagerFactory(HibernatePersistenceProvider.java:55)
	at jakarta.persistence.Persistence.createEntityManagerFactory(Persistence.java:80)
	at jakarta.persistence.Persistence.createEntityManagerFactory(Persistence.java:55)
	at iuh.fit.infrastructure.db.JpaConfig.getEntityManagerFactory(JpaConfig.java:48)
	at iuh.fit.infrastructure.db.JpaConfig.getEntityManager(JpaConfig.java:67)
	at iuh.fit.infrastructure.persistence.TaiKhoanRepositoryImpl.findByTaiKhoan(TaiKhoanRepositoryImpl.java:37)
	at iuh.fit.core.service.impl.AuthenticationServiceImpl.login(AuthenticationServiceImpl.java:46)
	at iuh.fit.presentation.controller.LoginController.handleLogin(LoginController.java:284)
	at iuh.fit.presentation.controller.LoginController.lambda$createLoginScene$7(LoginController.java:254)
	at com.sun.javafx.event.CompositeEventHandler.dispatchBubblingEvent(CompositeEventHandler.java:86)
	at com.sun.javafx.event.EventHandlerManager.dispatchBubblingEvent(EventHandlerManager.java:232)
	at com.sun.javafx.event.EventHandlerManager.dispatchBubblingEvent(EventHandlerManager.java:189)
	at com.sun.javafx.event.CompositeEventDispatcher.dispatchBubblingEvent(CompositeEventDispatcher.java:59)
	at com.sun.javafx.event.BasicEventDispatcher.dispatchEvent(BasicEventDispatcher.java:58)
	at com.sun.javafx.event.EventDispatchChainImpl.dispatchEvent(EventDispatchChainImpl.java:114)
	at com.sun.javafx.event.BasicEventDispatcher.dispatchEvent(BasicEventDispatcher.java:56)
	at com.sun.javafx.event.EventDispatchChainImpl.dispatchEvent(EventDispatchChainImpl.java:114)
	at com.sun.javafx.event.BasicEventDispatcher.dispatchEvent(BasicEventDispatcher.java:56)
	at com.sun.javafx.event.EventDispatchChainImpl.dispatchEvent(EventDispatchChainImpl.java:114)
	at com.sun.javafx.event.EventUtil.fireEventImpl(EventUtil.java:74)
	at com.sun.javafx.event.EventUtil.fireEvent(EventUtil.java:49)
	at javafx.event.Event.fireEvent(Event.java:198)
	at javafx.scene.Node.fireEvent(Node.java:8875)
	at com.sun.javafx.scene.control.behavior.TextFieldBehavior.fire(TextFieldBehavior.java:161)
	at com.sun.javafx.scene.control.behavior.TextInputControlBehavior.lambda$keyMapping$62(TextInputControlBehavior.java:344)
	at com.sun.javafx.scene.control.inputmap.InputMap.handle(InputMap.java:274)
	at com.sun.javafx.event.CompositeEventHandler$NormalEventHandlerRecord.handleBubblingEvent(CompositeEventHandler.java:247)
	at com.sun.javafx.event.CompositeEventHandler.dispatchBubblingEvent(CompositeEventHandler.java:80)
	at com.sun.javafx.event.EventHandlerManager.dispatchBubblingEvent(EventHandlerManager.java:232)
	at com.sun.javafx.event.EventHandlerManager.dispatchBubblingEvent(EventHandlerManager.java:189)
	at com.sun.javafx.event.CompositeEventDispatcher.dispatchBubblingEvent(CompositeEventDispatcher.java:59)
	at com.sun.javafx.event.BasicEventDispatcher.dispatchEvent(BasicEventDispatcher.java:58)
	at com.sun.javafx.event.EventDispatchChainImpl.dispatchEvent(EventDispatchChainImpl.java:114)
	at com.sun.javafx.event.BasicEventDispatcher.dispatchEvent(BasicEventDispatcher.java:56)
	at com.sun.javafx.event.EventDispatchChainImpl.dispatchEvent(EventDispatchChainImpl.java:114)
	at com.sun.javafx.event.BasicEventDispatcher.dispatchEvent(BasicEventDispatcher.java:56)
	at com.sun.javafx.event.EventDispatchChainImpl.dispatchEvent(EventDispatchChainImpl.java:114)
	at com.sun.javafx.event.EventUtil.fireEventImpl(EventUtil.java:74)
	at com.sun.javafx.event.EventUtil.fireEvent(EventUtil.java:54)
	at javafx.event.Event.fireEvent(Event.java:198)
	at javafx.scene.Scene.processKeyEvent(Scene.java:2194)
	at javafx.scene.Scene$ScenePeerListener.keyEvent(Scene.java:2715)
	at com.sun.javafx.tk.quantum.GlassViewEventHandler$KeyEventNotification.run(GlassViewEventHandler.java:218)
	at com.sun.javafx.tk.quantum.GlassViewEventHandler$KeyEventNotification.run(GlassViewEventHandler.java:150)
	at java.base/java.security.AccessController.doPrivileged(AccessController.java:400)
	at com.sun.javafx.tk.quantum.GlassViewEventHandler.lambda$handleKeyEvent$1(GlassViewEventHandler.java:250)
	at com.sun.javafx.tk.quantum.QuantumToolkit.runWithoutRenderLock(QuantumToolkit.java:424)
	at com.sun.javafx.tk.quantum.GlassViewEventHandler.handleKeyEvent(GlassViewEventHandler.java:249)
	at com.sun.glass.ui.View.handleKeyEvent(View.java:542)
	at com.sun.glass.ui.View.notifyKey(View.java:966)
	at com.sun.glass.ui.win.WinApplication._runLoop(Native Method)
	at com.sun.glass.ui.win.WinApplication.lambda$runLoop$3(WinApplication.java:185)
	at java.base/java.lang.Thread.run(Thread.java:1583)
Caused by: java.sql.SQLException: (conn=10) Cannot change column 'maNhanVien': used in a foreign key constraint 'FK_PhieuDatPhong_NhanVien'
	at org.mariadb.jdbc.export.ExceptionFactory.createException(ExceptionFactory.java:306)
	at org.mariadb.jdbc.export.ExceptionFactory.create(ExceptionFactory.java:378)
	at org.mariadb.jdbc.message.ClientMessage.readPacket(ClientMessage.java:172)
	at org.mariadb.jdbc.client.impl.StandardClient.readPacket(StandardClient.java:915)
	at org.mariadb.jdbc.client.impl.StandardClient.readResults(StandardClient.java:854)
	at org.mariadb.jdbc.client.impl.StandardClient.readResponse(StandardClient.java:773)
	at org.mariadb.jdbc.client.impl.StandardClient.execute(StandardClient.java:697)
	at org.mariadb.jdbc.Statement.executeInternal(Statement.java:1035)
	at org.mariadb.jdbc.Statement.execute(Statement.java:1165)
	at org.mariadb.jdbc.Statement.execute(Statement.java:493)
	at org.hibernate.tool.schema.internal.exec.GenerationTargetToDatabase.accept(GenerationTargetToDatabase.java:80)
	... 68 common frames omitted
2026-05-07 00:23:32.638 [JavaFX Application Thread] DEBUG org.hibernate.SQL - 
    [34malter[0m [34mtable[0m [34mif[0m [34mexists[0m PhieuDatPhong 
       modify [34mcolumn[0m maPhong [34mvarchar[0m(4)
2026-05-07 00:23:32.643 [JavaFX Application Thread] WARN  o.m.jdbc.message.server.ErrorPacket - Error: 1832-HY000: Cannot change column 'maPhong': used in a foreign key constraint '2'
2026-05-07 00:23:32.644 [JavaFX Application Thread] WARN  o.h.t.s.i.ExceptionHandlerLoggedImpl - GenerationTarget encountered exception accepting command : Error executing DDL "
    alter table if exists PhieuDatPhong 
       modify column maPhong varchar(4)" via JDBC [(conn=10) Cannot change column 'maPhong': used in a foreign key constraint '2']
org.hibernate.tool.schema.spi.CommandAcceptanceException: Error executing DDL "
    alter table if exists PhieuDatPhong 
       modify column maPhong varchar(4)" via JDBC [(conn=10) Cannot change column 'maPhong': used in a foreign key constraint '2']
	at org.hibernate.tool.schema.internal.exec.GenerationTargetToDatabase.accept(GenerationTargetToDatabase.java:94)
	at org.hibernate.tool.schema.internal.AbstractSchemaMigrator.applySqlString(AbstractSchemaMigrator.java:574)
	at org.hibernate.tool.schema.internal.AbstractSchemaMigrator.applySqlStrings(AbstractSchemaMigrator.java:514)
	at org.hibernate.tool.schema.internal.AbstractSchemaMigrator.migrateTable(AbstractSchemaMigrator.java:333)
	at org.hibernate.tool.schema.internal.GroupedSchemaMigratorImpl.performTablesMigration(GroupedSchemaMigratorImpl.java:84)
	at org.hibernate.tool.schema.internal.AbstractSchemaMigrator.performMigration(AbstractSchemaMigrator.java:232)
	at org.hibernate.tool.schema.internal.AbstractSchemaMigrator.doMigration(AbstractSchemaMigrator.java:117)
	at org.hibernate.tool.schema.spi.SchemaManagementToolCoordinator.performDatabaseAction(SchemaManagementToolCoordinator.java:286)
	at org.hibernate.tool.schema.spi.SchemaManagementToolCoordinator.lambda$process$5(SchemaManagementToolCoordinator.java:145)
	at java.base/java.util.HashMap.forEach(HashMap.java:1429)
	at org.hibernate.tool.schema.spi.SchemaManagementToolCoordinator.process(SchemaManagementToolCoordinator.java:142)
	at org.hibernate.boot.internal.SessionFactoryObserverForSchemaExport.sessionFactoryCreated(SessionFactoryObserverForSchemaExport.java:37)
	at org.hibernate.internal.SessionFactoryObserverChain.sessionFactoryCreated(SessionFactoryObserverChain.java:35)
	at org.hibernate.internal.SessionFactoryImpl.<init>(SessionFactoryImpl.java:315)
	at org.hibernate.boot.internal.SessionFactoryBuilderImpl.build(SessionFactoryBuilderImpl.java:450)
	at org.hibernate.jpa.boot.internal.EntityManagerFactoryBuilderImpl.build(EntityManagerFactoryBuilderImpl.java:1507)
	at org.hibernate.jpa.HibernatePersistenceProvider.createEntityManagerFactory(HibernatePersistenceProvider.java:55)
	at jakarta.persistence.Persistence.createEntityManagerFactory(Persistence.java:80)
	at jakarta.persistence.Persistence.createEntityManagerFactory(Persistence.java:55)
	at iuh.fit.infrastructure.db.JpaConfig.getEntityManagerFactory(JpaConfig.java:48)
	at iuh.fit.infrastructure.db.JpaConfig.getEntityManager(JpaConfig.java:67)
	at iuh.fit.infrastructure.persistence.TaiKhoanRepositoryImpl.findByTaiKhoan(TaiKhoanRepositoryImpl.java:37)
	at iuh.fit.core.service.impl.AuthenticationServiceImpl.login(AuthenticationServiceImpl.java:46)
	at iuh.fit.presentation.controller.LoginController.handleLogin(LoginController.java:284)
	at iuh.fit.presentation.controller.LoginController.lambda$createLoginScene$7(LoginController.java:254)
	at com.sun.javafx.event.CompositeEventHandler.dispatchBubblingEvent(CompositeEventHandler.java:86)
	at com.sun.javafx.event.EventHandlerManager.dispatchBubblingEvent(EventHandlerManager.java:232)
	at com.sun.javafx.event.EventHandlerManager.dispatchBubblingEvent(EventHandlerManager.java:189)
	at com.sun.javafx.event.CompositeEventDispatcher.dispatchBubblingEvent(CompositeEventDispatcher.java:59)
	at com.sun.javafx.event.BasicEventDispatcher.dispatchEvent(BasicEventDispatcher.java:58)
	at com.sun.javafx.event.EventDispatchChainImpl.dispatchEvent(EventDispatchChainImpl.java:114)
	at com.sun.javafx.event.BasicEventDispatcher.dispatchEvent(BasicEventDispatcher.java:56)
	at com.sun.javafx.event.EventDispatchChainImpl.dispatchEvent(EventDispatchChainImpl.java:114)
	at com.sun.javafx.event.BasicEventDispatcher.dispatchEvent(BasicEventDispatcher.java:56)
	at com.sun.javafx.event.EventDispatchChainImpl.dispatchEvent(EventDispatchChainImpl.java:114)
	at com.sun.javafx.event.EventUtil.fireEventImpl(EventUtil.java:74)
	at com.sun.javafx.event.EventUtil.fireEvent(EventUtil.java:49)
	at javafx.event.Event.fireEvent(Event.java:198)
	at javafx.scene.Node.fireEvent(Node.java:8875)
	at com.sun.javafx.scene.control.behavior.TextFieldBehavior.fire(TextFieldBehavior.java:161)
	at com.sun.javafx.scene.control.behavior.TextInputControlBehavior.lambda$keyMapping$62(TextInputControlBehavior.java:344)
	at com.sun.javafx.scene.control.inputmap.InputMap.handle(InputMap.java:274)
	at com.sun.javafx.event.CompositeEventHandler$NormalEventHandlerRecord.handleBubblingEvent(CompositeEventHandler.java:247)
	at com.sun.javafx.event.CompositeEventHandler.dispatchBubblingEvent(CompositeEventHandler.java:80)
	at com.sun.javafx.event.EventHandlerManager.dispatchBubblingEvent(EventHandlerManager.java:232)
	at com.sun.javafx.event.EventHandlerManager.dispatchBubblingEvent(EventHandlerManager.java:189)
	at com.sun.javafx.event.CompositeEventDispatcher.dispatchBubblingEvent(CompositeEventDispatcher.java:59)
	at com.sun.javafx.event.BasicEventDispatcher.dispatchEvent(BasicEventDispatcher.java:58)
	at com.sun.javafx.event.EventDispatchChainImpl.dispatchEvent(EventDispatchChainImpl.java:114)
	at com.sun.javafx.event.BasicEventDispatcher.dispatchEvent(BasicEventDispatcher.java:56)
	at com.sun.javafx.event.EventDispatchChainImpl.dispatchEvent(EventDispatchChainImpl.java:114)
	at com.sun.javafx.event.BasicEventDispatcher.dispatchEvent(BasicEventDispatcher.java:56)
	at com.sun.javafx.event.EventDispatchChainImpl.dispatchEvent(EventDispatchChainImpl.java:114)
	at com.sun.javafx.event.EventUtil.fireEventImpl(EventUtil.java:74)
	at com.sun.javafx.event.EventUtil.fireEvent(EventUtil.java:54)
	at javafx.event.Event.fireEvent(Event.java:198)
	at javafx.scene.Scene.processKeyEvent(Scene.java:2194)
	at javafx.scene.Scene$ScenePeerListener.keyEvent(Scene.java:2715)
	at com.sun.javafx.tk.quantum.GlassViewEventHandler$KeyEventNotification.run(GlassViewEventHandler.java:218)
	at com.sun.javafx.tk.quantum.GlassViewEventHandler$KeyEventNotification.run(GlassViewEventHandler.java:150)
	at java.base/java.security.AccessController.doPrivileged(AccessController.java:400)
	at com.sun.javafx.tk.quantum.GlassViewEventHandler.lambda$handleKeyEvent$1(GlassViewEventHandler.java:250)
	at com.sun.javafx.tk.quantum.QuantumToolkit.runWithoutRenderLock(QuantumToolkit.java:424)
	at com.sun.javafx.tk.quantum.GlassViewEventHandler.handleKeyEvent(GlassViewEventHandler.java:249)
	at com.sun.glass.ui.View.handleKeyEvent(View.java:542)
	at com.sun.glass.ui.View.notifyKey(View.java:966)
	at com.sun.glass.ui.win.WinApplication._runLoop(Native Method)
	at com.sun.glass.ui.win.WinApplication.lambda$runLoop$3(WinApplication.java:185)
	at java.base/java.lang.Thread.run(Thread.java:1583)
Caused by: java.sql.SQLException: (conn=10) Cannot change column 'maPhong': used in a foreign key constraint '2'
	at org.mariadb.jdbc.export.ExceptionFactory.createException(ExceptionFactory.java:306)
	at org.mariadb.jdbc.export.ExceptionFactory.create(ExceptionFactory.java:378)
	at org.mariadb.jdbc.message.ClientMessage.readPacket(ClientMessage.java:172)
	at org.mariadb.jdbc.client.impl.StandardClient.readPacket(StandardClient.java:915)
	at org.mariadb.jdbc.client.impl.StandardClient.readResults(StandardClient.java:854)
	at org.mariadb.jdbc.client.impl.StandardClient.readResponse(StandardClient.java:773)
	at org.mariadb.jdbc.client.impl.StandardClient.execute(StandardClient.java:697)
	at org.mariadb.jdbc.Statement.executeInternal(Statement.java:1035)
	at org.mariadb.jdbc.Statement.execute(Statement.java:1165)
	at org.mariadb.jdbc.Statement.execute(Statement.java:493)
	at org.hibernate.tool.schema.internal.exec.GenerationTargetToDatabase.accept(GenerationTargetToDatabase.java:80)
	... 68 common frames omitted
2026-05-07 00:23:32.646 [JavaFX Application Thread] DEBUG org.hibernate.SQL - 
    [34malter[0m [34mtable[0m [34mif[0m [34mexists[0m Phong 
       modify [34mcolumn[0m maPhong [34mvarchar[0m(4) [34mnot[0m [34mnull[0m
2026-05-07 00:23:32.650 [JavaFX Application Thread] WARN  o.m.jdbc.message.server.ErrorPacket - Error: 1833-HY000: Cannot change column 'maPhong': used in a foreign key constraint '4' of table 'qlkhachsantatp_db.hoadon'
2026-05-07 00:23:32.651 [JavaFX Application Thread] WARN  o.h.t.s.i.ExceptionHandlerLoggedImpl - GenerationTarget encountered exception accepting command : Error executing DDL "
    alter table if exists Phong 
       modify column maPhong varchar(4) not null" via JDBC [(conn=10) Cannot change column 'maPhong': used in a foreign key constraint '4' of table 'qlkhachsantatp_db.hoadon']
org.hibernate.tool.schema.spi.CommandAcceptanceException: Error executing DDL "
    alter table if exists Phong 
       modify column maPhong varchar(4) not null" via JDBC [(conn=10) Cannot change column 'maPhong': used in a foreign key constraint '4' of table 'qlkhachsantatp_db.hoadon']
	at org.hibernate.tool.schema.internal.exec.GenerationTargetToDatabase.accept(GenerationTargetToDatabase.java:94)
	at org.hibernate.tool.schema.internal.AbstractSchemaMigrator.applySqlString(AbstractSchemaMigrator.java:574)
	at org.hibernate.tool.schema.internal.AbstractSchemaMigrator.applySqlStrings(AbstractSchemaMigrator.java:514)
	at org.hibernate.tool.schema.internal.AbstractSchemaMigrator.migrateTable(AbstractSchemaMigrator.java:333)
	at org.hibernate.tool.schema.internal.GroupedSchemaMigratorImpl.performTablesMigration(GroupedSchemaMigratorImpl.java:84)
	at org.hibernate.tool.schema.internal.AbstractSchemaMigrator.performMigration(AbstractSchemaMigrator.java:232)
	at org.hibernate.tool.schema.internal.AbstractSchemaMigrator.doMigration(AbstractSchemaMigrator.java:117)
	at org.hibernate.tool.schema.spi.SchemaManagementToolCoordinator.performDatabaseAction(SchemaManagementToolCoordinator.java:286)
	at org.hibernate.tool.schema.spi.SchemaManagementToolCoordinator.lambda$process$5(SchemaManagementToolCoordinator.java:145)
	at java.base/java.util.HashMap.forEach(HashMap.java:1429)
	at org.hibernate.tool.schema.spi.SchemaManagementToolCoordinator.process(SchemaManagementToolCoordinator.java:142)
	at org.hibernate.boot.internal.SessionFactoryObserverForSchemaExport.sessionFactoryCreated(SessionFactoryObserverForSchemaExport.java:37)
	at org.hibernate.internal.SessionFactoryObserverChain.sessionFactoryCreated(SessionFactoryObserverChain.java:35)
	at org.hibernate.internal.SessionFactoryImpl.<init>(SessionFactoryImpl.java:315)
	at org.hibernate.boot.internal.SessionFactoryBuilderImpl.build(SessionFactoryBuilderImpl.java:450)
	at org.hibernate.jpa.boot.internal.EntityManagerFactoryBuilderImpl.build(EntityManagerFactoryBuilderImpl.java:1507)
	at org.hibernate.jpa.HibernatePersistenceProvider.createEntityManagerFactory(HibernatePersistenceProvider.java:55)
	at jakarta.persistence.Persistence.createEntityManagerFactory(Persistence.java:80)
	at jakarta.persistence.Persistence.createEntityManagerFactory(Persistence.java:55)
	at iuh.fit.infrastructure.db.JpaConfig.getEntityManagerFactory(JpaConfig.java:48)
	at iuh.fit.infrastructure.db.JpaConfig.getEntityManager(JpaConfig.java:67)
	at iuh.fit.infrastructure.persistence.TaiKhoanRepositoryImpl.findByTaiKhoan(TaiKhoanRepositoryImpl.java:37)
	at iuh.fit.core.service.impl.AuthenticationServiceImpl.login(AuthenticationServiceImpl.java:46)
	at iuh.fit.presentation.controller.LoginController.handleLogin(LoginController.java:284)
	at iuh.fit.presentation.controller.LoginController.lambda$createLoginScene$7(LoginController.java:254)
	at com.sun.javafx.event.CompositeEventHandler.dispatchBubblingEvent(CompositeEventHandler.java:86)
	at com.sun.javafx.event.EventHandlerManager.dispatchBubblingEvent(EventHandlerManager.java:232)
	at com.sun.javafx.event.EventHandlerManager.dispatchBubblingEvent(EventHandlerManager.java:189)
	at com.sun.javafx.event.CompositeEventDispatcher.dispatchBubblingEvent(CompositeEventDispatcher.java:59)
	at com.sun.javafx.event.BasicEventDispatcher.dispatchEvent(BasicEventDispatcher.java:58)
	at com.sun.javafx.event.EventDispatchChainImpl.dispatchEvent(EventDispatchChainImpl.java:114)
	at com.sun.javafx.event.BasicEventDispatcher.dispatchEvent(BasicEventDispatcher.java:56)
	at com.sun.javafx.event.EventDispatchChainImpl.dispatchEvent(EventDispatchChainImpl.java:114)
	at com.sun.javafx.event.BasicEventDispatcher.dispatchEvent(BasicEventDispatcher.java:56)
	at com.sun.javafx.event.EventDispatchChainImpl.dispatchEvent(EventDispatchChainImpl.java:114)
	at com.sun.javafx.event.EventUtil.fireEventImpl(EventUtil.java:74)
	at com.sun.javafx.event.EventUtil.fireEvent(EventUtil.java:49)
	at javafx.event.Event.fireEvent(Event.java:198)
	at javafx.scene.Node.fireEvent(Node.java:8875)
	at com.sun.javafx.scene.control.behavior.TextFieldBehavior.fire(TextFieldBehavior.java:161)
	at com.sun.javafx.scene.control.behavior.TextInputControlBehavior.lambda$keyMapping$62(TextInputControlBehavior.java:344)
	at com.sun.javafx.scene.control.inputmap.InputMap.handle(InputMap.java:274)
	at com.sun.javafx.event.CompositeEventHandler$NormalEventHandlerRecord.handleBubblingEvent(CompositeEventHandler.java:247)
	at com.sun.javafx.event.CompositeEventHandler.dispatchBubblingEvent(CompositeEventHandler.java:80)
	at com.sun.javafx.event.EventHandlerManager.dispatchBubblingEvent(EventHandlerManager.java:232)
	at com.sun.javafx.event.EventHandlerManager.dispatchBubblingEvent(EventHandlerManager.java:189)
	at com.sun.javafx.event.CompositeEventDispatcher.dispatchBubblingEvent(CompositeEventDispatcher.java:59)
	at com.sun.javafx.event.BasicEventDispatcher.dispatchEvent(BasicEventDispatcher.java:58)
	at com.sun.javafx.event.EventDispatchChainImpl.dispatchEvent(EventDispatchChainImpl.java:114)
	at com.sun.javafx.event.BasicEventDispatcher.dispatchEvent(BasicEventDispatcher.java:56)
	at com.sun.javafx.event.EventDispatchChainImpl.dispatchEvent(EventDispatchChainImpl.java:114)
	at com.sun.javafx.event.BasicEventDispatcher.dispatchEvent(BasicEventDispatcher.java:56)
	at com.sun.javafx.event.EventDispatchChainImpl.dispatchEvent(EventDispatchChainImpl.java:114)
	at com.sun.javafx.event.EventUtil.fireEventImpl(EventUtil.java:74)
	at com.sun.javafx.event.EventUtil.fireEvent(EventUtil.java:54)
	at javafx.event.Event.fireEvent(Event.java:198)
	at javafx.scene.Scene.processKeyEvent(Scene.java:2194)
	at javafx.scene.Scene$ScenePeerListener.keyEvent(Scene.java:2715)
	at com.sun.javafx.tk.quantum.GlassViewEventHandler$KeyEventNotification.run(GlassViewEventHandler.java:218)
	at com.sun.javafx.tk.quantum.GlassViewEventHandler$KeyEventNotification.run(GlassViewEventHandler.java:150)
	at java.base/java.security.AccessController.doPrivileged(AccessController.java:400)
	at com.sun.javafx.tk.quantum.GlassViewEventHandler.lambda$handleKeyEvent$1(GlassViewEventHandler.java:250)
	at com.sun.javafx.tk.quantum.QuantumToolkit.runWithoutRenderLock(QuantumToolkit.java:424)
	at com.sun.javafx.tk.quantum.GlassViewEventHandler.handleKeyEvent(GlassViewEventHandler.java:249)
	at com.sun.glass.ui.View.handleKeyEvent(View.java:542)
	at com.sun.glass.ui.View.notifyKey(View.java:966)
	at com.sun.glass.ui.win.WinApplication._runLoop(Native Method)
	at com.sun.glass.ui.win.WinApplication.lambda$runLoop$3(WinApplication.java:185)
	at java.base/java.lang.Thread.run(Thread.java:1583)
Caused by: java.sql.SQLException: (conn=10) Cannot change column 'maPhong': used in a foreign key constraint '4' of table 'qlkhachsantatp_db.hoadon'
	at org.mariadb.jdbc.export.ExceptionFactory.createException(ExceptionFactory.java:306)
	at org.mariadb.jdbc.export.ExceptionFactory.create(ExceptionFactory.java:378)
	at org.mariadb.jdbc.message.ClientMessage.readPacket(ClientMessage.java:172)
	at org.mariadb.jdbc.client.impl.StandardClient.readPacket(StandardClient.java:915)
	at org.mariadb.jdbc.client.impl.StandardClient.readResults(StandardClient.java:854)
	at org.mariadb.jdbc.client.impl.StandardClient.readResponse(StandardClient.java:773)
	at org.mariadb.jdbc.client.impl.StandardClient.execute(StandardClient.java:697)
	at org.mariadb.jdbc.Statement.executeInternal(Statement.java:1035)
	at org.mariadb.jdbc.Statement.execute(Statement.java:1165)
	at org.mariadb.jdbc.Statement.execute(Statement.java:493)
	at org.hibernate.tool.schema.internal.exec.GenerationTargetToDatabase.accept(GenerationTargetToDatabase.java:80)
	... 68 common frames omitted
2026-05-07 00:23:32.654 [JavaFX Application Thread] DEBUG org.hibernate.SQL - 
    [34malter[0m [34mtable[0m [34mif[0m [34mexists[0m TaiKhoan 
       modify [34mcolumn[0m maNhanVien [34mvarchar[0m(20)
2026-05-07 00:23:32.660 [JavaFX Application Thread] WARN  o.m.jdbc.message.server.ErrorPacket - Error: 1832-HY000: Cannot change column 'maNhanVien': used in a foreign key constraint 'FK_TaiKhoan_NhanVien'
2026-05-07 00:23:32.660 [JavaFX Application Thread] WARN  o.h.t.s.i.ExceptionHandlerLoggedImpl - GenerationTarget encountered exception accepting command : Error executing DDL "
    alter table if exists TaiKhoan 
       modify column maNhanVien varchar(20)" via JDBC [(conn=10) Cannot change column 'maNhanVien': used in a foreign key constraint 'FK_TaiKhoan_NhanVien']
org.hibernate.tool.schema.spi.CommandAcceptanceException: Error executing DDL "
    alter table if exists TaiKhoan 
       modify column maNhanVien varchar(20)" via JDBC [(conn=10) Cannot change column 'maNhanVien': used in a foreign key constraint 'FK_TaiKhoan_NhanVien']
	at org.hibernate.tool.schema.internal.exec.GenerationTargetToDatabase.accept(GenerationTargetToDatabase.java:94)
	at org.hibernate.tool.schema.internal.AbstractSchemaMigrator.applySqlString(AbstractSchemaMigrator.java:574)
	at org.hibernate.tool.schema.internal.AbstractSchemaMigrator.applySqlStrings(AbstractSchemaMigrator.java:514)
	at org.hibernate.tool.schema.internal.AbstractSchemaMigrator.migrateTable(AbstractSchemaMigrator.java:333)
	at org.hibernate.tool.schema.internal.GroupedSchemaMigratorImpl.performTablesMigration(GroupedSchemaMigratorImpl.java:84)
	at org.hibernate.tool.schema.internal.AbstractSchemaMigrator.performMigration(AbstractSchemaMigrator.java:232)
	at org.hibernate.tool.schema.internal.AbstractSchemaMigrator.doMigration(AbstractSchemaMigrator.java:117)
	at org.hibernate.tool.schema.spi.SchemaManagementToolCoordinator.performDatabaseAction(SchemaManagementToolCoordinator.java:286)
	at org.hibernate.tool.schema.spi.SchemaManagementToolCoordinator.lambda$process$5(SchemaManagementToolCoordinator.java:145)
	at java.base/java.util.HashMap.forEach(HashMap.java:1429)
	at org.hibernate.tool.schema.spi.SchemaManagementToolCoordinator.process(SchemaManagementToolCoordinator.java:142)
	at org.hibernate.boot.internal.SessionFactoryObserverForSchemaExport.sessionFactoryCreated(SessionFactoryObserverForSchemaExport.java:37)
	at org.hibernate.internal.SessionFactoryObserverChain.sessionFactoryCreated(SessionFactoryObserverChain.java:35)
	at org.hibernate.internal.SessionFactoryImpl.<init>(SessionFactoryImpl.java:315)
	at org.hibernate.boot.internal.SessionFactoryBuilderImpl.build(SessionFactoryBuilderImpl.java:450)
	at org.hibernate.jpa.boot.internal.EntityManagerFactoryBuilderImpl.build(EntityManagerFactoryBuilderImpl.java:1507)
	at org.hibernate.jpa.HibernatePersistenceProvider.createEntityManagerFactory(HibernatePersistenceProvider.java:55)
	at jakarta.persistence.Persistence.createEntityManagerFactory(Persistence.java:80)
	at jakarta.persistence.Persistence.createEntityManagerFactory(Persistence.java:55)
	at iuh.fit.infrastructure.db.JpaConfig.getEntityManagerFactory(JpaConfig.java:48)
	at iuh.fit.infrastructure.db.JpaConfig.getEntityManager(JpaConfig.java:67)
	at iuh.fit.infrastructure.persistence.TaiKhoanRepositoryImpl.findByTaiKhoan(TaiKhoanRepositoryImpl.java:37)
	at iuh.fit.core.service.impl.AuthenticationServiceImpl.login(AuthenticationServiceImpl.java:46)
	at iuh.fit.presentation.controller.LoginController.handleLogin(LoginController.java:284)
	at iuh.fit.presentation.controller.LoginController.lambda$createLoginScene$7(LoginController.java:254)
	at com.sun.javafx.event.CompositeEventHandler.dispatchBubblingEvent(CompositeEventHandler.java:86)
	at com.sun.javafx.event.EventHandlerManager.dispatchBubblingEvent(EventHandlerManager.java:232)
	at com.sun.javafx.event.EventHandlerManager.dispatchBubblingEvent(EventHandlerManager.java:189)
	at com.sun.javafx.event.CompositeEventDispatcher.dispatchBubblingEvent(CompositeEventDispatcher.java:59)
	at com.sun.javafx.event.BasicEventDispatcher.dispatchEvent(BasicEventDispatcher.java:58)
	at com.sun.javafx.event.EventDispatchChainImpl.dispatchEvent(EventDispatchChainImpl.java:114)
	at com.sun.javafx.event.BasicEventDispatcher.dispatchEvent(BasicEventDispatcher.java:56)
	at com.sun.javafx.event.EventDispatchChainImpl.dispatchEvent(EventDispatchChainImpl.java:114)
	at com.sun.javafx.event.BasicEventDispatcher.dispatchEvent(BasicEventDispatcher.java:56)
	at com.sun.javafx.event.EventDispatchChainImpl.dispatchEvent(EventDispatchChainImpl.java:114)
	at com.sun.javafx.event.EventUtil.fireEventImpl(EventUtil.java:74)
	at com.sun.javafx.event.EventUtil.fireEvent(EventUtil.java:49)
	at javafx.event.Event.fireEvent(Event.java:198)
	at javafx.scene.Node.fireEvent(Node.java:8875)
	at com.sun.javafx.scene.control.behavior.TextFieldBehavior.fire(TextFieldBehavior.java:161)
	at com.sun.javafx.scene.control.behavior.TextInputControlBehavior.lambda$keyMapping$62(TextInputControlBehavior.java:344)
	at com.sun.javafx.scene.control.inputmap.InputMap.handle(InputMap.java:274)
	at com.sun.javafx.event.CompositeEventHandler$NormalEventHandlerRecord.handleBubblingEvent(CompositeEventHandler.java:247)
	at com.sun.javafx.event.CompositeEventHandler.dispatchBubblingEvent(CompositeEventHandler.java:80)
	at com.sun.javafx.event.EventHandlerManager.dispatchBubblingEvent(EventHandlerManager.java:232)
	at com.sun.javafx.event.EventHandlerManager.dispatchBubblingEvent(EventHandlerManager.java:189)
	at com.sun.javafx.event.CompositeEventDispatcher.dispatchBubblingEvent(CompositeEventDispatcher.java:59)
	at com.sun.javafx.event.BasicEventDispatcher.dispatchEvent(BasicEventDispatcher.java:58)
	at com.sun.javafx.event.EventDispatchChainImpl.dispatchEvent(EventDispatchChainImpl.java:114)
	at com.sun.javafx.event.BasicEventDispatcher.dispatchEvent(BasicEventDispatcher.java:56)
	at com.sun.javafx.event.EventDispatchChainImpl.dispatchEvent(EventDispatchChainImpl.java:114)
	at com.sun.javafx.event.BasicEventDispatcher.dispatchEvent(BasicEventDispatcher.java:56)
	at com.sun.javafx.event.EventDispatchChainImpl.dispatchEvent(EventDispatchChainImpl.java:114)
	at com.sun.javafx.event.EventUtil.fireEventImpl(EventUtil.java:74)
	at com.sun.javafx.event.EventUtil.fireEvent(EventUtil.java:54)
	at javafx.event.Event.fireEvent(Event.java:198)
	at javafx.scene.Scene.processKeyEvent(Scene.java:2194)
	at javafx.scene.Scene$ScenePeerListener.keyEvent(Scene.java:2715)
	at com.sun.javafx.tk.quantum.GlassViewEventHandler$KeyEventNotification.run(GlassViewEventHandler.java:218)
	at com.sun.javafx.tk.quantum.GlassViewEventHandler$KeyEventNotification.run(GlassViewEventHandler.java:150)
	at java.base/java.security.AccessController.doPrivileged(AccessController.java:400)
	at com.sun.javafx.tk.quantum.GlassViewEventHandler.lambda$handleKeyEvent$1(GlassViewEventHandler.java:250)
	at com.sun.javafx.tk.quantum.QuantumToolkit.runWithoutRenderLock(QuantumToolkit.java:424)
	at com.sun.javafx.tk.quantum.GlassViewEventHandler.handleKeyEvent(GlassViewEventHandler.java:249)
	at com.sun.glass.ui.View.handleKeyEvent(View.java:542)
	at com.sun.glass.ui.View.notifyKey(View.java:966)
	at com.sun.glass.ui.win.WinApplication._runLoop(Native Method)
	at com.sun.glass.ui.win.WinApplication.lambda$runLoop$3(WinApplication.java:185)
	at java.base/java.lang.Thread.run(Thread.java:1583)
Caused by: java.sql.SQLException: (conn=10) Cannot change column 'maNhanVien': used in a foreign key constraint 'FK_TaiKhoan_NhanVien'
	at org.mariadb.jdbc.export.ExceptionFactory.createException(ExceptionFactory.java:306)
	at org.mariadb.jdbc.export.ExceptionFactory.create(ExceptionFactory.java:378)
	at org.mariadb.jdbc.message.ClientMessage.readPacket(ClientMessage.java:172)
	at org.mariadb.jdbc.client.impl.StandardClient.readPacket(StandardClient.java:915)
	at org.mariadb.jdbc.client.impl.StandardClient.readResults(StandardClient.java:854)
	at org.mariadb.jdbc.client.impl.StandardClient.readResponse(StandardClient.java:773)
	at org.mariadb.jdbc.client.impl.StandardClient.execute(StandardClient.java:697)
	at org.mariadb.jdbc.Statement.executeInternal(Statement.java:1035)
	at org.mariadb.jdbc.Statement.execute(Statement.java:1165)
	at org.mariadb.jdbc.Statement.execute(Statement.java:493)
	at org.hibernate.tool.schema.internal.exec.GenerationTargetToDatabase.accept(GenerationTargetToDatabase.java:80)
	... 68 common frames omitted
2026-05-07 00:23:33.299 [JavaFX Application Thread] DEBUG org.hibernate.SQL - 
    [34mselect[0m
        tk1_0.tenDangNhap,
        tk1_0.matKhau,
        tk1_0.maNhanVien,
        tk1_0.trangThaiTK 
    [34mfrom[0m
        TaiKhoan tk1_0 
    [34mwhere[0m
        tk1_0.tenDangNhap=?
2026-05-07 00:23:33.329 [JavaFX Application Thread] DEBUG org.hibernate.SQL - 
    [34mselect[0m
        nv1_0.maNhanVien,
        nv1_0.cccd,
        nv1_0.gioiTinh,
        nv1_0.hoTen,
        nv1_0.loaiNhanVien,
        nv1_0.ngaySinh,
        nv1_0.ngayVaoLam,
        nv1_0.queQuan,
        nv1_0.soDienThoai,
        nv1_0.trangThai 
    [34mfrom[0m
        NhanVien nv1_0 
    [34mwhere[0m
        nv1_0.maNhanVien=?
2026-05-07 00:23:34.432 [dashboard-load] DEBUG org.hibernate.SQL - 
    [34mselect[0m
        p1_0.maPhong,
        p1_0.giaPhong,
        p1_0.maLoaiPhong,
        p1_0.tenPhong,
        p1_0.tinhTrang 
    [34mfrom[0m
        Phong p1_0
2026-05-07 00:23:42.832 [JavaFX Application Thread] DEBUG org.hibernate.SQL - 
    [34mselect[0m
        kh1_0.maKhachHang,
        kh1_0.hoTen,
        kh1_0.loaiKhachHang,
        kh1_0.ngaySinh,
        kh1_0.soDienThoai 
    [34mfrom[0m
        KhachHang kh1_0
2026-05-07 00:23:51.202 [JavaFX Application Thread] DEBUG org.hibernate.SQL - 
    [34mselect[0m
        p1_0.maPhong,
        p1_0.giaPhong,
        p1_0.maLoaiPhong,
        p1_0.tenPhong,
        p1_0.tinhTrang 
    [34mfrom[0m
        Phong p1_0 
    [34mwhere[0m
        p1_0.maPhong=?
2026-05-07 00:24:04.183 [JavaFX Application Thread] DEBUG org.hibernate.SQL - 
    [34mselect[0m
        kh1_0.maKhachHang,
        kh1_0.hoTen,
        kh1_0.loaiKhachHang,
        kh1_0.ngaySinh,
        kh1_0.soDienThoai 
    [34mfrom[0m
        KhachHang kh1_0
2026-05-07 00:24:09.430 [JavaFX Application Thread] DEBUG org.hibernate.SQL - 
    [34mselect[0m
        p1_0.maPhong,
        p1_0.giaPhong,
        p1_0.maLoaiPhong,
        p1_0.tenPhong,
        p1_0.tinhTrang 
    [34mfrom[0m
        Phong p1_0 
    [34mwhere[0m
        p1_0.maPhong=?
2026-05-07 00:24:10.999 [JavaFX Application Thread] DEBUG org.hibernate.SQL - 
    [34mselect[0m
        p1_0.maPhong,
        p1_0.giaPhong,
        p1_0.maLoaiPhong,
        p1_0.tenPhong,
        p1_0.tinhTrang 
    [34mfrom[0m
        Phong p1_0 
    [34mwhere[0m
        p1_0.maPhong=?
2026-05-07 00:24:11.027 [JavaFX Application Thread] DEBUG org.hibernate.SQL - 
    [34mupdate[0m
        Phong 
    [34mset[0m
        giaPhong=?,
        maLoaiPhong=?,
        tenPhong=?,
        tinhTrang=? 
    [34mwhere[0m
        maPhong=?
2026-05-07 00:24:12.211 [dashboard-load] DEBUG org.hibernate.SQL - 
    [34mselect[0m
        p1_0.maPhong,
        p1_0.giaPhong,
        p1_0.maLoaiPhong,
        p1_0.tenPhong,
        p1_0.tinhTrang 
    [34mfrom[0m
        Phong p1_0
2026-05-07 00:24:18.853 [JavaFX Application Thread] DEBUG org.hibernate.SQL - 
    [34mselect[0m
        pdp1_0.maPhieu,
        pdp1_0.maKhachHang,
        pdp1_0.maNhanVien,
        pdp1_0.maPhong,
        pdp1_0.ngayDat,
        pdp1_0.ngayNhan,
        pdp1_0.ngayTra,
        pdp1_0.tongTien,
        pdp1_0.trangThai 
    [34mfrom[0m
        PhieuDatPhong pdp1_0 
    [34mwhere[0m
        pdp1_0.maPhong=?
2026-05-07 00:24:26.438 [Thread-4] DEBUG org.hibernate.SQL - 
    [34mselect[0m
        pdp1_0.maPhieu,
        pdp1_0.maKhachHang,
        pdp1_0.maNhanVien,
        pdp1_0.maPhong,
        pdp1_0.ngayDat,
        pdp1_0.ngayNhan,
        pdp1_0.ngayTra,
        pdp1_0.tongTien,
        pdp1_0.trangThai 
    [34mfrom[0m
        PhieuDatPhong pdp1_0
2026-05-07 00:24:26.439 [Thread-5] DEBUG org.hibernate.SQL - 
    [34mselect[0m
        pdp1_0.maPhieu,
        pdp1_0.maKhachHang,
        pdp1_0.maNhanVien,
        pdp1_0.maPhong,
        pdp1_0.ngayDat,
        pdp1_0.ngayNhan,
        pdp1_0.ngayTra,
        pdp1_0.tongTien,
        pdp1_0.trangThai 
    [34mfrom[0m
        PhieuDatPhong pdp1_0
2026-05-07 00:24:27.595 [JavaFX Application Thread] DEBUG org.hibernate.SQL - 
    [34mselect[0m
        pdp1_0.maPhieu,
        pdp1_0.maKhachHang,
        pdp1_0.maNhanVien,
        pdp1_0.maPhong,
        pdp1_0.ngayDat,
        pdp1_0.ngayNhan,
        pdp1_0.ngayTra,
        pdp1_0.tongTien,
        pdp1_0.trangThai 
    [34mfrom[0m
        PhieuDatPhong pdp1_0
2026-05-07 00:24:27.601 [JavaFX Application Thread] DEBUG org.hibernate.SQL - 
    [34mselect[0m
        dv1_0.ma_dich_vu,
        dv1_0.gia_tien,
        dv1_0.mo_ta,
        dv1_0.ten_dich_vu 
    [34mfrom[0m
        dich_vu dv1_0
2026-05-07 00:24:38.522 [Thread-6] DEBUG org.hibernate.SQL - 
    [34mselect[0m
        pdp1_0.maPhieu,
        pdp1_0.maKhachHang,
        pdp1_0.maNhanVien,
        pdp1_0.maPhong,
        pdp1_0.ngayDat,
        pdp1_0.ngayNhan,
        pdp1_0.ngayTra,
        pdp1_0.tongTien,
        pdp1_0.trangThai 
    [34mfrom[0m
        PhieuDatPhong pdp1_0
2026-05-07 00:24:38.523 [Thread-7] DEBUG org.hibernate.SQL - 
    [34mselect[0m
        pdp1_0.maPhieu,
        pdp1_0.maKhachHang,
        pdp1_0.maNhanVien,
        pdp1_0.maPhong,
        pdp1_0.ngayDat,
        pdp1_0.ngayNhan,
        pdp1_0.ngayTra,
        pdp1_0.tongTien,
        pdp1_0.trangThai 
    [34mfrom[0m
        PhieuDatPhong pdp1_0
2026-05-07 00:24:39.346 [JavaFX Application Thread] DEBUG org.hibernate.SQL - 
    [34mselect[0m
        hd1_0.ma_hoa_don,
        hd1_0.chiet_khau,
        hd1_0.ghi_chu,
        hd1_0.ngay_tao,
        hd1_0.ma_phieu_dat,
        hd1_0.thue_vat,
        hd1_0.tong_tien,
        hd1_0.trang_thai_thanh_toan 
    [34mfrom[0m
        hoa_don hd1_0 
    [34mwhere[0m
        hd1_0.ngay_tao>=? 
        [34mand[0m hd1_0.ngay_tao<=? 
    [34morder[0m [34mby[0m
        hd1_0.ngay_tao desc
2026-05-07 00:24:39.360 [JavaFX Application Thread] DEBUG org.hibernate.SQL - 
    [34mselect[0m
        hd1_0.ma_hoa_don,
        hd1_0.chiet_khau,
        hd1_0.ghi_chu,
        hd1_0.ngay_tao,
        hd1_0.ma_phieu_dat,
        hd1_0.thue_vat,
        hd1_0.tong_tien,
        hd1_0.trang_thai_thanh_toan 
    [34mfrom[0m
        hoa_don hd1_0 
    [34mwhere[0m
        hd1_0.ngay_tao>=? 
        [34mand[0m hd1_0.ngay_tao<=? 
    [34morder[0m [34mby[0m
        hd1_0.ngay_tao desc
2026-05-07 00:24:40.575 [Thread-9] DEBUG org.hibernate.SQL - 
    [34mselect[0m
        pdp1_0.maPhieu,
        pdp1_0.maKhachHang,
        pdp1_0.maNhanVien,
        pdp1_0.maPhong,
        pdp1_0.ngayDat,
        pdp1_0.ngayNhan,
        pdp1_0.ngayTra,
        pdp1_0.tongTien,
        pdp1_0.trangThai 
    [34mfrom[0m
        PhieuDatPhong pdp1_0
2026-05-07 00:24:40.575 [Thread-8] DEBUG org.hibernate.SQL - 
    [34mselect[0m
        pdp1_0.maPhieu,
        pdp1_0.maKhachHang,
        pdp1_0.maNhanVien,
        pdp1_0.maPhong,
        pdp1_0.ngayDat,
        pdp1_0.ngayNhan,
        pdp1_0.ngayTra,
        pdp1_0.tongTien,
        pdp1_0.trangThai 
    [34mfrom[0m
        PhieuDatPhong pdp1_0
2026-05-07 00:24:41.755 [JavaFX Application Thread] DEBUG org.hibernate.SQL - 
    [34mselect[0m
        p1_0.maPhong,
        p1_0.giaPhong,
        p1_0.maLoaiPhong,
        p1_0.tenPhong,
        p1_0.tinhTrang 
    [34mfrom[0m
        Phong p1_0
2026-05-07 00:24:43.486 [Thread-10] DEBUG org.hibernate.SQL - 
    [34mselect[0m
        pdp1_0.maPhieu,
        pdp1_0.maKhachHang,
        pdp1_0.maNhanVien,
        pdp1_0.maPhong,
        pdp1_0.ngayDat,
        pdp1_0.ngayNhan,
        pdp1_0.ngayTra,
        pdp1_0.tongTien,
        pdp1_0.trangThai 
    [34mfrom[0m
        PhieuDatPhong pdp1_0
2026-05-07 00:24:43.486 [Thread-11] DEBUG org.hibernate.SQL - 
    [34mselect[0m
        pdp1_0.maPhieu,
        pdp1_0.maKhachHang,
        pdp1_0.maNhanVien,
        pdp1_0.maPhong,
        pdp1_0.ngayDat,
        pdp1_0.ngayNhan,
        pdp1_0.ngayTra,
        pdp1_0.tongTien,
        pdp1_0.trangThai 
    [34mfrom[0m
        PhieuDatPhong pdp1_0
2026-05-07 00:24:44.052 [dashboard-load] DEBUG org.hibernate.SQL - 
    [34mselect[0m
        p1_0.maPhong,
        p1_0.giaPhong,
        p1_0.maLoaiPhong,
        p1_0.tenPhong,
        p1_0.tinhTrang 
    [34mfrom[0m
        Phong p1_0
2026-05-07 00:24:54.506 [JavaFX Application Thread] DEBUG org.hibernate.SQL - 
    [34mselect[0m
        p1_0.maPhong,
        p1_0.giaPhong,
        p1_0.maLoaiPhong,
        p1_0.tenPhong,
        p1_0.tinhTrang 
    [34mfrom[0m
        Phong p1_0
2026-05-07 00:24:55.281 [Thread-13] DEBUG org.hibernate.SQL - 
    [34mselect[0m
        pdp1_0.maPhieu,
        pdp1_0.maKhachHang,
        pdp1_0.maNhanVien,
        pdp1_0.maPhong,
        pdp1_0.ngayDat,
        pdp1_0.ngayNhan,
        pdp1_0.ngayTra,
        pdp1_0.tongTien,
        pdp1_0.trangThai 
    [34mfrom[0m
        PhieuDatPhong pdp1_0
2026-05-07 00:24:55.280 [Thread-12] DEBUG org.hibernate.SQL - 
    [34mselect[0m
        pdp1_0.maPhieu,
        pdp1_0.maKhachHang,
        pdp1_0.maNhanVien,
        pdp1_0.maPhong,
        pdp1_0.ngayDat,
        pdp1_0.ngayNhan,
        pdp1_0.ngayTra,
        pdp1_0.tongTien,
        pdp1_0.trangThai 
    [34mfrom[0m
        PhieuDatPhong pdp1_0
2026-05-07 00:24:55.894 [JavaFX Application Thread] DEBUG org.hibernate.SQL - 
    [34mselect[0m
        hd1_0.ma_hoa_don,
        hd1_0.chiet_khau,
        hd1_0.ghi_chu,
        hd1_0.ngay_tao,
        hd1_0.ma_phieu_dat,
        hd1_0.thue_vat,
        hd1_0.tong_tien,
        hd1_0.trang_thai_thanh_toan 
    [34mfrom[0m
        hoa_don hd1_0 
    [34mwhere[0m
        hd1_0.ngay_tao>=? 
        [34mand[0m hd1_0.ngay_tao<=? 
    [34morder[0m [34mby[0m
        hd1_0.ngay_tao desc
2026-05-07 00:24:55.900 [JavaFX Application Thread] DEBUG org.hibernate.SQL - 
    [34mselect[0m
        hd1_0.ma_hoa_don,
        hd1_0.chiet_khau,
        hd1_0.ghi_chu,
        hd1_0.ngay_tao,
        hd1_0.ma_phieu_dat,
        hd1_0.thue_vat,
        hd1_0.tong_tien,
        hd1_0.trang_thai_thanh_toan 
    [34mfrom[0m
        hoa_don hd1_0 
    [34mwhere[0m
        hd1_0.ngay_tao>=? 
        [34mand[0m hd1_0.ngay_tao<=? 
    [34morder[0m [34mby[0m
        hd1_0.ngay_tao desc
2026-05-07 00:24:56.374 [JavaFX Application Thread] DEBUG org.hibernate.SQL - 
    [34mselect[0m
        p1_0.maPhong,
        p1_0.giaPhong,
        p1_0.maLoaiPhong,
        p1_0.tenPhong,
        p1_0.tinhTrang 
    [34mfrom[0m
        Phong p1_0
2026-05-07 00:24:58.763 [Thread-14] DEBUG org.hibernate.SQL - 
    [34mselect[0m
        pdp1_0.maPhieu,
        pdp1_0.maKhachHang,
        pdp1_0.maNhanVien,
        pdp1_0.maPhong,
        pdp1_0.ngayDat,
        pdp1_0.ngayNhan,
        pdp1_0.ngayTra,
        pdp1_0.tongTien,
        pdp1_0.trangThai 
    [34mfrom[0m
        PhieuDatPhong pdp1_0
2026-05-07 00:24:58.763 [Thread-15] DEBUG org.hibernate.SQL - 
    [34mselect[0m
        pdp1_0.maPhieu,
        pdp1_0.maKhachHang,
        pdp1_0.maNhanVien,
        pdp1_0.maPhong,
        pdp1_0.ngayDat,
        pdp1_0.ngayNhan,
        pdp1_0.ngayTra,
        pdp1_0.tongTien,
        pdp1_0.trangThai 
    [34mfrom[0m
        PhieuDatPhong pdp1_0
2026-05-07 00:24:59.990 [JavaFX Application Thread] DEBUG org.hibernate.SQL - 
    [34mselect[0m
        hd1_0.ma_hoa_don,
        hd1_0.chiet_khau,
        hd1_0.ghi_chu,
        hd1_0.ngay_tao,
        hd1_0.ma_phieu_dat,
        hd1_0.thue_vat,
        hd1_0.tong_tien,
        hd1_0.trang_thai_thanh_toan 
    [34mfrom[0m
        hoa_don hd1_0 
    [34mwhere[0m
        hd1_0.ngay_tao>=? 
        [34mand[0m hd1_0.ngay_tao<=? 
    [34morder[0m [34mby[0m
        hd1_0.ngay_tao desc
2026-05-07 00:24:59.995 [JavaFX Application Thread] DEBUG org.hibernate.SQL - 
    [34mselect[0m
        hd1_0.ma_hoa_don,
        hd1_0.chiet_khau,
        hd1_0.ghi_chu,
        hd1_0.ngay_tao,
        hd1_0.ma_phieu_dat,
        hd1_0.thue_vat,
        hd1_0.tong_tien,
        hd1_0.trang_thai_thanh_toan 
    [34mfrom[0m
        hoa_don hd1_0 
    [34mwhere[0m
        hd1_0.ngay_tao>=? 
        [34mand[0m hd1_0.ngay_tao<=? 
    [34morder[0m [34mby[0m
        hd1_0.ngay_tao desc
2026-05-07 00:25:00.485 [Thread-17] DEBUG org.hibernate.SQL - 
    [34mselect[0m
        pdp1_0.maPhieu,
        pdp1_0.maKhachHang,
        pdp1_0.maNhanVien,
        pdp1_0.maPhong,
        pdp1_0.ngayDat,
        pdp1_0.ngayNhan,
        pdp1_0.ngayTra,
        pdp1_0.tongTien,
        pdp1_0.trangThai 
    [34mfrom[0m
        PhieuDatPhong pdp1_0
2026-05-07 00:25:00.486 [Thread-16] DEBUG org.hibernate.SQL - 
    [34mselect[0m
        pdp1_0.maPhieu,
        pdp1_0.maKhachHang,
        pdp1_0.maNhanVien,
        pdp1_0.maPhong,
        pdp1_0.ngayDat,
        pdp1_0.ngayNhan,
        pdp1_0.ngayTra,
        pdp1_0.tongTien,
        pdp1_0.trangThai 
    [34mfrom[0m
        PhieuDatPhong pdp1_0
2026-05-07 00:25:01.413 [JavaFX Application Thread] DEBUG org.hibernate.SQL - 
    [34mselect[0m
        kh1_0.maKhachHang,
        kh1_0.hoTen,
        kh1_0.loaiKhachHang,
        kh1_0.ngaySinh,
        kh1_0.soDienThoai 
    [34mfrom[0m
        KhachHang kh1_0
2026-05-07 00:25:02.147 [JavaFX Application Thread] DEBUG org.hibernate.SQL - 
    [34mselect[0m
        nv1_0.maNhanVien,
        nv1_0.cccd,
        nv1_0.gioiTinh,
        nv1_0.hoTen,
        nv1_0.loaiNhanVien,
        nv1_0.ngaySinh,
        nv1_0.ngayVaoLam,
        nv1_0.queQuan,
        nv1_0.soDienThoai,
        nv1_0.trangThai 
    [34mfrom[0m
        NhanVien nv1_0
2026-05-07 00:25:03.334 [JavaFX Application Thread] DEBUG org.hibernate.SQL - 
    [34mselect[0m
        hd1_0.ma_hoa_don,
        hd1_0.chiet_khau,
        hd1_0.ghi_chu,
        hd1_0.ngay_tao,
        hd1_0.ma_phieu_dat,
        hd1_0.thue_vat,
        hd1_0.tong_tien,
        hd1_0.trang_thai_thanh_toan 
    [34mfrom[0m
        hoa_don hd1_0 
    [34mwhere[0m
        hd1_0.ngay_tao>=? 
        [34mand[0m hd1_0.ngay_tao<=? 
    [34morder[0m [34mby[0m
        hd1_0.ngay_tao desc
2026-05-07 00:25:03.338 [JavaFX Application Thread] DEBUG org.hibernate.SQL - 
    [34mselect[0m
        hd1_0.ma_hoa_don,
        hd1_0.chiet_khau,
        hd1_0.ghi_chu,
        hd1_0.ngay_tao,
        hd1_0.ma_phieu_dat,
        hd1_0.thue_vat,
        hd1_0.tong_tien,
        hd1_0.trang_thai_thanh_toan 
    [34mfrom[0m
        hoa_don hd1_0 
    [34mwhere[0m
        hd1_0.ngay_tao>=? 
        [34mand[0m hd1_0.ngay_tao<=? 
    [34morder[0m [34mby[0m
        hd1_0.ngay_tao desc
2026-05-07 00:25:04.254 [Thread-18] DEBUG org.hibernate.SQL - 
    [34mselect[0m
        pdp1_0.maPhieu,
        pdp1_0.maKhachHang,
        pdp1_0.maNhanVien,
        pdp1_0.maPhong,
        pdp1_0.ngayDat,
        pdp1_0.ngayNhan,
        pdp1_0.ngayTra,
        pdp1_0.tongTien,
        pdp1_0.trangThai 
    [34mfrom[0m
        PhieuDatPhong pdp1_0
2026-05-07 00:25:04.254 [Thread-19] DEBUG org.hibernate.SQL - 
    [34mselect[0m
        pdp1_0.maPhieu,
        pdp1_0.maKhachHang,
        pdp1_0.maNhanVien,
        pdp1_0.maPhong,
        pdp1_0.ngayDat,
        pdp1_0.ngayNhan,
        pdp1_0.ngayTra,
        pdp1_0.tongTien,
        pdp1_0.trangThai 
    [34mfrom[0m
        PhieuDatPhong pdp1_0
2026-05-07 00:25:04.879 [JavaFX Application Thread] DEBUG org.hibernate.SQL - 
    [34mselect[0m
        pdp1_0.maPhieu,
        pdp1_0.maKhachHang,
        pdp1_0.maNhanVien,
        pdp1_0.maPhong,
        pdp1_0.ngayDat,
        pdp1_0.ngayNhan,
        pdp1_0.ngayTra,
        pdp1_0.tongTien,
        pdp1_0.trangThai 
    [34mfrom[0m
        PhieuDatPhong pdp1_0
2026-05-07 00:25:04.884 [JavaFX Application Thread] DEBUG org.hibernate.SQL - 
    [34mselect[0m
        dv1_0.ma_dich_vu,
        dv1_0.gia_tien,
        dv1_0.mo_ta,
        dv1_0.ten_dich_vu 
    [34mfrom[0m
        dich_vu dv1_0
2026-05-07 00:25:05.766 [Thread-21] DEBUG org.hibernate.SQL - 
    [34mselect[0m
        pdp1_0.maPhieu,
        pdp1_0.maKhachHang,
        pdp1_0.maNhanVien,
        pdp1_0.maPhong,
        pdp1_0.ngayDat,
        pdp1_0.ngayNhan,
        pdp1_0.ngayTra,
        pdp1_0.tongTien,
        pdp1_0.trangThai 
    [34mfrom[0m
        PhieuDatPhong pdp1_0
2026-05-07 00:25:05.766 [Thread-20] DEBUG org.hibernate.SQL - 
    [34mselect[0m
        pdp1_0.maPhieu,
        pdp1_0.maKhachHang,
        pdp1_0.maNhanVien,
        pdp1_0.maPhong,
        pdp1_0.ngayDat,
        pdp1_0.ngayNhan,
        pdp1_0.ngayTra,
        pdp1_0.tongTien,
        pdp1_0.trangThai 
    [34mfrom[0m
        PhieuDatPhong pdp1_0
2026-05-07 00:25:06.333 [dashboard-load] DEBUG org.hibernate.SQL - 
    [34mselect[0m
        p1_0.maPhong,
        p1_0.giaPhong,
        p1_0.maLoaiPhong,
        p1_0.tenPhong,
        p1_0.tinhTrang 
    [34mfrom[0m
        Phong p1_0
2026-05-07 00:25:13.348 [JavaFX Application Thread] DEBUG org.hibernate.SQL - 
    [34mselect[0m
        p1_0.maPhong,
        p1_0.giaPhong,
        p1_0.maLoaiPhong,
        p1_0.tenPhong,
        p1_0.tinhTrang 
    [34mfrom[0m
        Phong p1_0 
    [34mwhere[0m
        p1_0.giaPhong [34mbetween[0m ? [34mand[0m ? 
        [34mand[0m p1_0.tinhTrang<>[36m'Bảo Trì'[0m 
        [34mand[0m p1_0.maPhong [34mnot[0m [34min[0m ([34mselect[0m
            pdp1_0.maPhong 
        [34mfrom[0m
            PhieuDatPhong pdp1_0 
        [34mwhere[0m
            pdp1_0.trangThai [34mnot[0m [34min[0m ([36m'DA_HUY'[0m, [36m'DA_TRA_PHONG'[0m) 
            [34mand[0m (pdp1_0.ngayNhan<? 
            [34mand[0m pdp1_0.ngayTra>?))
2026-05-07 00:25:17.888 [JavaFX Application Thread] DEBUG org.hibernate.SQL - 
    [34mselect[0m
        p1_0.maPhong,
        p1_0.giaPhong,
        p1_0.maLoaiPhong,
        p1_0.tenPhong,
        p1_0.tinhTrang 
    [34mfrom[0m
        Phong p1_0 
    [34mwhere[0m
        p1_0.giaPhong [34mbetween[0m ? [34mand[0m ? 
        [34mand[0m p1_0.tinhTrang<>[36m'Bảo Trì'[0m 
        [34mand[0m p1_0.maPhong [34mnot[0m [34min[0m ([34mselect[0m
            pdp1_0.maPhong 
        [34mfrom[0m
            PhieuDatPhong pdp1_0 
        [34mwhere[0m
            pdp1_0.trangThai [34mnot[0m [34min[0m ([36m'DA_HUY'[0m, [36m'DA_TRA_PHONG'[0m) 
            [34mand[0m (pdp1_0.ngayNhan<? 
            [34mand[0m pdp1_0.ngayTra>?))
2026-05-07 00:25:22.246 [dashboard-load] DEBUG org.hibernate.SQL - 
    [34mselect[0m
        p1_0.maPhong,
        p1_0.giaPhong,
        p1_0.maLoaiPhong,
        p1_0.tenPhong,
        p1_0.tinhTrang 
    [34mfrom[0m
        Phong p1_0
2026-05-07 00:25:32.131 [JavaFX Application Thread] DEBUG org.hibernate.SQL - 
    [34mselect[0m
        p1_0.maPhong,
        p1_0.giaPhong,
        p1_0.maLoaiPhong,
        p1_0.tenPhong,
        p1_0.tinhTrang 
    [34mfrom[0m
        Phong p1_0 
    [34mwhere[0m
        p1_0.giaPhong [34mbetween[0m ? [34mand[0m ? 
        [34mand[0m p1_0.tinhTrang<>[36m'Bảo Trì'[0m 
        [34mand[0m p1_0.maPhong [34mnot[0m [34min[0m ([34mselect[0m
            pdp1_0.maPhong 
        [34mfrom[0m
            PhieuDatPhong pdp1_0 
        [34mwhere[0m
            pdp1_0.trangThai [34mnot[0m [34min[0m ([36m'DA_HUY'[0m, [36m'DA_TRA_PHONG'[0m) 
            [34mand[0m (pdp1_0.ngayNhan<? 
            [34mand[0m pdp1_0.ngayTra>?))
